playerID,yearID,stint,teamID,lgID,G,AB,R,H,X2B,X3B,HR,RBI,SB,CS,BB,SO,IBB,HBP,SH,SF,GIDP
aardsda01,2004,1,SFN,NL,11,0,0,0,0,0,0,0.0,0.0,0.0,0,0.0,0.0,0.0,0.0,0.0,0.0
aardsda01,2006,1,CHN,NL,45,2,0,0,0,0,0,0.0,0.0,0.0,0,0.0,0.0,0.0,1.0,0.0,0.0
aardsda01,2007,1,CHA,AL,25,0,0,0,0,0,0,0.0,0.0,0.0,0,0.0,0.0,0.0,0.0,0.0,0.0
aardsda01,2008,1,BOS,AL,47,1,0,0,0,0,0,0.0,0.0,0.0,0,1.0,0.0,0.0,0.0,0.0,0.0
aardsda01,2009,1,SEA,AL,73,0,0,0,0,0,0,0.0,0.0,0.0,0,0.0,0.0,0.0,0.0,0.0,0.0
aardsda01,2010,1,SEA,AL,53,0,0,0,0,0,0,0.0,0.0,0.0,0,0.0,0.0,0.0,0.0,0.0,0.0
aardsda01,2012,1,NYA,AL,1,0,0,0,0,0,0,0.0,0.0,0.0,0,0.0,0.0,0.0,0.0,0.0,0.0
aardsda01,2013,1,NYN,NL,43,0,0,0,0,0,0,0.0,0.0,0.0,0,0.0,0.0,0.0,0.0,0.0,0.0
aardsda01,2015,1,ATL,NL,33,1,0,0,0,0,0,0.0,0.0,0.0,0,1.0,0.0,0.0,0.0,0.0,0.0
aaronha01,1954,1,ML1,NL,122,468,58,131,27,6,13,69.0,2.0,2.0,28,39.0,,3.0,6.0,4.0,13.0
aaronha01,1955,1,ML1,NL,153,602,105,189,37,9,27,106.0,3.0,1.0,49,61.0,5.0,3.0,7.0,4.0,20.0
aaronha01,1956,1,ML1,NL,153,609,106,200,34,14,26,92.0,2.0,4.0,37,54.0,6.0,2.0,5.0,7.0,21.0
aaronha01,1957,1,ML1,NL,151,615,118,198,27,6,44,132.0,1.0,1.0,57,58.0,15.0,0.0,0.0,3.0,13.0
aaronha01,1958,1,ML1,NL,153,601,109,196,34,4,30,95.0,4.0,1.0,59,49.0,16.0,1.0,0.0,3.0,21.0
aaronha01,1959,1,ML1,NL,154,629,116,223,46,7,39,123.0,8.0,0.0,51,54.0,17.0,4.0,0.0,9.0,19.0
aaronha01,1960,1,ML1,NL,153,590,102,172,20,11,40,126.0,16.0,7.0,60,63.0,13.0,2.0,0.0,12.0,8.0
aaronha01,1961,1,ML1,NL,155,603,115,197,39,10,34,120.0,21.0,9.0,56,64.0,20.0,2.0,1.0,9.0,16.0
aaronha01,1962,1,ML1,NL,156,592,127,191,28,6,45,128.0,15.0,7.0,66,73.0,14.0,3.0,0.0,6.0,14.0
aaronha01,1963,1,ML1,NL,161,631,121,201,29,4,44,130.0,31.0,5.0,78,94.0,18.0,0.0,0.0,5.0,11.0
aaronha01,1964,1,ML1,NL,145,570,103,187,30,2,24,95.0,22.0,4.0,62,46.0,9.0,0.0,0.0,2.0,22.0
aaronha01,1965,1,ML1,NL,150,570,109,181,40,1,32,89.0,24.0,4.0,60,81.0,10.0,1.0,0.0,8.0,15.0
aaronha01,1966,1,ATL,NL,158,603,117,168,23,1,44,127.0,21.0,3.0,76,96.0,15.0,1.0,0.0,8.0,14.0
aaronha01,1967,1,ATL,NL,155,600,113,184,37,3,39,109.0,17.0,6.0,63,97.0,19.0,0.0,0.0,6.0,11.0
aaronha01,1968,1,ATL,NL,160,606,84,174,33,4,29,86.0,28.0,5.0,64,62.0,23.0,1.0,0.0,5.0,21.0
aaronha01,1969,1,ATL,NL,147,547,100,164,30,3,44,97.0,9.0,10.0,87,47.0,19.0,2.0,0.0,3.0,14.0
aaronha01,1970,1,ATL,NL,150,516,103,154,26,1,38,118.0,9.0,0.0,74,63.0,15.0,2.0,0.0,6.0,13.0
aaronha01,1971,1,ATL,NL,139,495,95,162,22,3,47,118.0,1.0,1.0,71,58.0,21.0,2.0,0.0,5.0,9.0
aaronha01,1972,1,ATL,NL,129,449,75,119,10,0,34,77.0,4.0,0.0,92,55.0,15.0,1.0,0.0,2.0,17.0
aaronha01,1973,1,ATL,NL,120,392,84,118,12,1,40,96.0,1.0,1.0,68,51.0,13.0,1.0,0.0,4.0,7.0
aaronha01,1974,1,ATL,NL,112,340,47,91,16,0,20,69.0,1.0,0.0,39,29.0,6.0,0.0,1.0,2.0,6.0
aaronha01,1975,1,ML4,AL,137,465,45,109,16,2,12,60.0,0.0,1.0,70,51.0,3.0,1.0,1.0,6.0,15.0
aaronha01,1976,1,ML4,AL,85,271,22,62,8,0,10,35.0,0.0,1.0,35,38.0,1.0,0.0,0.0,2.0,8.0
aaronto01,1962,1,ML1,NL,141,334,54,77,20,2,8,38.0,6.0,0.0,41,58.0,0.0,0.0,4.0,3.0,10.0
aaronto01,1963,1,ML1,NL,72,135,6,27,6,1,1,15.0,0.0,3.0,11,27.0,1.0,0.0,3.0,2.0,7.0
aaronto01,1965,1,ML1,NL,8,16,1,3,0,0,0,1.0,0.0,0.0,1,2.0,0.0,0.0,0.0,0.0,1.0
aaronto01,1968,1,ATL,NL,98,283,21,69,10,3,1,25.0,3.0,4.0,21,37.0,1.0,0.0,2.0,1.0,9.0
aaronto01,1969,1,ATL,NL,49,60,13,15,2,0,1,5.0,0.0,1.0,6,6.0,0.0,0.0,0.0,0.0,1.0
aaronto01,1970,1,ATL,NL,44,63,3,13,2,0,2,7.0,0.0,0.0,3,10.0,0.0,0.0,0.0,0.0,5.0
aaronto01,1971,1,ATL,NL,25,53,4,12,2,0,0,3.0,0.0,0.0,3,5.0,1.0,0.0,0.0,0.0,3.0
aasedo01,1977,1,BOS,AL,13,0,0,0,0,0,0,0.0,0.0,0.0,0,0.0,0.0,0.0,0.0,0.0,0.0
aasedo01,1978,1,CAL,AL,29,0,0,0,0,0,0,0.0,0.0,0.0,0,0.0,0.0,0.0,0.0,0.0,0.0
aasedo01,1979,1,CAL,AL,37,0,0,0,0,0,0,0.0,0.0,0.0,0,0.0,0.0,0.0,0.0,0.0,0.0
aasedo01,1980,1,CAL,AL,40,0,0,0,0,0,0,0.0,0.0,0.0,0,0.0,0.0,0.0,0.0,0.0,0.0
aasedo01,1981,1,CAL,AL,39,0,0,0,0,0,0,0.0,0.0,0.0,0,0.0,0.0,0.0,0.0,0.0,0.0
aasedo01,1982,1,CAL,AL,24,0,0,0,0,0,0,0.0,0.0,0.0,0,0.0,0.0,0.0,0.0,0.0,0.0
aasedo01,1984,1,CAL,AL,23,0,0,0,0,0,0,0.0,0.0,0.0,0,0.0,0.0,0.0,0.0,0.0,0.0
aasedo01,1985,1,BAL,AL,54,0,0,0,0,0,0,0.0,0.0,0.0,0,0.0,0.0,0.0,0.0,0.0,0.0
aasedo01,1986,1,BAL,AL,66,0,0,0,0,0,0,0.0,0.0,0.0,0,0.0,0.0,0.0,0.0,0.0,0.0
aasedo01,1987,1,BAL,AL,7,0,0,0,0,0,0,0.0,0.0,0.0,0,0.0,0.0,0.0,0.0,0.0,0.0
aasedo01,1988,1,BAL,AL,35,0,0,0,0,0,0,0.0,0.0,0.0,0,0.0,0.0,0.0,0.0,0.0,0.0
aasedo01,1989,1,NYN,NL,49,5,0,0,0,0,0,0.0,0.0,0.0,0,3.0,0.0,0.0,0.0,0.0,0.0
aasedo01,1990,1,LAN,NL,32,0,0,0,0,0,0,0.0,0.0,0.0,0,0.0,0.0,0.0,0.0,0.0,0.0
abadan01,2001,1,OAK,AL,1,1,0,0,0,0,0,0.0,0.0,0.0,0,0.0,0.0,0.0,0.0,0.0,0.0
abadan01,2003,1,BOS,AL,9,17,1,2,0,0,0,0.0,0.0,1.0,2,5.0,0.0,0.0,0.0,0.0,1.0
abadan01,2006,1,CIN,NL,5,3,0,0,0,0,0,0.0,0.0,0.0,2,0.0,0.0,0.0,0.0,0.0,0.0
abadfe01,2010,1,HOU,NL,22,1,0,0,0,0,0,0.0,0.0,0.0,0,1.0,0.0,0.0,0.0,0.0,0.0
abadfe01,2011,1,HOU,NL,29,0,0,0,0,0,0,0.0,0.0,0.0,0,0.0,0.0,0.0,0.0,0.0,0.0
abadfe01,2012,1,HOU,NL,37,7,0,1,0,0,0,0.0,0.0,0.0,0,3.0,0.0,0.0,0.0,0.0,1.0
abadfe01,2013,1,WAS,NL,39,0,0,0,0,0,0,0.0,0.0,0.0,0,0.0,0.0,0.0,0.0,0.0,0.0
abadfe01,2014,1,OAK,AL,69,0,0,0,0,0,0,0.0,0.0,0.0,0,0.0,0.0,0.0,0.0,0.0,0.0
abadfe01,2015,1,OAK,AL,62,0,0,0,0,0,0,0.0,0.0,0.0,0,0.0,0.0,0.0,0.0,0.0,0.0
abadfe01,2016,2,BOS,AL,18,0,0,0,0,0,0,0.0,0.0,0.0,0,0.0,0.0,0.0,0.0,0.0,0.0
abadfe01,2016,1,MIN,AL,39,1,0,0,0,0,0,0.0,0.0,0.0,0,1.0,0.0,0.0,0.0,0.0,0.0
abadfe01,2017,1,BOS,AL,48,0,0,0,0,0,0,0.0,0.0,0.0,0,0.0,0.0,0.0,0.0,0.0,0.0
abadfe01,2019,1,SFN,NL,21,0,0,0,0,0,0,0.0,0.0,0.0,0,0.0,0.0,0.0,0.0,0.0,0.0
abadfe01,2021,1,BAL,AL,16,0,0,0,0,0,0,0.0,0.0,0.0,0,0.0,0.0,0.0,0.0,0.0,0.0
abadfe01,2023,1,COL,NL,6,0,0,0,0,0,0,0.0,0.0,0.0,0,0.0,0.0,0.0,0.0,0.0,0.0
abadijo01,1875,2,BR2,,1,4,1,1,0,0,0,1.0,0.0,0.0,0,0.0,,,,,0.0
abadijo01,1875,1,PH3,,11,45,3,10,0,0,0,4.0,1.0,0.0,0,3.0,,,,,0.0
abbated01,1897,1,PHI,NL,3,10,0,3,0,0,0,0.0,0.0,,1,2.0,,0.0,0.0,,
abbated01,1898,1,PHI,NL,25,92,9,21,4,0,0,14.0,4.0,,7,15.0,,1.0,2.0,,
abbated01,1903,1,BSN,NL,136,489,61,111,18,5,1,46.0,23.0,,52,36.0,,4.0,17.0,,
abbated01,1904,1,BSN,NL,154,579,76,148,18,10,3,54.0,24.0,,40,55.0,,5.0,13.0,,
abbated01,1905,1,BSN,NL,153,610,70,170,25,12,3,41.0,30.0,,35,51.0,,8.0,5.0,,
abbated01,1907,1,PIT,NL,147,496,63,130,14,7,2,82.0,35.0,,65,48.0,,8.0,22.0,,
abbated01,1908,1,PIT,NL,146,500,43,125,16,7,1,61.0,22.0,,58,49.0,,7.0,25.0,,
abbated01,1909,1,PIT,NL,36,87,13,20,0,0,1,16.0,2.0,,19,11.0,,0.0,1.0,,
abbated01,1910,2,BSN,NL,52,178,20,44,4,2,0,10.0,2.0,,12,16.0,,0.0,8.0,,
abbated01,1910,1,PIT,NL,3,3,0,0,0,0,0,0.0,0.0,,0,0.0,,0.0,0.0,,
abbeybe01,1892,1,WAS,NL,27,75,5,9,1,0,0,3.0,2.0,,9,27.0,,0.0,,,
abbeybe01,1893,1,CHN,NL,7,26,2,6,1,0,0,2.0,0.0,,2,3.0,,0.0,,,
abbeybe01,1894,1,CHN,NL,11,39,3,5,0,0,0,4.0,1.0,,2,7.0,,0.0,2.0,,
abbeybe01,1895,2,BRO,NL,8,19,4,5,0,1,0,1.0,0.0,,2,4.0,,0.0,0.0,,
abbeybe01,1895,1,CHN,NL,1,3,0,1,0,0,0,0.0,0.0,,0,0.0,,0.0,0.0,,
abbeybe01,1896,1,BRO,NL,25,63,7,12,1,2,0,7.0,0.0,,6,13.0,,0.0,4.0,,
abbeych01,1893,1,WAS,NL,31,116,11,30,1,4,0,12.0,9.0,,12,6.0,,1.0,,,
abbeych01,1894,1,WAS,NL,129,523,95,164,26,18,7,101.0,31.0,,58,38.0,,7.0,1.0,,
abbeych01,1895,1,WAS,NL,133,516,102,142,14,10,8,84.0,28.0,,43,43.0,,7.0,5.0,,
abbeych01,1896,1,WAS,NL,79,301,47,79,12,6,1,49.0,16.0,,27,20.0,,4.0,10.0,,
abbeych01,1897,1,WAS,NL,80,300,52,78,14,8,3,34.0,9.0,,27,15.0,,4.0,3.0,,
abbotan01,2023,1,CIN,NL,21,0,0,0,0,0,0,0.0,0.0,0.0,0,0.0,0.0,0.0,0.0,0.0,0.0
abbotan01,2024,1,CIN,NL,25,0,0,0,0,0,0,0.0,0.0,0.0,0,0.0,0.0,0.0,0.0,0.0,0.0
abbotco01,2021,1,CHN,NL,8,3,0,1,0,0,0,0.0,0.0,0.0,0,1.0,0.0,0.0,0.0,0.0,0.0
abbotco01,2022,1,WAS,NL,16,0,0,0,0,0,0,0.0,0.0,0.0,0,0.0,0.0,0.0,0.0,0.0,0.0
abbotco01,2023,1,WAS,NL,22,0,0,0,0,0,0,0.0,0.0,0.0,0,0.0,0.0,0.0,0.0,0.0,0.0
abbotda01,1890,1,TL2,AA,3,7,0,1,0,1,0,1.0,1.0,,0,,,0.0,,,
abbotfr01,1903,1,CLE,AL,77,255,25,60,11,3,1,25.0,8.0,,7,25.0,,5.0,9.0,,
abbotfr01,1904,1,CLE,AL,41,130,14,22,4,2,0,12.0,2.0,,6,27.0,,0.0,5.0,,
abbotfr01,1905,1,PHI,NL,42,128,9,25,6,1,0,12.0,4.0,,6,23.0,,3.0,6.0,,
abbotgl01,1973,1,OAK,AL,5,0,0,0,0,0,0,0.0,0.0,0.0,0,0.0,0.0,0.0,0.0,0.0,0.0
abbotgl01,1974,1,OAK,AL,19,0,0,0,0,0,0,0.0,0.0,0.0,0,0.0,0.0,0.0,0.0,0.0,0.0
abbotgl01,1975,1,OAK,AL,30,0,0,0,0,0,0,0.0,0.0,0.0,0,0.0,0.0,0.0,0.0,0.0,0.0
abbotgl01,1976,1,OAK,AL,19,0,0,0,0,0,0,0.0,0.0,0.0,0,0.0,0.0,0.0,0.0,0.0,0.0
abbotgl01,1977,1,SEA,AL,36,0,0,0,0,0,0,0.0,0.0,0.0,0,0.0,0.0,0.0,0.0,0.0,0.0
abbotgl01,1978,1,SEA,AL,29,0,0,0,0,0,0,0.0,0.0,0.0,0,0.0,0.0,0.0,0.0,0.0,0.0
abbotgl01,1979,1,SEA,AL,23,0,0,0,0,0,0,0.0,0.0,0.0,0,0.0,0.0,0.0,0.0,0.0,0.0
abbotgl01,1980,1,SEA,AL,31,0,0,0,0,0,0,0.0,0.0,0.0,0,0.0,0.0,0.0,0.0,0.0,0.0
abbotgl01,1981,1,SEA,AL,22,0,0,0,0,0,0,0.0,0.0,0.0,0,0.0,0.0,0.0,0.0,0.0,0.0
abbotgl01,1983,2,DET,AL,7,0,0,0,0,0,0,0.0,0.0,0.0,0,0.0,0.0,0.0,0.0,0.0,0.0
abbotgl01,1983,1,SEA,AL,14,0,0,0,0,0,0,0.0,0.0,0.0,0,0.0,0.0,0.0,0.0,0.0,0.0
abbotgl01,1984,1,DET,AL,13,0,0,0,0,0,0,0.0,0.0,0.0,0,0.0,0.0,0.0,0.0,0.0,0.0
abbotje01,1997,1,CHA,AL,19,38,8,10,1,0,1,2.0,0.0,0.0,0,6.0,0.0,0.0,0.0,0.0,3.0
abbotje01,1998,1,CHA,AL,89,244,33,68,14,1,12,41.0,3.0,3.0,9,28.0,1.0,0.0,2.0,5.0,2.0
abbotje01,1999,1,CHA,AL,17,57,5,9,0,0,2,6.0,1.0,1.0,5,12.0,0.0,0.0,1.0,1.0,4.0
abbotje01,2000,1,CHA,AL,80,215,31,59,15,1,3,29.0,2.0,1.0,21,38.0,1.0,2.0,2.0,1.0,2.0
abbotje01,2001,1,FLO,NL,28,42,5,11,3,0,0,5.0,0.0,0.0,3,7.0,0.0,1.0,0.0,0.0,1.0
abbotji01,1989,1,CAL,AL,29,0,0,0,0,0,0,0.0,0.0,0.0,0,0.0,0.0,0.0,0.0,0.0,0.0
abbotji01,1990,1,CAL,AL,33,0,0,0,0,0,0,0.0,0.0,0.0,0,0.0,0.0,0.0,0.0,0.0,0.0
abbotji01,1991,1,CAL,AL,34,0,0,0,0,0,0,0.0,0.0,0.0,0,0.0,0.0,0.0,0.0,0.0,0.0
abbotji01,1992,1,CAL,AL,29,0,0,0,0,0,0,0.0,0.0,0.0,0,0.0,0.0,0.0,0.0,0.0,0.0
abbotji01,1993,1,NYA,AL,32,0,0,0,0,0,0,0.0,0.0,0.0,0,0.0,0.0,0.0,0.0,0.0,0.0
abbotji01,1994,1,NYA,AL,24,0,0,0,0,0,0,0.0,0.0,0.0,0,0.0,0.0,0.0,0.0,0.0,0.0
abbotji01,1995,2,CAL,AL,13,0,0,0,0,0,0,0.0,0.0,0.0,0,0.0,0.0,0.0,0.0,0.0,0.0
abbotji01,1995,1,CHA,AL,17,0,0,0,0,0,0,0.0,0.0,0.0,0,0.0,0.0,0.0,0.0,0.0,0.0
abbotji01,1996,1,CAL,AL,27,0,0,0,0,0,0,0.0,0.0,0.0,0,0.0,0.0,0.0,0.0,0.0,0.0
abbotji01,1998,1,CHA,AL,5,0,0,0,0,0,0,0.0,0.0,0.0,0,0.0,0.0,0.0,0.0,0.0,0.0
abbotji01,1999,1,MIL,NL,20,21,0,2,0,0,0,3.0,0.0,0.0,0,10.0,0.0,0.0,3.0,0.0,0.0
abbotku01,1993,1,OAK,AL,20,61,11,15,1,0,3,9.0,2.0,0.0,3,20.0,0.0,0.0,3.0,0.0,3.0
abbotku01,1994,1,FLO,NL,101,345,41,86,17,3,9,33.0,3.0,0.0,16,98.0,1.0,5.0,3.0,2.0,5.0
abbotku01,1995,1,FLO,NL,120,420,60,107,18,7,17,60.0,4.0,3.0,36,110.0,4.0,5.0,2.0,5.0,6.0
abbotku01,1996,1,FLO,NL,109,320,37,81,18,7,8,33.0,3.0,3.0,22,99.0,1.0,3.0,4.0,0.0,7.0
abbotku01,1997,1,FLO,NL,94,252,35,69,18,2,6,30.0,3.0,1.0,14,68.0,3.0,1.0,6.0,0.0,5.0
abbotku01,1998,2,COL,NL,42,71,9,18,6,0,3,15.0,0.0,0.0,2,19.0,0.0,1.0,0.0,2.0,2.0
abbotku01,1998,1,OAK,AL,35,123,17,33,7,1,2,9.0,2.0,1.0,10,34.0,0.0,1.0,1.0,1.0,3.0
abbotku01,1999,1,COL,NL,96,286,41,78,17,2,8,41.0,3.0,2.0,16,69.0,0.0,0.0,2.0,1.0,4.0
abbotku01,2000,1,NYN,NL,79,157,22,34,7,1,6,12.0,1.0,1.0,14,51.0,2.0,1.0,0.0,1.0,2.0
abbotku01,2001,1,ATL,NL,6,9,0,2,0,0,0,0.0,1.0,0.0,0,3.0,0.0,0.0,0.0,0.0,0.0
abbotky01,1991,1,CAL,AL,5,0,0,0,0,0,0,0.0,0.0,0.0,0,0.0,0.0,0.0,0.0,0.0,0.0
abbotky01,1992,1,PHI,NL,31,29,1,2,1,0,0,2.0,0.0,0.0,1,18.0,0.0,0.0,6.0,0.0,0.0
abbotky01,1995,1,PHI,NL,18,2,1,1,0,0,0,0.0,0.0,0.0,0,1.0,0.0,0.0,0.0,0.0,0.0
abbotky01,1996,1,CAL,AL,3,0,0,0,0,0,0,0.0,0.0,0.0,0,0.0,0.0,0.0,0.0,0.0,0.0
abbotod01,1910,1,SLN,NL,22,70,2,13,2,1,0,6.0,3.0,,6,20.0,,0.0,6.0,,
abbotpa01,1990,1,MIN,AL,7,0,0,0,0,0,0,0.0,0.0,0.0,0,0.0,0.0,0.0,0.0,0.0,0.0
abbotpa01,1991,1,MIN,AL,15,0,0,0,0,0,0,0.0,0.0,0.0,0,0.0,0.0,0.0,0.0,0.0,0.0
abbotpa01,1992,1,MIN,AL,6,0,0,0,0,0,0,0.0,0.0,0.0,0,0.0,0.0,0.0,0.0,0.0,0.0
abbotpa01,1993,1,CLE,AL,5,0,0,0,0,0,0,0.0,0.0,0.0,0,0.0,0.0,0.0,0.0,0.0,0.0
abbotpa01,1998,1,SEA,AL,4,0,0,0,0,0,0,0.0,0.0,0.0,0,0.0,0.0,0.0,0.0,0.0,0.0
abbotpa01,1999,1,SEA,AL,25,0,0,0,0,0,0,0.0,0.0,0.0,0,0.0,0.0,0.0,0.0,0.0,0.0
abbotpa01,2000,1,SEA,AL,35,5,1,2,1,0,0,0.0,0.0,0.0,0,1.0,0.0,0.0,1.0,0.0,0.0
abbotpa01,2001,1,SEA,AL,28,4,0,1,0,0,0,0.0,0.0,0.0,0,1.0,0.0,0.0,1.0,0.0,0.0
abbotpa01,2002,1,SEA,AL,7,0,0,0,0,0,0,0.0,0.0,0.0,0,0.0,0.0,0.0,0.0,0.0,0.0
abbotpa01,2003,1,KCA,AL,10,0,0,0,0,0,0,0.0,0.0,0.0,0,0.0,0.0,0.0,0.0,0.0,0.0
abbotpa01,2004,2,PHI,NL,10,11,1,2,0,0,0,2.0,0.0,0.0,0,4.0,0.0,0.0,3.0,0.0,0.0
abbotpa01,2004,1,TBA,AL,10,0,0,0,0,0,0,0.0,0.0,0.0,0,0.0,0.0,0.0,0.0,0.0,0.0
aberal01,1950,1,CLE,AL,1,2,0,0,0,0,0,0.0,0.0,0.0,1,1.0,,0.0,0.0,,0.0
aberal01,1953,1,CLE,AL,6,0,0,0,0,0,0,0.0,0.0,0.0,2,0.0,,0.0,0.0,,0.0
aberal01,1953,2,DET,AL,17,23,2,3,0,0,0,2.0,0.0,0.0,1,6.0,,0.0,1.0,,0.0
aberal01,1954,1,DET,AL,32,39,3,5,0,0,0,3.0,0.0,0.0,2,17.0,,0.0,3.0,1.0,1.0
aberal01,1955,1,DET,AL,39,17,0,1,0,0,0,0.0,0.0,0.0,0,9.0,0.0,0.0,2.0,0.0,1.0
aberal01,1956,1,DET,AL,42,10,0,3,0,0,0,0.0,0.0,0.0,1,4.0,0.0,0.0,2.0,0.0,0.0
aberal01,1957,1,DET,AL,28,8,0,1,0,0,0,1.0,0.0,0.0,1,4.0,0.0,0.0,0.0,0.0,0.0
aberal01,1957,2,KC1,AL,3,1,0,1,0,0,0,0.0,0.0,0.0,0,0.0,0.0,0.0,0.0,0.0,0.0
abercda01,1871,1,TRO,,1,4,0,0,0,0,0,0.0,0.0,0.0,0,0.0,,,,,0.0
abercre01,2006,1,FLO,NL,111,255,39,54,12,2,5,24.0,6.0,5.0,18,78.0,2.0,3.0,4.0,1.0,2.0
abercre01,2007,1,FLO,NL,35,76,16,15,3,0,2,5.0,7.0,1.0,2,22.0,0.0,2.0,0.0,0.0,1.0
abercre01,2008,1,HOU,NL,34,55,10,17,5,0,2,5.0,5.0,2.0,1,23.0,0.0,2.0,1.0,1.0,0.0
abernbi01,1952,1,CLE,AL,1,1,0,0,0,0,0,0.0,0.0,0.0,0,0.0,,0.0,0.0,,0.0
abernbr01,2001,1,TBA,AL,79,304,43,82,17,1,5,33.0,8.0,3.0,27,35.0,1.0,0.0,3.0,1.0,3.0
abernbr01,2002,1,TBA,AL,117,463,46,112,18,4,2,40.0,10.0,4.0,25,46.0,0.0,6.0,8.0,2.0,8.0
abernbr01,2003,2,KCA,AL,10,27,2,2,0,0,0,0.0,0.0,0.0,1,3.0,0.0,0.0,2.0,0.0,2.0
abernbr01,2003,1,TBA,AL,2,7,1,0,0,0,0,0.0,1.0,0.0,0,0.0,0.0,0.0,0.0,0.0,0.0
abernbr01,2005,1,MIN,AL,24,67,5,16,1,0,1,6.0,2.0,0.0,7,9.0,0.0,1.0,3.0,1.0,2.0
abernte01,1942,1,PHA,AL,1,0,0,0,0,0,0,0.0,0.0,0.0,1,0.0,,0.0,0.0,,0.0
abernte01,1943,1,PHA,AL,5,4,0,1,0,0,0,0.0,0.0,0.0,0,2.0,,0.0,0.0,,0.0
abernte01,1944,1,PHA,AL,1,1,0,0,0,0,0,0.0,0.0,0.0,0,1.0,,0.0,0.0,,0.0
abernte02,1955,1,WS1,AL,40,26,1,4,0,0,0,0.0,0.0,0.0,0,6.0,0.0,0.0,4.0,0.0,1.0
abernte02,1956,1,WS1,AL,5,11,1,2,0,0,0,1.0,0.0,0.0,0,5.0,0.0,0.0,0.0,0.0,0.0
abernte02,1957,1,WS1,AL,26,24,3,4,1,0,0,1.0,0.0,0.0,1,5.0,0.0,1.0,2.0,0.0,2.0
abernte02,1960,1,WS1,AL,2,1,1,1,0,0,0,0.0,0.0,0.0,0,0.0,0.0,0.0,0.0,0.0,0.0
abernte02,1963,1,CLE,AL,43,5,1,2,1,0,0,0.0,0.0,0.0,1,2.0,0.0,0.0,1.0,0.0,0.0
abernte02,1964,1,CLE,AL,53,6,0,0,0,0,0,0.0,0.0,0.0,0,3.0,0.0,0.0,1.0,0.0,0.0
abernte02,1965,1,CHN,NL,84,18,1,3,0,0,0,2.0,0.0,0.0,0,7.0,0.0,1.0,3.0,0.0,0.0
abernte02,1966,2,ATL,NL,38,8,0,2,0,0,0,0.0,0.0,0.0,1,3.0,0.0,0.0,0.0,0.0,0.0
abernte02,1966,1,CHN,NL,20,4,0,0,0,0,0,0.0,0.0,0.0,0,2.0,0.0,0.0,0.0,0.0,0.0
abernte02,1967,1,CIN,NL,70,17,0,1,0,0,0,2.0,0.0,0.0,0,10.0,0.0,0.0,0.0,0.0,1.0
abernte02,1968,1,CIN,NL,78,17,2,0,0,0,0,0.0,0.0,0.0,3,12.0,0.0,0.0,0.0,0.0,0.0
abernte02,1969,1,CHN,NL,56,8,1,2,1,0,0,1.0,0.0,0.0,0,2.0,0.0,0.0,0.0,0.0,0.0
abernte02,1970,1,CHN,NL,11,0,0,0,0,0,0,0.0,0.0,0.0,0,0.0,0.0,0.0,0.0,0.0,0.0
abernte02,1970,3,KCA,AL,36,14,1,3,0,0,0,2.0,0.0,0.0,0,5.0,0.0,0.0,3.0,0.0,0.0
abernte02,1970,2,SLN,NL,11,3,0,0,0,0,0,0.0,0.0,0.0,0,2.0,0.0,0.0,0.0,0.0,0.0
abernte02,1971,1,KCA,AL,63,13,0,1,0,0,0,0.0,0.0,0.0,0,7.0,0.0,0.0,1.0,0.0,0.0
abernte02,1972,1,KCA,AL,45,6,0,0,0,0,0,0.0,0.0,0.0,0,3.0,0.0,0.0,0.0,0.0,0.0
abernwo01,1946,1,NY1,NL,15,8,0,0,0,0,0,0.0,0.0,,0,4.0,,0.0,0.0,,0.0
abernwo01,1947,1,NY1,NL,1,0,0,0,0,0,0,0.0,0.0,0.0,0,0.0,0.0,0.0,0.0,0.0,0.0
aberscl01,1947,1,CHN,NL,47,140,24,39,6,3,4,20.0,0.0,,20,32.0,,0.0,0.0,,5.0
aberscl01,1948,1,CHN,NL,12,32,1,6,1,0,1,6.0,0.0,,5,10.0,,0.0,0.0,,0.0
aberscl01,1949,1,CHN,NL,4,7,0,0,0,0,0,0.0,0.0,,0,2.0,,0.0,0.0,,1.0
ablesha01,1905,1,SLA,AL,6,10,0,0,0,0,0,0.0,0.0,,0,4.0,,0.0,0.0,,
ablesha01,1909,1,CLE,AL,5,12,0,0,0,0,0,0.0,1.0,,0,7.0,,0.0,0.0,,
ablesha01,1911,1,NYA,AL,3,4,0,0,0,0,0,0.0,0.0,,0,,,0.0,0.0,,
abnersh01,1987,1,SDN,NL,16,47,5,13,3,1,2,7.0,1.0,0.0,2,8.0,0.0,0.0,0.0,0.0,0.0
abnersh01,1988,1,SDN,NL,37,83,6,15,3,0,2,5.0,0.0,1.0,4,19.0,1.0,1.0,0.0,1.0,1.0
abnersh01,1989,1,SDN,NL,57,102,13,18,4,0,2,14.0,1.0,0.0,5,20.0,2.0,0.0,0.0,1.0,1.0
abnersh01,1990,1,SDN,NL,91,184,17,45,9,0,1,15.0,2.0,3.0,9,28.0,1.0,2.0,2.0,1.0,3.0
abnersh01,1991,2,CAL,AL,41,101,12,23,6,1,2,9.0,1.0,2.0,4,18.0,0.0,0.0,0.0,0.0,3.0
abnersh01,1991,1,SDN,NL,53,115,15,19,4,1,1,5.0,0.0,0.0,7,25.0,4.0,1.0,1.0,1.0,3.0
abnersh01,1992,1,CHA,AL,97,208,21,58,10,1,1,16.0,1.0,2.0,12,35.0,2.0,3.0,2.0,3.0,3.0
abramca01,1949,1,BRO,NL,8,24,6,2,1,0,0,0.0,1.0,,7,6.0,,0.0,0.0,,1.0
abramca01,1950,1,BRO,NL,38,44,5,9,1,0,0,4.0,0.0,,9,13.0,,0.0,1.0,,0.0
abramca01,1951,1,BRO,NL,67,150,27,42,8,0,3,19.0,3.0,2.0,36,26.0,,0.0,0.0,,5.0
abramca01,1952,1,BRO,NL,10,10,1,2,0,0,0,0.0,0.0,0.0,2,4.0,,0.0,0.0,,0.0
abramca01,1952,2,CIN,NL,71,158,23,44,9,2,2,13.0,1.0,0.0,19,25.0,,0.0,0.0,,1.0
abramca01,1953,1,PIT,NL,119,448,66,128,10,6,15,43.0,4.0,4.0,58,70.0,,0.0,6.0,,2.0
abramca01,1954,2,BAL,AL,115,423,67,124,22,7,6,25.0,1.0,4.0,72,67.0,,4.0,6.0,1.0,5.0
abramca01,1954,1,PIT,NL,17,42,6,6,1,1,0,2.0,0.0,0.0,10,9.0,,0.0,0.0,0.0,2.0
abramca01,1955,1,BAL,AL,118,309,56,75,12,3,6,32.0,2.0,8.0,89,69.0,2.0,3.0,3.0,3.0,6.0
abramca01,1956,1,CHA,AL,4,3,0,1,0,0,0,0.0,0.0,0.0,2,1.0,0.0,0.0,0.0,0.0,0.0
abramcj01,2022,1,SDN,NL,46,125,16,29,5,0,2,11.0,1.0,2.0,4,27.0,0.0,6.0,2.0,2.0,4.0
abramcj01,2022,2,WAS,NL,44,159,17,41,7,2,0,10.0,6.0,2.0,1,23.0,0.0,3.0,0.0,0.0,1.0
abramcj01,2023,1,WAS,NL,151,563,83,138,28,6,18,64.0,47.0,4.0,32,118.0,2.0,13.0,3.0,3.0,7.0
abramcj01,2024,1,WAS,NL,138,541,79,133,29,6,20,65.0,31.0,12.0,40,128.0,3.0,16.0,1.0,4.0,4.0
abramge01,1923,1,CIN,NL,3,1,0,1,0,0,0,0.0,0.0,0.0,0,0.0,,0.0,0.0,,
abregjo01,1985,1,CHN,NL,6,9,0,0,0,0,0,1.0,0.0,0.0,0,2.0,0.0,0.0,0.0,0.0,0.0
abreual01,2020,1,NYA,AL,2,0,0,0,0,0,0,0.0,0.0,0.0,0,0.0,0.0,0.0,0.0,0.0,0.0
abreual01,2021,1,NYA,AL,28,0,0,0,0,0,0,0.0,0.0,0.0,0,0.0,0.0,0.0,0.0,0.0,0.0
abreual01,2022,2,KCA,AL,4,0,0,0,0,0,0,0.0,0.0,0.0,0,0.0,0.0,0.0,0.0,0.0,0.0
abreual01,2022,3,NYA,AL,22,0,0,0,0,0,0,0.0,0.0,0.0,0,0.0,0.0,0.0,0.0,0.0,0.0
abreual01,2022,1,TEX,AL,7,0,0,0,0,0,0,0.0,0.0,0.0,0,0.0,0.0,0.0,0.0,0.0,0.0
abreual01,2023,1,NYA,AL,45,0,0,0,0,0,0,0.0,0.0,0.0,0,0.0,0.0,0.0,0.0,0.0,0.0
abreubo01,1996,1,HOU,NL,15,22,1,5,1,0,0,1.0,0.0,0.0,2,3.0,0.0,0.0,0.0,0.0,1.0
abreubo01,1997,1,HOU,NL,59,188,22,47,10,2,3,26.0,7.0,2.0,21,48.0,0.0,1.0,0.0,0.0,0.0
abreubo01,1998,1,PHI,NL,151,497,68,155,29,6,17,74.0,19.0,10.0,84,133.0,14.0,0.0,4.0,4.0,6.0
abreubo01,1999,1,PHI,NL,152,546,118,183,35,11,20,93.0,27.0,9.0,109,113.0,8.0,3.0,0.0,4.0,13.0
abreubo01,2000,1,PHI,NL,154,576,103,182,42,10,25,79.0,28.0,8.0,100,116.0,9.0,1.0,0.0,3.0,12.0
abreubo01,2001,1,PHI,NL,162,588,118,170,48,4,31,110.0,36.0,14.0,106,137.0,11.0,1.0,0.0,9.0,13.0
abreubo01,2002,1,PHI,NL,157,572,102,176,50,6,20,85.0,31.0,12.0,104,117.0,9.0,3.0,0.0,6.0,11.0
abreubo01,2003,1,PHI,NL,158,577,99,173,35,1,20,101.0,22.0,9.0,109,126.0,13.0,2.0,0.0,7.0,13.0
abreubo01,2004,1,PHI,NL,159,574,118,173,47,1,30,105.0,40.0,5.0,127,116.0,10.0,5.0,0.0,7.0,5.0
abreubo01,2005,1,PHI,NL,162,588,104,168,37,1,24,102.0,31.0,9.0,117,134.0,15.0,6.0,0.0,8.0,7.0
abreubo01,2006,2,NYA,AL,58,209,37,69,16,0,7,42.0,10.0,2.0,33,52.0,1.0,1.0,2.0,3.0,5.0
abreubo01,2006,1,PHI,NL,98,339,61,94,25,2,8,65.0,20.0,4.0,91,86.0,5.0,2.0,0.0,6.0,8.0
abreubo01,2007,1,NYA,AL,158,605,123,171,40,5,16,101.0,25.0,8.0,84,115.0,0.0,3.0,0.0,7.0,11.0
abreubo01,2008,1,NYA,AL,156,609,100,180,39,4,20,100.0,22.0,11.0,73,109.0,2.0,1.0,0.0,1.0,14.0
abreubo01,2009,1,LAA,AL,152,563,96,165,29,3,15,103.0,30.0,8.0,94,113.0,7.0,1.0,0.0,9.0,15.0
abreubo01,2010,1,LAA,AL,154,573,88,146,41,1,20,78.0,24.0,10.0,87,132.0,3.0,2.0,0.0,5.0,13.0
abreubo01,2011,1,LAA,AL,142,502,54,127,30,1,8,60.0,21.0,5.0,78,113.0,5.0,1.0,1.0,3.0,8.0
abreubo01,2012,1,LAA,AL,8,24,1,5,3,0,0,5.0,0.0,0.0,2,5.0,0.0,0.0,0.0,1.0,1.0
abreubo01,2012,2,LAN,NL,92,195,28,48,8,1,3,19.0,6.0,2.0,35,51.0,3.0,0.0,0.0,0.0,6.0
abreubo01,2014,1,NYN,NL,78,133,12,33,9,0,1,14.0,1.0,0.0,20,21.0,0.0,0.0,0.0,2.0,3.0
abreubr01,2019,1,HOU,AL,7,0,0,0,0,0,0,0.0,0.0,0.0,0,0.0,0.0,0.0,0.0,0.0,0.0
abreubr01,2020,1,HOU,AL,4,0,0,0,0,0,0,0.0,0.0,0.0,0,0.0,0.0,0.0,0.0,0.0,0.0
abreubr01,2021,1,HOU,AL,31,0,0,0,0,0,0,0.0,0.0,0.0,0,0.0,0.0,0.0,0.0,0.0,0.0
abreubr01,2022,1,HOU,AL,55,0,0,0,0,0,0,0.0,0.0,0.0,0,0.0,0.0,0.0,0.0,0.0,0.0
abreubr01,2023,1,HOU,AL,72,0,0,0,0,0,0,0.0,0.0,0.0,0,0.0,0.0,0.0,0.0,0.0,0.0
abreubr01,2024,1,HOU,AL,78,0,0,0,0,0,0,0.0,0.0,0.0,0,0.0,0.0,0.0,0.0,0.0,0.0
abreujo01,1942,1,CIN,NL,9,28,4,6,1,0,1,3.0,0.0,,4,4.0,,0.0,0.0,,1.0
abreujo02,2014,1,CHA,AL,145,556,80,176,35,2,36,107.0,3.0,1.0,51,131.0,15.0,11.0,0.0,4.0,14.0
abreujo02,2015,1,CHA,AL,154,613,88,178,34,3,30,101.0,0.0,0.0,39,140.0,11.0,15.0,0.0,1.0,16.0
abreujo02,2016,1,CHA,AL,159,624,67,183,32,1,25,100.0,0.0,2.0,47,125.0,7.0,15.0,0.0,9.0,21.0
abreujo02,2017,1,CHA,AL,156,621,95,189,43,6,33,102.0,3.0,0.0,35,119.0,6.0,15.0,0.0,4.0,21.0
abreujo02,2018,1,CHA,AL,128,499,68,132,36,1,22,78.0,2.0,0.0,37,109.0,7.0,11.0,0.0,6.0,14.0
abreujo02,2019,1,CHA,AL,159,634,85,180,38,1,33,123.0,2.0,2.0,36,152.0,4.0,13.0,0.0,10.0,24.0
abreujo02,2020,1,CHA,AL,60,240,43,76,15,0,19,60.0,0.0,0.0,18,59.0,1.0,3.0,0.0,1.0,10.0
abreujo02,2021,1,CHA,AL,152,566,86,148,30,2,30,117.0,1.0,0.0,61,143.0,3.0,22.0,0.0,10.0,28.0
abreujo02,2022,1,CHA,AL,157,601,85,183,40,0,15,75.0,0.0,0.0,62,110.0,2.0,12.0,0.0,4.0,19.0
abreujo02,2023,1,HOU,AL,141,540,62,128,23,1,18,90.0,0.0,1.0,42,130.0,1.0,6.0,0.0,6.0,16.0
abreujo02,2024,1,HOU,AL,35,113,10,14,2,0,2,7.0,0.0,0.0,4,28.0,0.0,2.0,0.0,1.0,4.0
abreuju01,2011,1,HOU,NL,7,0,0,0,0,0,0,0.0,0.0,0.0,0,0.0,0.0,0.0,0.0,0.0,0.0
abreuto01,2007,1,LAN,NL,59,166,19,45,14,1,2,17.0,0.0,0.0,7,21.0,1.0,3.0,0.0,2.0,5.0
abreuto01,2009,1,LAN,NL,6,8,0,2,0,0,0,1.0,0.0,1.0,3,2.0,0.0,0.0,0.0,0.0,0.0
abreuto01,2010,1,ARI,NL,81,193,16,45,11,1,1,13.0,2.0,1.0,4,47.0,0.0,0.0,0.0,4.0,8.0
abreuto01,2012,1,KCA,AL,22,70,5,18,2,1,1,15.0,0.0,0.0,2,13.0,0.0,1.0,0.0,1.0,1.0
abreuto01,2013,1,SFN,NL,53,138,21,37,12,3,2,14.0,0.0,2.0,6,33.0,1.0,1.0,1.0,1.0,5.0
abreuto01,2014,1,SFN,NL,3,4,0,0,0,0,0,0.0,0.0,0.0,0,0.0,0.0,0.0,0.0,0.0,1.0
abreuwi01,2006,1,BAL,AL,7,0,0,0,0,0,0,0.0,0.0,0.0,0,0.0,0.0,0.0,0.0,0.0,0.0
abreuwi01,2007,1,WAS,NL,26,2,0,0,0,0,0,0.0,0.0,0.0,0,1.0,0.0,0.0,0.0,0.0,0.0
abreuwi01,2009,2,CLE,AL,3,0,0,0,0,0,0,0.0,0.0,0.0,0,0.0,0.0,0.0,0.0,0.0,0.0
abreuwi01,2009,1,TBA,AL,2,0,0,0,0,0,0,0.0,0.0,0.0,0,0.0,0.0,0.0,0.0,0.0,0.0
abreuwi02,2023,1,BOS,AL,28,76,10,24,6,0,2,14.0,3.0,1.0,9,23.0,0.0,0.0,0.0,0.0,0.0
abreuwi02,2024,1,BOS,AL,132,399,59,101,33,2,15,58.0,8.0,3.0,40,125.0,0.0,3.0,0.0,5.0,7.0
abstebi01,1906,1,PIT,NL,8,20,2,4,0,0,0,3.0,2.0,,0,1.0,,0.0,1.0,,
abstebi01,1909,1,PIT,NL,137,512,51,133,20,10,1,70.0,16.0,,27,59.0,,4.0,27.0,,
abstebi01,1910,1,SLA,AL,25,87,1,13,2,0,0,3.0,3.0,,2,15.0,,0.0,1.0,,
accarje01,2005,1,SFN,NL,28,2,0,1,0,0,0,0.0,0.0,0.0,0,0.0,0.0,0.0,0.0,0.0,0.0
accarje01,2006,1,SFN,NL,38,5,0,0,0,0,0,0.0,0.0,0.0,0,1.0,0.0,0.0,0.0,0.0,0.0
accarje01,2006,2,TOR,AL,27,0,0,0,0,0,0,0.0,0.0,0.0,0,0.0,0.0,0.0,0.0,0.0,0.0
accarje01,2007,1,TOR,AL,64,0,0,0,0,0,0,0.0,0.0,0.0,0,0.0,0.0,0.0,0.0,0.0,0.0
accarje01,2008,1,TOR,AL,16,0,0,0,0,0,0,0.0,0.0,0.0,0,0.0,0.0,0.0,0.0,0.0,0.0
accarje01,2009,1,TOR,AL,26,0,0,0,0,0,0,0.0,0.0,0.0,0,0.0,0.0,0.0,0.0,0.0,0.0
accarje01,2010,1,TOR,AL,5,0,0,0,0,0,0,0.0,0.0,0.0,0,0.0,0.0,0.0,0.0,0.0,0.0
accarje01,2011,1,BAL,AL,31,0,0,0,0,0,0,0.0,0.0,0.0,0,0.0,0.0,0.0,0.0,0.0,0.0
accarje01,2012,1,CLE,AL,26,0,0,0,0,0,0,0.0,0.0,0.0,0,0.0,0.0,0.0,0.0,0.0,0.0
accarje01,2012,2,OAK,AL,1,0,0,0,0,0,0,0.0,0.0,0.0,0,0.0,0.0,0.0,0.0,0.0,0.0
aceveal01,2008,1,NYA,AL,6,0,0,0,0,0,0,0.0,0.0,0.0,0,0.0,0.0,0.0,0.0,0.0,0.0
aceveal01,2009,1,NYA,AL,43,2,0,0,0,0,0,0.0,0.0,0.0,0,1.0,0.0,0.0,0.0,0.0,0.0
aceveal01,2010,1,NYA,AL,10,0,0,0,0,0,0,0.0,0.0,0.0,0,0.0,0.0,0.0,0.0,0.0,0.0
aceveal01,2011,1,BOS,AL,55,0,0,0,0,0,0,0.0,0.0,0.0,0,0.0,0.0,0.0,0.0,0.0,0.0
aceveal01,2012,1,BOS,AL,69,0,0,0,0,0,0,0.0,0.0,0.0,0,0.0,0.0,0.0,0.0,0.0,0.0
aceveal01,2013,1,BOS,AL,11,0,0,0,0,0,0,0.0,0.0,0.0,0,0.0,0.0,0.0,0.0,0.0,0.0
aceveal01,2014,1,NYA,AL,10,0,0,0,0,0,0,0.0,0.0,0.0,0,0.0,0.0,0.0,0.0,0.0,0.0
acevedo01,2021,1,OAK,AL,10,0,0,0,0,0,0,0.0,0.0,0.0,0,0.0,0.0,0.0,0.0,0.0,0.0
acevedo01,2022,1,OAK,AL,70,0,0,0,0,0,0,0.0,0.0,0.0,0,0.0,0.0,0.0,0.0,0.0,0.0
acevedo01,2023,1,OAK,AL,9,0,0,0,0,0,0,0.0,0.0,0.0,0,0.0,0.0,0.0,0.0,0.0,0.0
acevejo01,2001,1,CIN,NL,18,34,1,4,1,0,0,1.0,0.0,0.0,0,18.0,0.0,0.0,2.0,0.0,0.0
acevejo01,2002,1,CIN,NL,6,7,1,1,1,0,0,2.0,0.0,0.0,1,6.0,0.0,0.0,2.0,0.0,0.0
acevejo01,2003,1,CIN,NL,5,9,0,0,0,0,0,0.0,0.0,0.0,0,5.0,0.0,0.0,2.0,0.0,1.0
acevejo01,2004,1,CIN,NL,39,43,0,2,0,0,0,1.0,0.0,0.0,3,26.0,0.0,0.0,5.0,1.0,1.0
acevejo01,2005,1,COL,NL,36,8,0,1,0,0,0,0.0,0.0,0.0,1,6.0,0.0,1.0,1.0,0.0,0.0
aceveju01,1995,1,COL,NL,17,18,0,1,0,0,0,0.0,0.0,0.0,1,6.0,0.0,0.0,0.0,0.0,2.0
aceveju01,1997,1,NYN,NL,25,6,0,0,0,0,0,0.0,0.0,0.0,0,5.0,0.0,0.0,1.0,0.0,0.0
aceveju01,1998,1,SLN,NL,50,17,2,3,1,0,0,0.0,0.0,0.0,1,5.0,0.0,0.0,2.0,0.0,0.0
aceveju01,1999,1,SLN,NL,50,20,0,1,0,0,0,0.0,0.0,0.0,0,16.0,0.0,0.0,2.0,0.0,0.0
aceveju01,2000,1,MIL,NL,62,1,1,0,0,0,0,0.0,0.0,0.0,1,1.0,0.0,0.0,0.0,0.0,0.0
aceveju01,2001,1,COL,NL,39,0,0,0,0,0,0,0.0,0.0,0.0,0,0.0,0.0,0.0,0.0,0.0,0.0
aceveju01,2001,2,FLO,NL,20,3,1,1,1,0,0,0.0,0.0,0.0,0,0.0,0.0,0.0,1.0,0.0,0.0
aceveju01,2002,1,DET,AL,65,0,0,0,0,0,0,0.0,0.0,0.0,0,0.0,0.0,0.0,0.0,0.0,0.0
aceveju01,2003,1,NYA,AL,25,0,0,0,0,0,0,0.0,0.0,0.0,0,0.0,0.0,0.0,0.0,0.0,0.0
aceveju01,2003,2,TOR,AL,14,0,0,0,0,0,0,0.0,0.0,0.0,0,0.0,0.0,0.0,0.0,0.0,0.0
achteaj01,2014,1,MIN,AL,7,0,0,0,0,0,0,0.0,0.0,0.0,0,0.0,0.0,0.0,0.0,0.0,0.0
achteaj01,2015,1,MIN,AL,11,0,0,0,0,0,0,0.0,0.0,0.0,0,0.0,0.0,0.0,0.0,0.0,0.0
achteaj01,2016,1,LAA,AL,27,0,0,0,0,0,0,0.0,0.0,0.0,0,0.0,0.0,0.0,0.0,0.0,0.0
ackerji01,1983,1,TOR,AL,38,0,0,0,0,0,0,0.0,0.0,0.0,0,0.0,0.0,0.0,0.0,0.0,0.0
ackerji01,1984,1,TOR,AL,32,0,0,0,0,0,0,0.0,0.0,0.0,0,0.0,0.0,0.0,0.0,0.0,0.0
ackerji01,1985,1,TOR,AL,61,0,0,0,0,0,0,0.0,0.0,0.0,0,0.0,0.0,0.0,0.0,0.0,0.0
ackerji01,1986,2,ATL,NL,21,28,1,3,1,0,0,0.0,0.0,0.0,0,21.0,0.0,0.0,0.0,0.0,0.0
ackerji01,1986,1,TOR,AL,23,0,0,0,0,0,0,0.0,0.0,0.0,0,0.0,0.0,0.0,0.0,0.0,0.0
ackerji01,1987,1,ATL,NL,68,14,1,3,0,0,0,1.0,0.0,0.0,1,8.0,0.0,0.0,0.0,0.0,0.0
ackerji01,1988,1,ATL,NL,21,5,0,2,0,0,0,0.0,0.0,0.0,1,1.0,0.0,0.0,0.0,0.0,0.0
ackerji01,1989,1,ATL,NL,59,7,0,1,0,0,0,0.0,0.0,0.0,0,2.0,0.0,0.0,0.0,0.0,1.0
ackerji01,1989,2,TOR,AL,14,0,0,0,0,0,0,0.0,0.0,0.0,0,0.0,0.0,0.0,0.0,0.0,0.0
ackerji01,1990,1,TOR,AL,59,0,0,0,0,0,0,0.0,0.0,0.0,0,0.0,0.0,0.0,0.0,0.0,0.0
ackerji01,1991,1,TOR,AL,54,0,0,0,0,0,0,0.0,0.0,0.0,0,0.0,0.0,0.0,0.0,0.0,0.0
ackerji01,1992,1,SEA,AL,17,0,0,0,0,0,0,0.0,0.0,0.0,0,0.0,0.0,0.0,0.0,0.0,0.0
ackerto01,1956,1,CIN,NL,29,19,3,1,0,0,0,1.0,0.0,0.0,3,12.0,0.0,0.0,0.0,0.0,1.0
ackerto01,1957,1,CIN,NL,49,19,1,1,0,0,0,0.0,0.0,0.0,3,15.0,0.0,1.0,2.0,0.0,0.0
ackerto01,1958,1,CIN,NL,38,30,5,2,0,0,0,1.0,0.0,0.0,5,16.0,0.0,0.0,2.0,0.0,0.0
ackerto01,1959,1,CIN,NL,37,9,1,1,0,0,0,0.0,0.0,0.0,1,3.0,0.0,0.0,2.0,0.0,0.0
ackledu01,2011,1,SEA,AL,90,333,39,91,16,7,6,36.0,6.0,0.0,40,79.0,1.0,0.0,0.0,3.0,3.0
ackledu01,2012,1,SEA,AL,153,607,84,137,22,2,12,50.0,13.0,3.0,59,124.0,7.0,0.0,1.0,1.0,3.0
ackledu01,2013,1,SEA,AL,113,384,40,97,18,2,4,31.0,2.0,3.0,37,72.0,1.0,1.0,4.0,1.0,6.0
ackledu01,2014,1,SEA,AL,143,502,64,123,27,4,14,65.0,8.0,4.0,32,90.0,1.0,3.0,3.0,2.0,10.0
ackledu01,2015,2,NYA,AL,23,52,6,15,3,2,4,11.0,0.0,0.0,4,7.0,0.0,0.0,0.0,1.0,0.0
ackledu01,2015,1,SEA,AL,85,186,22,40,8,1,6,19.0,2.0,2.0,14,38.0,0.0,1.0,3.0,3.0,3.0
ackledu01,2016,1,NYA,AL,28,61,6,9,0,0,0,4.0,0.0,0.0,8,9.0,0.0,0.0,0.0,1.0,0.0
acklefr01,1963,1,CHA,AL,2,5,0,1,0,0,0,0.0,0.0,0.0,0,4.0,0.0,0.0,0.0,0.0,0.0
acklefr01,1964,1,CHA,AL,3,1,0,1,1,0,0,1.0,0.0,0.0,1,0.0,0.0,0.0,0.0,0.0,0.0
acostcy01,1972,1,CHA,AL,26,4,0,0,0,0,0,0.0,0.0,0.0,0,3.0,0.0,0.0,0.0,0.0,0.0
acostcy01,1973,1,CHA,AL,48,1,0,0,0,0,0,0.0,0.0,0.0,0,1.0,0.0,0.0,0.0,0.0,0.0
acostcy01,1974,1,CHA,AL,27,2,0,0,0,0,0,0.0,0.0,0.0,0,2.0,0.0,0.0,0.0,0.0,0.0
acostcy01,1975,1,PHI,NL,6,0,0,0,0,0,0,0.0,0.0,0.0,0,0.0,0.0,0.0,0.0,0.0,0.0
acosted01,1970,1,PIT,NL,3,0,0,0,0,0,0,0.0,0.0,0.0,0,0.0,0.0,0.0,0.0,0.0,0.0
acosted01,1971,1,SDN,NL,8,17,0,0,0,0,0,0.0,0.0,0.0,0,6.0,0.0,0.0,0.0,0.0,0.0
acosted01,1972,1,SDN,NL,46,12,1,1,0,0,0,0.0,0.0,0.0,1,9.0,0.0,0.0,0.0,0.0,0.0
acostjo01,1920,1,WS1,AL,17,25,2,6,1,0,0,1.0,0.0,0.0,4,7.0,,0.0,2.0,,
acostjo01,1921,1,WS1,AL,33,30,2,2,0,0,0,0.0,1.0,0.0,6,14.0,,0.0,1.0,,
acostjo01,1922,1,CHA,AL,5,5,0,1,0,0,0,0.0,0.0,0.0,1,1.0,,0.0,0.0,,
acostma01,2007,1,ATL,NL,21,0,0,0,0,0,0,0.0,0.0,0.0,0,0.0,0.0,0.0,0.0,0.0,0.0
acostma01,2008,1,ATL,NL,46,5,0,0,0,0,0,0.0,0.0,0.0,0,3.0,0.0,0.0,0.0,0.0,0.0
acostma01,2009,1,ATL,NL,36,1,0,0,0,0,0,0.0,0.0,0.0,1,1.0,0.0,0.0,0.0,0.0,0.0
acostma01,2010,1,NYN,NL,41,0,0,0,0,0,0,0.0,0.0,0.0,0,0.0,0.0,0.0,0.0,0.0,0.0
acostma01,2011,1,NYN,NL,44,0,0,0,0,0,0,0.0,0.0,0.0,0,0.0,0.0,0.0,0.0,0.0,0.0
acostma01,2012,1,NYN,NL,45,0,0,0,0,0,0,0.0,0.0,0.0,0,0.0,0.0,0.0,0.0,0.0,0.0
acostme01,1913,1,WS1,AL,12,20,3,6,0,1,0,1.0,2.0,,4,2.0,,0.0,0.0,,
acostme01,1914,1,WS1,AL,39,74,10,19,2,2,0,4.0,3.0,4.0,11,18.0,,0.0,0.0,,
acostme01,1915,1,WS1,AL,72,163,20,34,4,1,0,18.0,8.0,4.0,28,15.0,,4.0,9.0,,
acostme01,1916,1,WS1,AL,5,8,0,1,0,0,0,0.0,0.0,,2,0.0,,0.0,0.0,,
acostme01,1918,2,PHA,AL,49,169,23,51,3,3,0,14.0,4.0,,18,10.0,,0.0,10.0,,
acostme01,1918,1,WS1,AL,3,2,0,0,0,0,0,0.0,0.0,,0,1.0,,0.0,0.0,,
acrema01,1994,1,OAK,AL,34,0,0,0,0,0,0,0.0,0.0,0.0,0,0.0,0.0,0.0,0.0,0.0,0.0
acrema01,1995,1,OAK,AL,43,0,0,0,0,0,0,0.0,0.0,0.0,0,0.0,0.0,0.0,0.0,0.0,0.0
acrema01,1996,1,OAK,AL,22,0,0,0,0,0,0,0.0,0.0,0.0,0,0.0,0.0,0.0,0.0,0.0,0.0
acrema01,1997,1,OAK,AL,15,0,0,0,0,0,0,0.0,0.0,0.0,0,0.0,0.0,0.0,0.0,0.0,0.0
actonga01,2023,1,OAK,AL,6,0,0,0,0,0,0,0.0,0.0,0.0,0,0.0,0.0,0.0,0.0,0.0,0.0
acunalu01,2024,1,NYN,NL,14,39,6,12,2,1,3,6.0,0.0,1.0,1,6.0,0.0,0.0,0.0,0.0,1.0
acunaro01,2018,1,ATL,NL,111,433,78,127,26,4,26,64.0,16.0,5.0,45,123.0,2.0,6.0,0.0,3.0,4.0
acunaro01,2019,1,ATL,NL,156,626,127,175,22,2,41,101.0,37.0,9.0,76,188.0,4.0,9.0,0.0,1.0,8.0
acunaro01,2020,1,ATL,NL,46,160,46,40,11,0,14,29.0,8.0,1.0,38,60.0,2.0,4.0,0.0,0.0,3.0
acunaro01,2021,1,ATL,NL,82,297,72,84,19,1,24,52.0,17.0,6.0,49,85.0,2.0,9.0,0.0,5.0,0.0
acunaro01,2022,1,ATL,NL,119,467,71,124,24,0,15,50.0,29.0,11.0,53,126.0,4.0,10.0,0.0,3.0,8.0
acunaro01,2023,1,ATL,NL,158,643,149,217,35,4,41,106.0,73.0,14.0,80,84.0,3.0,9.0,0.0,3.0,15.0
acunaro01,2024,1,ATL,NL,49,192,38,48,8,1,4,15.0,16.0,3.0,27,53.0,0.0,3.0,0.0,0.0,4.0
adairje01,1958,1,BAL,AL,11,19,1,2,0,0,0,0.0,0.0,0.0,1,7.0,0.0,0.0,0.0,0.0,0.0
adairje01,1959,1,BAL,AL,12,35,3,11,0,1,0,2.0,0.0,0.0,1,5.0,0.0,0.0,0.0,0.0,0.0
adairje01,1960,1,BAL,AL,3,5,1,1,0,0,1,1.0,0.0,0.0,0,0.0,0.0,0.0,0.0,0.0,0.0
adairje01,1961,1,BAL,AL,133,386,41,102,21,1,9,37.0,5.0,2.0,35,51.0,4.0,2.0,1.0,4.0,6.0
adairje01,1962,1,BAL,AL,139,538,67,153,29,4,11,48.0,7.0,7.0,27,77.0,1.0,2.0,4.0,3.0,15.0
adairje01,1963,1,BAL,AL,109,382,34,87,21,3,6,30.0,3.0,3.0,9,51.0,2.0,2.0,3.0,5.0,17.0
adairje01,1964,1,BAL,AL,155,569,56,141,20,3,9,47.0,3.0,2.0,28,72.0,10.0,1.0,4.0,3.0,20.0
adairje01,1965,1,BAL,AL,157,582,51,151,26,3,7,66.0,6.0,4.0,35,65.0,7.0,2.0,4.0,2.0,26.0
adairje01,1966,1,BAL,AL,17,52,3,15,1,0,0,3.0,0.0,0.0,4,8.0,0.0,0.0,1.0,1.0,1.0
adairje01,1966,2,CHA,AL,105,370,27,90,18,2,4,36.0,3.0,2.0,17,44.0,0.0,1.0,9.0,5.0,14.0
adairje01,1967,2,BOS,AL,89,316,41,92,13,1,3,26.0,1.0,4.0,13,35.0,0.0,2.0,4.0,2.0,10.0
adairje01,1967,1,CHA,AL,28,98,6,20,4,0,0,9.0,0.0,1.0,4,17.0,0.0,1.0,2.0,1.0,5.0
adairje01,1968,1,BOS,AL,74,208,18,45,1,0,2,12.0,0.0,0.0,9,28.0,2.0,1.0,6.0,0.0,10.0
adairje01,1969,1,KCA,AL,126,432,29,108,9,1,5,48.0,1.0,3.0,20,36.0,4.0,3.0,2.0,4.0,24.0
adairje01,1970,1,KCA,AL,7,27,0,4,0,0,0,1.0,0.0,1.0,5,3.0,1.0,0.0,1.0,0.0,1.0
adairji01,1931,1,CHN,NL,18,76,9,21,3,1,0,3.0,1.0,,1,8.0,,0.0,2.0,,
adamecr01,2014,1,COL,NL,7,15,1,1,0,0,0,0.0,0.0,0.0,0,5.0,0.0,0.0,0.0,0.0,1.0
adamecr01,2015,1,COL,NL,26,53,4,13,1,1,0,3.0,0.0,1.0,3,11.0,1.0,1.0,1.0,0.0,0.0
adamecr01,2016,1,COL,NL,121,225,25,49,7,3,2,17.0,2.0,3.0,24,47.0,0.0,4.0,3.0,0.0,5.0
adamecr01,2017,1,COL,NL,12,13,1,0,0,0,0,0.0,0.0,0.0,1,6.0,0.0,0.0,0.0,0.0,0.0
adamecr01,2019,1,SFN,NL,10,22,1,7,1,0,0,2.0,0.0,0.0,2,8.0,0.0,0.0,0.0,0.0,0.0
adamewi01,2018,1,TBA,AL,85,288,43,80,7,0,10,34.0,6.0,5.0,31,95.0,3.0,1.0,1.0,2.0,6.0
adamewi01,2019,1,TBA,AL,152,531,69,135,25,1,20,52.0,4.0,2.0,46,153.0,1.0,3.0,3.0,1.0,9.0
adamewi01,2020,1,TBA,AL,54,185,29,48,15,1,8,23.0,2.0,1.0,20,74.0,0.0,0.0,0.0,0.0,4.0
adamewi01,2021,2,MIL,NL,99,365,61,104,26,0,20,58.0,4.0,2.0,47,105.0,1.0,0.0,0.0,1.0,8.0
adamewi01,2021,1,TBA,AL,41,132,16,26,6,1,5,15.0,1.0,2.0,10,51.0,0.0,0.0,0.0,0.0,1.0
adamewi01,2022,1,MIL,NL,139,563,83,134,31,0,31,98.0,8.0,3.0,49,166.0,3.0,1.0,0.0,4.0,11.0
adamewi01,2023,1,MIL,NL,149,553,73,120,29,2,24,80.0,5.0,3.0,71,165.0,1.0,6.0,0.0,6.0,12.0
adamewi01,2024,1,MIL,NL,161,610,93,153,33,0,32,112.0,21.0,4.0,74,173.0,3.0,1.0,0.0,3.0,12.0
adamja01,2018,1,KCA,AL,31,0,0,0,0,0,0,0.0,0.0,0.0,0,0.0,0.0,0.0,0.0,0.0,0.0
adamja01,2019,1,TOR,AL,23,0,0,0,0,0,0,0.0,0.0,0.0,0,0.0,0.0,0.0,0.0,0.0,0.0
adamja01,2020,1,CHN,NL,13,0,0,0,0,0,0,0.0,0.0,0.0,0,0.0,0.0,0.0,0.0,0.0,0.0
adamja01,2021,1,CHN,NL,12,0,0,0,0,0,0,0.0,0.0,0.0,0,0.0,0.0,0.0,0.0,0.0,0.0
adamja01,2022,1,TBA,AL,67,0,0,0,0,0,0,0.0,0.0,0.0,0,0.0,0.0,0.0,0.0,0.0,0.0
adamja01,2023,1,TBA,AL,56,0,0,0,0,0,0,0.0,0.0,0.0,0,0.0,0.0,0.0,0.0,0.0,0.0
adamja01,2024,2,SDN,NL,27,0,0,0,0,0,0,0.0,0.0,0.0,0,0.0,0.0,0.0,0.0,0.0,0.0
adamja01,2024,1,TBA,AL,47,0,0,0,0,0,0,0.0,0.0,0.0,0,0.0,0.0,0.0,0.0,0.0,0.0
adamsac01,1941,1,NY1,NL,38,12,0,1,0,0,0,0.0,0.0,,0,3.0,,0.0,0.0,,0.0
adamsac01,1942,1,NY1,NL,61,10,2,1,0,0,0,0.0,0.0,,0,1.0,,0.0,0.0,,0.0
adamsac01,1943,1,NY1,NL,70,32,3,4,0,0,0,1.0,0.0,,2,4.0,,0.0,2.0,,0.0
adamsac01,1944,1,NY1,NL,65,29,2,3,0,0,0,0.0,0.0,,2,3.0,,0.0,4.0,,2.0
adamsac01,1945,1,NY1,NL,65,16,2,3,0,0,0,1.0,0.0,,2,3.0,,0.0,2.0,,0.0
adamsac01,1946,1,NY1,NL,3,0,0,0,0,0,0,0.0,0.0,0.0,0,0.0,0.0,0.0,0.0,0.0,0.0
adamsau01,2014,1,CLE,AL,6,0,0,0,0,0,0,0.0,0.0,0.0,0,0.0,0.0,0.0,0.0,0.0,0.0
adamsau01,2015,1,CLE,AL,28,1,0,0,0,0,0,0.0,0.0,0.0,0,0.0,0.0,0.0,0.0,0.0,1.0
adamsau01,2016,1,CLE,AL,19,0,0,0,0,0,0,0.0,0.0,0.0,0,0.0,0.0,0.0,0.0,0.0,0.0
adamsau01,2019,2,DET,AL,13,0,0,0,0,0,0,0.0,0.0,0.0,0,0.0,0.0,0.0,0.0,0.0,0.0
adamsau01,2019,1,MIN,AL,2,0,0,0,0,0,0,0.0,0.0,0.0,0,0.0,0.0,0.0,0.0,0.0,0.0
adamsau02,2017,1,WAS,NL,6,0,0,0,0,0,0,0.0,0.0,0.0,0,0.0,0.0,0.0,0.0,0.0,0.0
adamsau02,2018,1,WAS,NL,2,0,0,0,0,0,0,0.0,0.0,0.0,0,0.0,0.0,0.0,0.0,0.0,0.0
adamsau02,2019,2,SEA,AL,29,1,0,0,0,0,0,0.0,0.0,0.0,0,1.0,0.0,0.0,0.0,0.0,0.0
adamsau02,2019,1,WAS,NL,1,0,0,0,0,0,0,0.0,0.0,0.0,0,0.0,0.0,0.0,0.0,0.0,0.0
adamsau02,2020,1,SDN,NL,3,1,0,0,0,0,0,0.0,0.0,0.0,0,1.0,0.0,0.0,0.0,0.0,0.0
adamsau02,2021,1,SDN,NL,65,0,0,0,0,0,0,0.0,0.0,0.0,0,0.0,0.0,0.0,0.0,0.0,0.0
adamsau02,2022,1,SDN,NL,2,0,0,0,0,0,0,0.0,0.0,0.0,0,0.0,0.0,0.0,0.0,0.0,0.0
adamsau02,2023,1,ARI,NL,24,0,0,0,0,0,0,0.0,0.0,0.0,0,0.0,0.0,0.0,0.0,0.0,0.0
adamsau02,2024,1,OAK,AL,56,0,0,0,0,0,0,0.0,0.0,0.0,0,0.0,0.0,0.0,0.0,0.0,0.0
adamsba01,1906,1,SLN,NL,1,1,0,0,0,0,0,0.0,0.0,,0,1.0,,0.0,0.0,,
adamsba01,1907,1,PIT,NL,4,7,1,2,0,0,0,0.0,0.0,,0,1.0,,0.0,0.0,,
adamsba01,1909,1,PIT,NL,25,39,0,2,0,1,0,1.0,0.0,,2,15.0,,0.0,5.0,,
adamsba01,1910,1,PIT,NL,34,83,9,16,3,0,0,6.0,0.0,,9,23.0,,0.0,5.0,,
adamsba01,1911,1,PIT,NL,40,103,9,26,5,1,0,10.0,0.0,,3,17.0,,0.0,1.0,,
adamsba01,1912,1,PIT,NL,28,53,5,12,3,1,0,3.0,0.0,,8,9.0,,0.0,1.0,,
adamsba01,1913,1,PIT,NL,43,114,13,33,6,2,0,13.0,0.0,,1,16.0,,0.0,3.0,,
adamsba01,1914,1,PIT,NL,40,97,8,16,0,2,1,4.0,0.0,,3,29.0,,1.0,2.0,,
adamsba01,1915,1,PIT,NL,40,85,4,12,1,0,0,7.0,0.0,,4,14.0,,0.0,2.0,,
adamsba01,1916,1,PIT,NL,16,22,1,6,0,1,0,2.0,0.0,,2,1.0,,0.0,1.0,,
adamsba01,1918,1,PIT,NL,3,9,0,3,0,1,0,0.0,0.0,,0,3.0,,0.0,0.0,,
adamsba01,1919,1,PIT,NL,34,92,2,17,2,1,0,4.0,0.0,,6,13.0,,0.0,3.0,,
adamsba01,1920,1,PIT,NL,35,89,4,13,0,0,1,3.0,0.0,0.0,1,18.0,,0.0,2.0,,
adamsba01,1921,1,PIT,NL,25,63,7,16,2,4,0,6.0,1.0,0.0,1,7.0,,0.0,2.0,,
adamsba01,1922,1,PIT,NL,27,56,6,16,2,0,1,6.0,0.0,0.0,4,7.0,,0.0,5.0,,
adamsba01,1923,1,PIT,NL,26,55,5,15,5,1,0,8.0,0.0,1.0,6,13.0,,0.0,1.0,,
adamsba01,1924,1,PIT,NL,9,11,1,2,1,0,0,1.0,0.0,0.0,0,1.0,,0.0,1.0,,
adamsba01,1925,1,PIT,NL,33,31,3,7,1,0,0,1.0,0.0,0.0,3,6.0,,0.0,1.0,,
adamsba01,1926,1,PIT,NL,19,9,1,2,0,0,0,0.0,0.0,,0,0.0,,0.0,0.0,,
adamsbe01,1910,1,CLE,AL,5,13,1,3,0,0,0,0.0,0.0,,0,3.0,,0.0,0.0,,
adamsbe01,1911,1,CLE,AL,2,5,0,1,0,0,0,0.0,0.0,,1,,,0.0,1.0,,
adamsbe01,1912,1,CLE,AL,20,54,5,11,2,1,0,6.0,0.0,,4,,,0.0,4.0,,
adamsbe01,1915,1,PHI,NL,24,27,1,3,0,0,0,2.0,0.0,,2,3.0,,0.0,2.0,,
adamsbe01,1916,1,PHI,NL,11,13,2,3,0,0,0,1.0,0.0,,0,3.0,,0.0,0.0,,
adamsbe01,1917,1,PHI,NL,43,107,4,22,4,1,1,7.0,0.0,,0,20.0,,0.0,4.0,,
adamsbe01,1918,1,PHI,NL,84,227,10,40,4,0,0,12.0,5.0,,10,26.0,,1.0,9.0,,
adamsbe01,1919,1,PHI,NL,78,232,14,54,7,2,1,17.0,4.0,,6,27.0,,0.0,3.0,,
adamsbo01,1925,1,BOS,AL,2,3,1,1,0,0,0,0.0,0.0,0.0,0,0.0,,0.0,0.0,,
adamsbo02,1931,1,PHI,NL,1,3,0,0,0,0,0,0.0,0.0,,0,0.0,,0.0,0.0,,
adamsbo02,1932,1,PHI,NL,4,0,0,0,0,0,0,0.0,0.0,0.0,0,0.0,0.0,0.0,0.0,0.0,0.0
adamsbo03,1946,1,CIN,NL,94,311,35,76,13,3,4,24.0,16.0,,18,32.0,,3.0,14.0,,7.0
adamsbo03,1947,1,CIN,NL,81,217,39,59,11,2,4,20.0,9.0,,25,23.0,,4.0,7.0,,2.0
adamsbo03,1948,1,CIN,NL,87,262,33,78,20,3,1,21.0,6.0,,25,23.0,,1.0,7.0,,5.0
adamsbo03,1949,1,CIN,NL,107,277,32,70,16,2,0,25.0,4.0,,26,36.0,,0.0,5.0,,6.0
adamsbo03,1950,1,CIN,NL,115,348,57,98,21,8,3,25.0,7.0,,43,29.0,,0.0,3.0,,2.0
adamsbo03,1951,1,CIN,NL,125,403,57,107,12,5,5,24.0,4.0,10.0,43,40.0,,1.0,3.0,,6.0
adamsbo03,1952,1,CIN,NL,154,637,85,180,25,4,6,48.0,11.0,9.0,49,67.0,,0.0,8.0,,15.0
adamsbo03,1953,1,CIN,NL,150,607,99,167,14,6,8,49.0,3.0,2.0,58,67.0,,0.0,12.0,,7.0
adamsbo03,1954,1,CIN,NL,110,390,69,105,25,6,3,23.0,2.0,5.0,55,46.0,,3.0,4.0,2.0,4.0
adamsbo03,1955,2,CHA,AL,28,21,8,2,0,1,0,3.0,0.0,0.0,4,4.0,0.0,0.0,0.0,0.0,0.0
adamsbo03,1955,1,CIN,NL,64,150,23,41,11,2,2,20.0,2.0,0.0,20,21.0,1.0,3.0,2.0,1.0,3.0
adamsbo03,1956,1,BAL,AL,41,111,19,25,6,1,0,7.0,1.0,1.0,25,15.0,0.0,0.0,5.0,2.0,1.0
adamsbo03,1957,1,CHN,NL,60,187,21,47,10,2,1,10.0,0.0,3.0,17,28.0,0.0,2.0,5.0,0.0,2.0
adamsbo03,1958,1,CHN,NL,62,96,14,27,4,4,0,4.0,2.0,0.0,6,15.0,0.0,0.0,3.0,0.0,2.0
adamsbo03,1959,1,CHN,NL,3,2,0,0,0,0,0,0.0,0.0,0.0,0,1.0,0.0,0.0,0.0,0.0,0.0
adamsbo04,1977,1,DET,AL,15,24,2,6,1,0,2,2.0,0.0,0.0,0,5.0,0.0,0.0,0.0,0.0,0.0
adamsbu01,1939,1,SLN,NL,2,1,1,0,0,0,0,0.0,0.0,,0,0.0,,0.0,0.0,,0.0
adamsbu01,1943,2,PHI,NL,111,418,48,107,14,7,4,38.0,2.0,,39,67.0,,0.0,9.0,,8.0
adamsbu01,1943,1,SLN,NL,8,11,1,1,1,0,0,1.0,0.0,,4,4.0,,0.0,3.0,,0.0
adamsbu01,1944,1,PHI,NL,151,584,86,165,35,3,17,64.0,2.0,,74,74.0,,7.0,17.0,,11.0
adamsbu01,1945,1,PHI,NL,14,56,6,13,3,1,2,8.0,0.0,,5,5.0,,0.0,0.0,,2.0
adamsbu01,1945,2,SLN,NL,140,578,98,169,26,0,20,101.0,3.0,,57,75.0,,3.0,8.0,,8.0
adamsbu01,1946,1,SLN,NL,81,173,21,32,6,0,5,22.0,3.0,,29,27.0,,3.0,4.0,,3.0
adamsbu01,1947,1,PHI,NL,69,182,21,45,11,1,2,15.0,2.0,,26,29.0,,0.0,1.0,,3.0
adamsch01,2018,1,NYA,AL,3,0,0,0,0,0,0,0.0,0.0,0.0,0,0.0,0.0,0.0,0.0,0.0,0.0
adamsch01,2019,1,NYA,AL,13,0,0,0,0,0,0,0.0,0.0,0.0,0,0.0,0.0,0.0,0.0,0.0,0.0
adamsch01,2020,1,KCA,AL,6,0,0,0,0,0,0,0.0,0.0,0.0,0,0.0,0.0,0.0,0.0,0.0,0.0
adamsda01,1914,1,KCF,FL,36,46,1,7,0,0,1,2.0,0.0,,2,18.0,,0.0,1.0,,
adamsda01,1915,1,KCF,FL,11,9,0,1,0,0,0,1.0,0.0,,1,0.0,,0.0,0.0,,
adamsda02,2013,1,NYA,AL,43,140,10,27,5,1,2,13.0,0.0,0.0,9,43.0,0.0,2.0,1.0,0.0,4.0
adamsdi01,1947,1,PHA,AL,37,89,9,18,2,3,2,11.0,0.0,0.0,2,18.0,,0.0,2.0,,0.0
adamsdo01,1969,1,CHA,AL,8,14,1,3,0,0,0,1.0,0.0,0.0,1,3.0,0.0,0.0,0.0,0.0,1.0
adamsge01,1879,1,SR1,NL,4,13,0,3,0,0,0,0.0,,,1,1.0,,,,,
adamsgl01,1975,1,SFN,NL,61,90,10,27,2,1,4,15.0,1.0,0.0,11,25.0,0.0,1.0,0.0,1.0,1.0
adamsgl01,1976,1,SFN,NL,69,74,2,18,4,0,0,3.0,1.0,0.0,1,12.0,0.0,0.0,0.0,0.0,4.0
adamsgl01,1977,1,MIN,AL,95,269,32,91,17,0,6,49.0,0.0,2.0,18,30.0,3.0,0.0,0.0,3.0,5.0
adamsgl01,1978,1,MIN,AL,116,310,27,80,18,1,7,35.0,0.0,1.0,17,32.0,0.0,0.0,2.0,0.0,10.0
adamsgl01,1979,1,MIN,AL,119,326,34,98,13,1,8,50.0,2.0,2.0,25,27.0,0.0,3.0,1.0,6.0,3.0
adamsgl01,1980,1,MIN,AL,99,262,32,75,11,2,6,38.0,2.0,4.0,15,26.0,1.0,0.0,6.0,4.0,11.0
adamsgl01,1981,1,MIN,AL,72,220,13,46,10,0,2,24.0,0.0,1.0,20,26.0,4.0,0.0,0.0,2.0,10.0
adamsgl01,1982,1,TOR,AL,30,66,2,17,4,0,1,11.0,0.0,0.0,4,5.0,0.0,0.0,0.0,3.0,3.0
adamshe01,1948,1,CHA,AL,5,11,1,3,1,0,0,0.0,0.0,0.0,1,1.0,,0.0,1.0,,0.0
adamshe01,1949,1,CHA,AL,56,208,26,61,5,3,0,16.0,1.0,2.0,9,16.0,,0.0,1.0,,3.0
adamshe01,1950,1,CHA,AL,34,118,12,24,2,3,0,2.0,3.0,0.0,12,7.0,,2.0,1.0,,2.0
adamsji01,1890,1,SL4,AA,1,4,0,1,0,0,0,0.0,0.0,,0,,,0.0,,,
adamsjo01,1902,1,SLN,NL,1,2,0,0,0,0,0,0.0,0.0,,0,0.0,,0.0,0.0,,
adamsjo02,1996,1,FLO,NL,9,0,0,0,0,0,0,0.0,0.0,0.0,0,0.0,0.0,0.0,0.0,0.0,0.0
adamsjo02,1997,1,ML4,AL,30,3,0,0,0,0,0,0.0,0.0,0.0,0,0.0,0.0,0.0,0.0,0.0,0.0
adamsjo02,1998,1,ARI,NL,5,7,0,3,1,0,0,1.0,0.0,0.0,0,0.0,0.0,0.0,1.0,0.0,1.0
adamsjo03,2023,1,LAA,AL,17,39,1,5,0,0,0,1.0,1.0,2.0,0,16.0,0.0,0.0,0.0,1.0,0.0
adamsjo03,2024,1,LAA,AL,11,35,4,8,0,0,1,4.0,2.0,0.0,3,12.0,0.0,0.0,0.0,0.0,1.0
adamska01,1914,1,CIN,NL,4,2,0,1,0,0,0,0.0,0.0,,0,0.0,,0.0,0.0,,
adamska01,1915,1,CHN,NL,26,30,0,0,0,0,0,0.0,0.0,,0,16.0,,0.0,1.0,,
adamsla01,2014,1,KCA,AL,6,3,1,0,0,0,0,0.0,0.0,0.0,0,2.0,0.0,0.0,0.0,0.0,0.0
adamsla01,2017,1,ATL,NL,85,109,19,30,4,1,5,20.0,10.0,0.0,10,37.0,0.0,1.0,1.0,1.0,3.0
adamsla01,2018,1,ATL,NL,26,25,10,6,1,0,2,6.0,1.0,0.0,4,8.0,0.0,0.0,0.0,0.0,1.0
adamsma01,2012,1,SLN,NL,27,86,8,21,6,0,2,13.0,0.0,0.0,5,24.0,0.0,0.0,0.0,0.0,3.0
adamsma01,2013,1,SLN,NL,108,296,46,84,14,0,17,51.0,0.0,1.0,23,80.0,0.0,0.0,0.0,0.0,9.0
adamsma01,2014,1,SLN,NL,142,527,55,152,34,5,15,68.0,3.0,2.0,26,114.0,5.0,3.0,0.0,7.0,9.0
adamsma01,2015,1,SLN,NL,60,175,14,42,9,0,5,24.0,1.0,0.0,10,41.0,1.0,0.0,0.0,1.0,1.0
adamsma01,2016,1,SLN,NL,118,297,37,74,18,0,16,54.0,0.0,1.0,25,81.0,1.0,2.0,0.0,3.0,5.0
adamsma01,2017,2,ATL,NL,100,291,42,79,20,1,19,58.0,0.0,0.0,19,71.0,5.0,1.0,0.0,3.0,5.0
adamsma01,2017,1,SLN,NL,31,48,4,14,2,0,1,7.0,0.0,0.0,4,17.0,0.0,0.0,0.0,1.0,0.0
adamsma01,2018,2,SLN,NL,27,57,5,9,1,0,3,9.0,0.0,0.0,3,18.0,1.0,0.0,0.0,0.0,0.0
adamsma01,2018,1,WAS,NL,94,249,37,64,9,0,18,48.0,0.0,0.0,24,55.0,2.0,4.0,0.0,0.0,6.0
adamsma01,2019,1,WAS,NL,111,310,42,70,14,0,20,56.0,0.0,0.0,20,115.0,1.0,2.0,0.0,1.0,7.0
adamsma01,2020,1,ATL,NL,16,49,4,9,2,0,2,9.0,0.0,0.0,2,18.0,0.0,0.0,0.0,0.0,3.0
adamsma01,2021,1,COL,NL,22,36,3,6,1,0,0,2.0,0.0,0.0,4,9.0,1.0,0.0,0.0,0.0,1.0
adamsmi01,1967,1,BAL,AL,3,2,1,1,0,1,0,1.0,0.0,0.0,0,1.0,0.0,0.0,0.0,0.0,0.0
adamsmi01,1968,1,BAL,AL,2,3,0,1,0,0,0,0.0,0.0,0.0,0,2.0,0.0,0.0,0.0,0.0,0.0
adamsmi01,1969,1,BAL,AL,6,1,0,0,0,0,0,0.0,0.0,0.0,0,1.0,0.0,0.0,1.0,0.0,0.0
adamsmi02,1972,1,MIN,AL,3,6,0,2,0,0,0,0.0,0.0,0.0,0,1.0,0.0,0.0,0.0,0.0,0.0
adamsmi02,1973,1,MIN,AL,55,66,21,14,2,0,3,6.0,2.0,1.0,17,18.0,0.0,1.0,0.0,0.0,2.0
adamsmi02,1976,1,CHN,NL,25,29,1,4,2,0,0,2.0,0.0,0.0,8,7.0,0.0,1.0,0.0,0.0,0.0
adamsmi02,1977,1,CHN,NL,2,2,0,0,0,0,0,0.0,0.0,0.0,0,1.0,0.0,0.0,0.0,0.0,0.0
adamsmi02,1978,1,OAK,AL,15,15,5,3,1,0,0,1.0,0.0,0.0,7,2.0,0.0,0.0,0.0,0.0,0.0
adamsmi03,2004,1,MIL,NL,46,0,0,0,0,0,0,0.0,0.0,0.0,0,0.0,0.0,0.0,0.0,0.0,0.0
adamsmi03,2005,1,MIL,NL,13,0,0,0,0,0,0,0.0,0.0,0.0,0,0.0,0.0,0.0,0.0,0.0,0.0
adamsmi03,2006,1,MIL,NL,2,0,0,0,0,0,0,0.0,0.0,0.0,0,0.0,0.0,0.0,0.0,0.0,0.0
adamsmi03,2008,1,SDN,NL,54,2,0,0,0,0,0,0.0,0.0,0.0,0,0.0,0.0,0.0,0.0,0.0,0.0
adamsmi03,2009,1,SDN,NL,37,0,0,0,0,0,0,0.0,0.0,0.0,0,0.0,0.0,0.0,0.0,0.0,0.0
adamsmi03,2010,1,SDN,NL,70,0,0,0,0,0,0,0.0,0.0,0.0,0,0.0,0.0,0.0,0.0,0.0,0.0
adamsmi03,2011,1,SDN,NL,49,0,0,0,0,0,0,0.0,0.0,0.0,0,0.0,0.0,0.0,0.0,0.0,0.0
adamsmi03,2011,2,TEX,AL,28,0,0,0,0,0,0,0.0,0.0,0.0,0,0.0,0.0,0.0,0.0,0.0,0.0
adamsmi03,2012,1,TEX,AL,61,0,0,0,0,0,0,0.0,0.0,0.0,0,0.0,0.0,0.0,0.0,0.0,0.0
adamsmi03,2013,1,PHI,NL,28,0,0,0,0,0,0,0.0,0.0,0.0,0,0.0,0.0,0.0,0.0,0.0,0.0
adamsmi03,2014,1,PHI,NL,22,0,0,0,0,0,0,0.0,0.0,0.0,0,0.0,0.0,0.0,0.0,0.0,0.0
adamsre01,1946,1,CHN,NL,8,1,0,0,0,0,0,0.0,0.0,,0,0.0,,0.0,0.0,,0.0
adamsri01,1905,1,WS1,AL,11,23,1,4,0,0,0,0.0,0.0,,4,5.0,,0.0,0.0,,
adamsri02,1982,1,CAL,AL,8,14,1,2,0,0,0,0.0,1.0,0.0,0,2.0,0.0,1.0,1.0,0.0,1.0
adamsri02,1983,1,CAL,AL,58,112,22,28,2,0,2,6.0,1.0,1.0,5,12.0,0.0,3.0,3.0,0.0,2.0
adamsri02,1985,1,SFN,NL,54,121,12,23,3,1,2,10.0,1.0,1.0,5,23.0,3.0,1.0,3.0,0.0,2.0
adamsri03,2021,1,TOR,AL,12,28,2,3,2,0,0,0.0,0.0,0.0,2,12.0,0.0,0.0,0.0,0.0,1.0
adamsri03,2021,2,WAS,NL,35,71,11,19,6,1,2,10.0,0.0,0.0,13,28.0,0.0,6.0,0.0,0.0,1.0
adamsri03,2022,1,WAS,NL,48,142,14,25,4,0,5,10.0,0.0,1.0,12,46.0,0.0,1.0,0.0,0.0,2.0
adamsri03,2023,1,WAS,NL,44,143,8,39,13,2,4,21.0,0.0,0.0,11,45.0,0.0,2.0,1.0,1.0,5.0
adamsri03,2024,1,WAS,NL,41,116,10,26,5,1,2,8.0,1.0,0.0,10,35.0,1.0,2.0,0.0,2.0,4.0
adamsru01,2004,1,TOR,AL,22,72,10,22,2,1,4,10.0,1.0,0.0,5,5.0,0.0,1.0,0.0,0.0,3.0
adamsru01,2005,1,TOR,AL,139,481,68,123,27,5,8,63.0,11.0,2.0,50,57.0,1.0,3.0,3.0,8.0,5.0
adamsru01,2006,1,TOR,AL,90,251,31,55,14,1,3,28.0,1.0,2.0,22,41.0,0.0,1.0,3.0,3.0,5.0
adamsru01,2007,1,TOR,AL,27,60,14,14,3,0,2,12.0,2.0,1.0,7,14.0,1.0,0.0,2.0,0.0,1.0
adamsru01,2009,1,TOR,AL,8,20,2,4,0,0,0,0.0,0.0,0.0,1,1.0,0.0,0.0,0.0,0.0,0.0
adamsry01,2011,1,BAL,AL,29,89,9,25,4,0,0,7.0,0.0,0.0,6,25.0,0.0,1.0,0.0,0.0,7.0
adamssp01,1922,1,CHN,NL,11,44,5,11,0,1,0,3.0,1.0,2.0,4,3.0,,0.0,1.0,,
adamssp01,1923,1,CHN,NL,95,311,40,90,12,0,4,35.0,20.0,19.0,26,10.0,,1.0,14.0,,
adamssp01,1924,1,CHN,NL,117,418,66,117,11,5,1,27.0,15.0,17.0,40,20.0,,1.0,14.0,,
adamssp01,1925,1,CHN,NL,149,627,95,180,29,8,2,48.0,26.0,12.0,44,15.0,,7.0,9.0,,
adamssp01,1926,1,CHN,NL,154,624,95,193,35,3,0,39.0,27.0,,52,27.0,,5.0,19.0,,
adamssp01,1927,1,CHN,NL,146,647,100,189,17,7,0,49.0,26.0,,42,26.0,,0.0,16.0,,
adamssp01,1928,1,PIT,NL,135,539,91,149,14,6,0,38.0,8.0,,64,18.0,,4.0,21.0,,
adamssp01,1929,1,PIT,NL,74,196,37,51,8,1,0,11.0,3.0,,15,5.0,,1.0,5.0,,
adamssp01,1930,1,SLN,NL,137,570,98,179,36,9,0,55.0,7.0,,45,27.0,,1.0,15.0,,
adamssp01,1931,1,SLN,NL,143,608,97,178,46,5,1,40.0,16.0,,42,24.0,,2.0,6.0,,
adamssp01,1932,1,SLN,NL,31,127,22,35,3,1,0,13.0,0.0,,14,5.0,,1.0,0.0,,
adamssp01,1933,2,CIN,NL,137,538,59,141,21,1,1,22.0,3.0,,44,30.0,,2.0,15.0,,10.0
adamssp01,1933,1,SLN,NL,8,30,1,5,1,0,0,0.0,0.0,,1,3.0,,1.0,0.0,,2.0
adamssp01,1934,1,CIN,NL,87,278,38,70,16,1,0,14.0,2.0,,20,10.0,,2.0,1.0,,2.0
adamssp02,1923,1,PIT,NL,25,56,11,14,0,1,0,4.0,2.0,1.0,6,6.0,,0.0,0.0,,
adamssp02,1925,1,WS1,AL,39,55,11,15,4,1,0,4.0,1.0,1.0,5,4.0,,0.0,3.0,,
adamssp02,1926,1,NYA,AL,28,25,7,3,1,0,0,1.0,1.0,0.0,3,7.0,,0.0,0.0,,
adamssp02,1927,1,SLA,AL,88,259,32,69,11,3,0,29.0,1.0,8.0,24,33.0,,2.0,9.0,,
adamste01,1995,1,CHN,NL,18,0,0,0,0,0,0,0.0,0.0,0.0,0,0.0,0.0,0.0,0.0,0.0,0.0
adamste01,1996,1,CHN,NL,69,6,0,0,0,0,0,0.0,0.0,0.0,1,3.0,0.0,0.0,0.0,0.0,0.0
adamste01,1997,1,CHN,NL,74,2,0,0,0,0,0,0.0,0.0,0.0,0,1.0,0.0,0.0,0.0,0.0,0.0
adamste01,1998,1,CHN,NL,63,1,0,0,0,0,0,0.0,0.0,0.0,0,1.0,0.0,0.0,0.0,0.0,0.0
adamste01,1999,1,CHN,NL,52,2,0,0,0,0,0,0.0,0.0,0.0,0,2.0,0.0,0.0,0.0,0.0,0.0
adamste01,2000,1,LAN,NL,66,2,0,0,0,0,0,0.0,0.0,0.0,0,1.0,0.0,0.0,1.0,0.0,0.0
adamste01,2001,1,LAN,NL,43,39,2,2,1,0,0,1.0,0.0,0.0,3,19.0,0.0,0.0,5.0,1.0,0.0
adamste01,2002,1,PHI,NL,46,25,0,2,0,0,0,1.0,0.0,0.0,3,13.0,0.0,0.0,6.0,0.0,1.0
adamste01,2003,1,PHI,NL,66,1,0,0,0,0,0,0.0,0.0,0.0,0,1.0,0.0,0.0,0.0,0.0,0.0
adamste01,2004,2,BOS,AL,19,0,0,0,0,0,0,0.0,0.0,0.0,0,0.0,0.0,0.0,0.0,0.0,0.0
adamste01,2004,1,TOR,AL,42,0,0,0,0,0,0,0.0,0.0,0.0,0,0.0,0.0,0.0,0.0,0.0,0.0
adamste01,2005,1,PHI,NL,16,0,0,0,0,0,0,0.0,0.0,0.0,0,0.0,0.0,0.0,0.0,0.0,0.0
adamswi01,1912,1,SLA,AL,13,13,0,0,0,0,0,0.0,0.0,,0,,,0.0,0.0,,
adamswi01,1913,1,SLA,AL,4,1,0,0,0,0,0,0.0,0.0,,1,1.0,,0.0,0.0,,
adamswi01,1914,1,PTF,FL,15,15,1,1,0,1,0,0.0,0.0,,0,0.0,,0.0,0.0,,
adamswi01,1918,1,PHA,AL,32,57,3,8,1,0,0,2.0,0.0,,2,16.0,,0.0,1.0,,
adamswi01,1919,1,PHA,AL,1,2,0,0,0,0,0,0.0,0.0,,0,1.0,,0.0,0.0,,
adamswi02,1996,1,OAK,AL,12,0,0,0,0,0,0,0.0,0.0,0.0,0,0.0,0.0,0.0,0.0,0.0,0.0
adamswi02,1997,1,OAK,AL,13,0,0,0,0,0,0,0.0,0.0,0.0,0,0.0,0.0,0.0,0.0,0.0,0.0
adcocjo01,1950,1,CIN,NL,102,372,46,109,16,1,8,55.0,2.0,,24,24.0,,0.0,3.0,,12.0
adcocjo01,1951,1,CIN,NL,113,395,40,96,16,4,10,47.0,1.0,2.0,24,29.0,,1.0,2.0,,25.0
adcocjo01,1952,1,CIN,NL,117,378,43,105,22,4,13,52.0,1.0,4.0,23,38.0,,1.0,1.0,,10.0
adcocjo01,1953,1,ML1,NL,157,590,71,168,33,6,18,80.0,3.0,2.0,42,82.0,,2.0,6.0,,22.0
adcocjo01,1954,1,ML1,NL,133,500,73,154,27,5,23,87.0,1.0,4.0,44,58.0,,3.0,11.0,4.0,7.0
adcocjo01,1955,1,ML1,NL,84,288,40,76,14,0,15,45.0,0.0,2.0,31,44.0,3.0,2.0,2.0,1.0,13.0
adcocjo01,1956,1,ML1,NL,137,454,76,132,23,1,38,103.0,1.0,0.0,32,86.0,6.0,1.0,11.0,2.0,11.0
adcocjo01,1957,1,ML1,NL,65,209,31,60,13,2,12,38.0,0.0,0.0,20,51.0,3.0,1.0,0.0,1.0,7.0
adcocjo01,1958,1,ML1,NL,105,320,40,88,15,1,19,54.0,0.0,0.0,21,63.0,1.0,1.0,2.0,5.0,14.0
adcocjo01,1959,1,ML1,NL,115,404,53,118,19,2,25,76.0,0.0,0.0,32,77.0,6.0,0.0,2.0,6.0,8.0
adcocjo01,1960,1,ML1,NL,138,514,55,153,21,4,25,91.0,2.0,2.0,46,86.0,7.0,1.0,5.0,4.0,13.0
adcocjo01,1961,1,ML1,NL,152,562,77,160,20,0,35,108.0,2.0,1.0,59,94.0,4.0,2.0,4.0,2.0,22.0
adcocjo01,1962,1,ML1,NL,121,391,48,97,12,1,29,78.0,2.0,0.0,50,91.0,8.0,1.0,2.0,3.0,18.0
adcocjo01,1963,1,CLE,AL,97,283,28,71,7,1,13,49.0,1.0,2.0,30,53.0,4.0,0.0,1.0,3.0,7.0
adcocjo01,1964,1,LAA,AL,118,366,39,98,13,0,21,64.0,0.0,2.0,48,61.0,4.0,0.0,0.0,1.0,13.0
adcocjo01,1965,1,CAL,AL,122,349,30,84,14,0,14,47.0,2.0,2.0,37,74.0,3.0,1.0,0.0,0.0,10.0
adcocjo01,1966,1,CAL,AL,83,231,33,63,10,3,18,48.0,2.0,2.0,31,48.0,6.0,0.0,0.0,3.0,11.0
adcocna01,2011,1,KCA,AL,24,0,0,0,0,0,0,0.0,0.0,0.0,0,0.0,0.0,0.0,0.0,0.0,0.0
adcocna01,2012,1,KCA,AL,12,1,0,0,0,0,0,0.0,0.0,0.0,0,1.0,0.0,0.0,0.0,0.0,0.0
adcocna01,2014,1,TEX,AL,7,0,0,0,0,0,0,0.0,0.0,0.0,0,0.0,0.0,0.0,0.0,0.0,0.0
adcocna01,2015,1,CIN,NL,13,0,0,0,0,0,0,0.0,0.0,0.0,0,0.0,0.0,0.0,0.0,0.0,0.0
adcocty01,2023,1,SEA,AL,12,0,0,0,0,0,0,0.0,0.0,0.0,0,0.0,0.0,0.0,0.0,0.0,0.0
adcocty01,2024,1,NYN,NL,3,0,0,0,0,0,0,0.0,0.0,0.0,0,0.0,0.0,0.0,0.0,0.0,0.0
addisbo01,1950,1,BSN,NL,16,28,7,7,1,0,0,2.0,1.0,,3,5.0,,0.0,0.0,,0.0
addisbo01,1951,1,BSN,NL,85,199,23,55,7,0,1,24.0,3.0,2.0,9,10.0,,0.0,3.0,,4.0
addisbo01,1952,1,CHN,NL,93,292,38,86,13,2,1,20.0,4.0,4.0,23,30.0,,0.0,2.0,,5.0
addisbo01,1953,1,CHN,NL,10,12,2,2,1,0,0,1.0,0.0,0.0,2,0.0,,0.0,0.0,,0.0
addisbo01,1953,2,PIT,NL,4,3,0,0,0,0,0,0.0,0.0,0.0,0,2.0,,0.0,0.0,,0.0
adducji01,1983,1,SLN,NL,10,20,0,1,0,0,0,0.0,0.0,0.0,1,6.0,0.0,0.0,0.0,0.0,0.0
adducji01,1986,1,ML4,AL,3,11,2,1,1,0,0,0.0,0.0,0.0,1,2.0,0.0,0.0,1.0,0.0,0.0
adducji01,1988,1,ML4,AL,44,94,8,25,6,1,1,15.0,0.0,1.0,0,15.0,0.0,0.0,0.0,3.0,1.0
adducji01,1989,1,PHI,NL,13,19,1,7,1,0,0,0.0,0.0,0.0,0,4.0,0.0,0.0,0.0,0.0,0.0
adducji02,2013,1,TEX,AL,17,31,2,8,1,0,0,0.0,2.0,0.0,3,9.0,0.0,0.0,0.0,0.0,0.0
adducji02,2014,1,TEX,AL,44,101,13,17,3,0,1,8.0,3.0,1.0,10,27.0,0.0,0.0,1.0,2.0,2.0
adducji02,2017,1,DET,AL,29,83,14,20,6,2,1,10.0,1.0,1.0,10,27.0,0.0,0.0,0.0,0.0,1.0
adducji02,2018,1,DET,AL,59,176,19,47,8,2,3,21.0,1.0,0.0,6,45.0,0.0,0.0,2.0,1.0,2.0
adducji02,2019,1,CHN,NL,2,5,0,0,0,0,0,0.0,0.0,0.0,0,3.0,0.0,0.0,0.0,0.0,0.0
addybo01,1871,1,RC1,,25,118,30,32,6,0,0,13.0,8.0,1.0,4,0.0,,,,,0.0
addybo01,1873,2,BS1,,31,152,37,54,6,3,1,32.0,6.0,5.0,2,1.0,,,,,0.0
addybo01,1873,1,PH2,,10,51,12,16,1,0,0,10.0,1.0,1.0,2,0.0,,,,,0.0
addybo01,1874,1,HR1,,50,213,25,51,9,2,0,22.0,4.0,2.0,1,1.0,,,,,0.0
addybo01,1875,1,PH2,,69,310,60,80,8,4,0,43.0,16.0,8.0,0,2.0,,,,,0.0
addybo01,1876,1,CHN,NL,32,142,36,40,4,1,0,16.0,,,5,0.0,,,,,
addybo01,1877,1,CN1,NL,57,245,27,68,2,3,0,31.0,,,6,5.0,,,,,
adelljo01,2020,1,LAA,AL,38,124,9,20,4,0,3,7.0,0.0,1.0,7,55.0,0.0,1.0,0.0,0.0,3.0
adelljo01,2021,1,LAA,AL,35,130,17,32,5,2,4,26.0,2.0,1.0,8,32.0,0.0,1.0,1.0,0.0,3.0
adelljo01,2022,1,LAA,AL,88,268,22,60,12,2,8,27.0,4.0,2.0,11,107.0,0.0,4.0,0.0,1.0,6.0
adelljo01,2023,1,LAA,AL,16,58,7,12,3,1,3,6.0,1.0,0.0,4,25.0,0.0,0.0,0.0,0.0,1.0
adelljo01,2024,1,LAA,AL,130,405,54,84,15,2,20,62.0,15.0,10.0,35,126.0,1.0,7.0,0.0,3.0,9.0
adenhni01,2008,1,LAA,AL,3,0,0,0,0,0,0,0.0,0.0,0.0,0,0.0,0.0,0.0,0.0,0.0,0.0
adenhni01,2009,1,LAA,AL,1,0,0,0,0,0,0,0.0,0.0,0.0,0,0.0,0.0,0.0,0.0,0.0,0.0
aderhmo01,1939,1,WS1,AL,7,25,5,5,0,0,1,4.0,0.0,1.0,2,6.0,,0.0,0.0,,0.0
aderhmo01,1940,1,WS1,AL,1,2,0,0,0,0,0,0.0,0.0,0.0,0,0.0,,0.0,0.0,,0.0
aderhmo01,1941,1,WS1,AL,11,14,3,2,0,0,0,1.0,0.0,0.0,1,3.0,,0.0,0.0,,0.0
aderhmo01,1944,1,BRO,NL,17,59,9,16,2,3,0,10.0,0.0,,4,4.0,,0.0,0.0,,0.0
aderhmo01,1945,1,BRO,NL,39,60,4,13,1,0,0,6.0,0.0,,3,10.0,,0.0,0.0,,0.0
aderhmo01,1945,2,BSN,NL,31,102,15,34,4,0,2,11.0,3.0,,9,6.0,,0.0,0.0,,1.0
adkinde01,1942,1,WS1,AL,1,2,1,1,0,0,0,1.0,0.0,0.0,0,0.0,,0.0,1.0,,0.0
adkinde01,1943,1,WS1,AL,7,0,0,0,0,0,0,0.0,0.0,0.0,0,0.0,0.0,0.0,0.0,0.0,0.0
adkinde01,1949,1,CHN,NL,30,20,1,4,1,0,1,2.0,0.0,,0,10.0,,0.0,0.0,,0.0
adkindi01,1942,1,PHA,AL,3,7,2,1,0,0,0,0.0,0.0,0.0,2,2.0,,0.0,0.0,,0.0
adkindo01,1902,1,BOS,AL,4,9,1,2,0,0,0,0.0,0.0,,0,1.0,,0.0,0.0,,
adkindo01,1903,1,NYA,AL,2,3,0,0,0,0,0,0.0,0.0,,0,0.0,,0.0,0.0,,
adkingr01,1928,1,CHA,AL,39,70,3,10,0,1,0,5.0,0.0,0.0,2,16.0,,1.0,9.0,,
adkingr01,1929,1,CHA,AL,37,46,6,11,3,2,0,1.0,1.0,0.0,4,10.0,,0.0,1.0,,
adkinhe01,1895,1,SLN,NL,1,5,1,2,0,0,0,0.0,0.0,,0,2.0,,0.0,0.0,,
adkinjo01,2003,1,CHA,AL,4,0,0,0,0,0,0,0.0,0.0,0.0,0,0.0,0.0,0.0,0.0,0.0,0.0
adkinjo01,2004,1,CHA,AL,50,0,0,0,0,0,0,0.0,0.0,0.0,0,0.0,0.0,0.0,0.0,0.0,0.0
adkinjo01,2005,1,CHA,AL,5,0,0,0,0,0,0,0.0,0.0,0.0,0,0.0,0.0,0.0,0.0,0.0,0.0
adkinjo01,2006,1,SDN,NL,55,1,0,0,0,0,0,0.0,0.0,0.0,0,1.0,0.0,0.0,0.0,0.0,0.0
adkinjo01,2007,1,NYN,NL,1,0,0,0,0,0,0,0.0,0.0,0.0,0,0.0,0.0,0.0,0.0,0.0,0.0
adkinjo01,2008,1,CIN,NL,4,0,0,0,0,0,0,0.0,0.0,0.0,0,0.0,0.0,0.0,0.0,0.0,0.0
adkinst01,1990,1,NYA,AL,5,0,0,0,0,0,0,0.0,0.0,0.0,0,0.0,0.0,0.0,0.0,0.0,0.0
adlemti01,2016,1,CIN,NL,13,21,2,4,2,0,0,3.0,0.0,0.0,0,11.0,0.0,0.0,2.0,0.0,0.0
adlemti01,2017,1,CIN,NL,30,29,0,3,1,0,0,2.0,0.0,0.0,0,10.0,0.0,0.0,3.0,0.0,0.0
adlesda01,1963,1,HOU,NL,6,8,0,0,0,0,0,0.0,0.0,0.0,0,4.0,0.0,0.0,0.0,0.0,1.0
adlesda01,1964,1,HOU,NL,3,10,0,2,0,0,0,0.0,0.0,0.0,0,5.0,0.0,0.0,0.0,0.0,0.0
adlesda01,1965,1,HOU,NL,15,34,2,5,1,0,0,3.0,0.0,0.0,2,12.0,0.0,1.0,0.0,0.0,1.0
adlesda01,1966,1,HOU,NL,3,6,0,0,0,0,0,0.0,0.0,0.0,0,4.0,0.0,0.0,0.0,0.0,0.0
adlesda01,1967,1,HOU,NL,39,94,4,17,1,0,1,4.0,0.0,0.0,11,28.0,3.0,0.0,0.0,1.0,6.0
adlesda01,1968,1,HOU,NL,40,104,3,19,1,1,0,4.0,0.0,0.0,5,27.0,2.0,1.0,2.0,0.0,1.0
adonjo01,2021,1,WAS,NL,1,2,0,0,0,0,0,0.0,0.0,0.0,0,2.0,0.0,0.0,0.0,0.0,0.0
adonjo01,2022,1,WAS,NL,14,0,0,0,0,0,0,0.0,0.0,0.0,0,0.0,0.0,0.0,0.0,0.0,0.0
adonjo01,2023,1,WAS,NL,12,0,0,0,0,0,0,0.0,0.0,0.0,0,0.0,0.0,0.0,0.0,0.0,0.0
adonjo01,2024,1,WAS,NL,8,0,0,0,0,0,0,0.0,0.0,0.0,0,0.0,0.0,0.0,0.0,0.0,0.0
adriaeh01,2013,1,SFN,NL,9,18,3,4,1,0,1,3.0,0.0,0.0,1,5.0,0.0,0.0,1.0,0.0,1.0
adriaeh01,2014,1,SFN,NL,53,97,10,23,6,0,0,5.0,1.0,1.0,5,22.0,1.0,1.0,2.0,1.0,2.0
adriaeh01,2015,1,SFN,NL,52,113,11,21,7,1,0,11.0,3.0,2.0,15,20.0,0.0,4.0,2.0,0.0,2.0
adriaeh01,2016,1,SFN,NL,40,63,3,16,2,0,2,7.0,0.0,1.0,2,13.0,0.0,2.0,4.0,0.0,0.0
adriaeh01,2017,1,MIN,AL,70,162,30,43,9,2,2,24.0,8.0,1.0,16,25.0,1.0,1.0,1.0,6.0,0.0
adriaeh01,2018,1,MIN,AL,114,335,42,84,23,1,6,39.0,5.0,1.0,24,82.0,2.0,1.0,4.0,2.0,4.0
adriaeh01,2019,1,MIN,AL,84,202,34,55,8,3,5,22.0,0.0,2.0,20,40.0,1.0,6.0,2.0,4.0,2.0
adriaeh01,2020,1,MIN,AL,44,89,10,17,7,0,0,3.0,1.0,0.0,11,23.0,0.0,1.0,0.0,0.0,3.0
adriaeh01,2021,1,ATL,NL,109,182,32,45,9,2,5,28.0,0.0,0.0,21,42.0,0.0,2.0,1.0,3.0,4.0
adriaeh01,2022,2,ATL,NL,6,13,3,2,1,0,0,0.0,0.0,0.0,3,3.0,0.0,0.0,0.0,0.0,0.0
adriaeh01,2022,1,WAS,NL,31,84,5,15,2,0,0,7.0,1.0,0.0,8,22.0,0.0,1.0,0.0,1.0,2.0
adriaeh01,2023,1,ATL,NL,5,10,0,0,0,0,0,0.0,0.0,0.0,1,4.0,0.0,0.0,0.0,0.0,0.0
adriaeh01,2024,1,LAA,AL,8,26,4,5,1,0,1,2.0,0.0,0.0,2,11.0,0.0,0.0,0.0,0.0,1.0
afenitr01,1987,1,HOU,NL,10,20,1,6,1,0,0,1.0,0.0,0.0,0,12.0,0.0,0.0,0.0,0.0,0.0
afenitr01,1990,1,OAK,AL,14,14,0,2,0,0,0,2.0,0.0,0.0,0,6.0,0.0,0.0,0.0,1.0,0.0
afenitr01,1991,1,OAK,AL,5,11,0,1,0,0,0,0.0,0.0,0.0,0,2.0,0.0,0.0,0.0,0.0,1.0
afenitr01,1992,1,CIN,NL,16,34,3,6,1,2,0,4.0,0.0,0.0,5,12.0,0.0,0.0,1.0,0.0,0.0
affelje01,2002,1,KCA,AL,34,0,0,0,0,0,0,0.0,0.0,0.0,0,0.0,0.0,0.0,0.0,0.0,0.0
affelje01,2003,1,KCA,AL,36,6,0,2,0,0,0,2.0,0.0,0.0,1,1.0,0.0,0.0,0.0,0.0,0.0
affelje01,2004,1,KCA,AL,38,0,0,0,0,0,0,0.0,0.0,0.0,0,0.0,0.0,0.0,0.0,0.0,0.0
affelje01,2005,1,KCA,AL,49,0,0,0,0,0,0,0.0,0.0,0.0,0,0.0,0.0,0.0,0.0,0.0,0.0
affelje01,2006,2,COL,NL,27,1,0,0,0,0,0,0.0,0.0,0.0,0,0.0,0.0,0.0,0.0,0.0,0.0
affelje01,2006,1,KCA,AL,27,2,0,0,0,0,0,0.0,0.0,0.0,0,1.0,0.0,0.0,0.0,0.0,0.0
affelje01,2007,1,COL,NL,75,0,0,0,0,0,0,0.0,0.0,0.0,0,0.0,0.0,0.0,0.0,0.0,0.0
affelje01,2008,1,CIN,NL,74,1,0,0,0,0,0,0.0,0.0,0.0,0,0.0,0.0,0.0,0.0,0.0,0.0
affelje01,2009,1,SFN,NL,74,2,0,1,0,0,0,0.0,0.0,0.0,0,0.0,0.0,0.0,0.0,0.0,0.0
affelje01,2010,1,SFN,NL,53,1,0,0,0,0,0,0.0,0.0,0.0,0,1.0,0.0,0.0,0.0,0.0,0.0
affelje01,2011,1,SFN,NL,67,1,0,0,0,0,0,0.0,0.0,0.0,1,1.0,0.0,0.0,0.0,0.0,0.0
affelje01,2012,1,SFN,NL,67,1,0,0,0,0,0,0.0,0.0,0.0,0,0.0,0.0,0.0,0.0,0.0,0.0
affelje01,2013,1,SFN,NL,39,0,0,0,0,0,0,0.0,0.0,0.0,0,0.0,0.0,0.0,0.0,0.0,0.0
affelje01,2014,1,SFN,NL,62,0,0,0,0,0,0,0.0,0.0,0.0,0,0.0,0.0,0.0,0.0,0.0,0.0
affelje01,2015,1,SFN,NL,52,2,0,0,0,0,0,0.0,0.0,0.0,0,2.0,0.0,0.0,0.0,0.0,0.0
agbaybe01,1998,1,NYN,NL,11,15,1,2,0,0,0,0.0,0.0,2.0,1,5.0,0.0,0.0,0.0,0.0,1.0
agbaybe01,1999,1,NYN,NL,101,276,42,79,18,3,14,42.0,6.0,4.0,32,60.0,4.0,3.0,0.0,3.0,8.0
agbaybe01,2000,1,NYN,NL,119,350,59,101,19,1,15,60.0,5.0,5.0,54,68.0,2.0,7.0,0.0,3.0,6.0
agbaybe01,2001,1,NYN,NL,91,296,28,82,14,2,6,27.0,4.0,5.0,36,73.0,0.0,5.0,1.0,1.0,11.0
agbaybe01,2002,2,BOS,AL,13,37,5,11,1,0,0,8.0,0.0,0.0,6,5.0,1.0,0.0,0.0,0.0,1.0
agbaybe01,2002,1,COL,NL,48,117,10,24,5,0,4,19.0,1.0,0.0,10,35.0,0.0,0.0,0.0,1.0,4.0
ageeto01,1962,1,CLE,AL,5,14,0,3,0,0,0,2.0,0.0,0.0,0,4.0,0.0,0.0,0.0,0.0,0.0
ageeto01,1963,1,CLE,AL,13,27,3,4,1,0,1,3.0,0.0,0.0,2,9.0,0.0,0.0,0.0,0.0,1.0
ageeto01,1964,1,CLE,AL,13,12,0,2,0,0,0,0.0,0.0,0.0,0,3.0,0.0,0.0,0.0,0.0,0.0
ageeto01,1965,1,CHA,AL,10,19,2,3,1,0,0,3.0,0.0,1.0,2,6.0,1.0,0.0,0.0,0.0,1.0
ageeto01,1966,1,CHA,AL,160,629,98,172,27,8,22,86.0,44.0,18.0,41,127.0,3.0,10.0,5.0,4.0,17.0
ageeto01,1967,1,CHA,AL,158,529,73,124,26,2,14,52.0,28.0,10.0,44,129.0,5.0,8.0,1.0,2.0,14.0
ageeto01,1968,1,NYN,NL,132,368,30,80,12,3,5,17.0,13.0,8.0,15,103.0,3.0,4.0,3.0,1.0,8.0
ageeto01,1969,1,NYN,NL,149,565,97,153,23,4,26,76.0,12.0,9.0,59,137.0,2.0,3.0,6.0,2.0,5.0
ageeto01,1970,1,NYN,NL,153,636,107,182,30,7,24,75.0,31.0,15.0,55,156.0,3.0,2.0,1.0,2.0,11.0
ageeto01,1971,1,NYN,NL,113,425,58,121,19,0,14,50.0,28.0,6.0,50,84.0,2.0,2.0,4.0,1.0,12.0
ageeto01,1972,1,NYN,NL,114,422,52,96,23,0,13,47.0,8.0,9.0,53,92.0,6.0,4.0,1.0,3.0,18.0
ageeto01,1973,1,HOU,NL,83,204,30,48,5,2,8,15.0,2.0,5.0,16,55.0,1.0,1.0,0.0,0.0,4.0
ageeto01,1973,2,SLN,NL,26,62,8,11,3,1,3,7.0,1.0,0.0,5,13.0,0.0,0.0,0.0,0.0,8.0
agganha01,1954,1,BOS,AL,132,434,54,109,13,8,11,57.0,6.0,3.0,47,57.0,,0.0,7.0,5.0,6.0
agganha01,1955,1,BOS,AL,25,83,11,26,10,1,0,10.0,2.0,0.0,10,10.0,0.0,0.0,0.0,1.0,3.0
aglerjo01,1912,1,WS1,AL,2,1,0,0,0,0,0,0.0,0.0,,0,,,0.0,0.0,,
aglerjo01,1914,1,BUF,FL,135,463,82,126,17,6,0,20.0,21.0,,77,78.0,,0.0,14.0,,
aglerjo01,1915,2,BLF,FL,72,214,28,46,4,2,0,14.0,15.0,,34,38.0,,1.0,6.0,,
aglerjo01,1915,1,BUF,FL,25,73,11,13,1,2,0,2.0,2.0,,20,14.0,,0.0,1.0,,
agnewsa01,1913,1,SLA,AL,105,307,27,64,9,5,2,24.0,11.0,,20,49.0,,7.0,10.0,,
agnewsa01,1914,1,SLA,AL,115,311,22,66,5,4,0,16.0,10.0,8.0,24,63.0,,5.0,6.0,,
agnewsa01,1915,1,SLA,AL,104,295,18,60,4,2,0,19.0,5.0,2.0,12,36.0,,5.0,7.0,,
agnewsa01,1916,1,BOS,AL,40,67,4,14,2,1,0,7.0,0.0,,6,4.0,,2.0,3.0,,
agnewsa01,1917,1,BOS,AL,85,260,17,54,6,2,0,16.0,2.0,,19,30.0,,2.0,6.0,,
agnewsa01,1918,1,BOS,AL,72,199,11,33,8,0,0,6.0,0.0,,11,26.0,,3.0,6.0,,
agnewsa01,1919,1,WS1,AL,42,98,6,23,7,0,0,10.0,1.0,,10,8.0,,1.0,9.0,,
agostju01,1981,1,CHA,AL,2,0,0,0,0,0,0,0.0,0.0,0.0,0,0.0,0.0,0.0,0.0,0.0,0.0
agostju01,1982,1,CHA,AL,1,0,0,0,0,0,0,0.0,0.0,0.0,0,0.0,0.0,0.0,0.0,0.0,0.0
agostju01,1983,1,CHA,AL,39,0,0,0,0,0,0,0.0,0.0,0.0,0,0.0,0.0,0.0,0.0,0.0,0.0
agostju01,1984,1,CHA,AL,49,0,0,0,0,0,0,0.0,0.0,0.0,0,0.0,0.0,0.0,0.0,0.0,0.0
agostju01,1985,1,CHA,AL,54,0,0,0,0,0,0,0.0,0.0,0.0,0,0.0,0.0,0.0,0.0,0.0,0.0
agostju01,1986,1,CHA,AL,9,0,0,0,0,0,0,0.0,0.0,0.0,0,0.0,0.0,0.0,0.0,0.0,0.0
agostju01,1986,2,MIN,AL,17,0,0,0,0,0,0,0.0,0.0,0.0,0,0.0,0.0,0.0,0.0,0.0,0.0
agostju01,1987,1,HOU,NL,27,1,0,0,0,0,0,0.0,0.0,0.0,0,1.0,0.0,0.0,0.0,0.0,0.0
agostju01,1988,1,HOU,NL,75,5,0,0,0,0,0,0.0,0.0,0.0,0,0.0,0.0,0.0,1.0,0.0,0.0
agostju01,1989,1,HOU,NL,71,5,0,1,0,0,0,0.0,0.0,0.0,0,2.0,0.0,0.0,0.0,0.0,0.0
agostju01,1990,1,HOU,NL,82,2,0,0,0,0,0,0.0,0.0,0.0,0,0.0,0.0,0.0,0.0,0.0,0.0
agostju01,1991,1,SLN,NL,72,3,0,1,0,0,0,0.0,0.0,0.0,1,2.0,0.0,0.0,0.0,0.0,0.0
agostju01,1992,2,SEA,AL,17,0,0,0,0,0,0,0.0,0.0,0.0,0,0.0,0.0,0.0,0.0,0.0,0.0
agostju01,1992,1,SLN,NL,22,4,0,0,0,0,0,0.0,0.0,0.0,0,2.0,0.0,0.0,0.0,0.0,0.0
agostju01,1993,1,HOU,NL,6,0,0,0,0,0,0,0.0,0.0,0.0,0,0.0,0.0,0.0,0.0,0.0,0.0
agrazda01,2019,1,PIT,NL,15,22,0,2,0,0,0,2.0,0.0,0.0,0,9.0,0.0,0.0,1.0,1.0,0.0
aguaylu01,1980,1,PHI,NL,20,47,7,13,1,2,1,8.0,1.0,1.0,2,3.0,0.0,0.0,0.0,1.0,0.0
aguaylu01,1981,1,PHI,NL,45,84,11,18,4,0,1,7.0,1.0,0.0,6,15.0,0.0,2.0,2.0,0.0,0.0
aguaylu01,1982,1,PHI,NL,50,56,11,15,1,2,3,7.0,1.0,1.0,5,7.0,1.0,1.0,1.0,0.0,1.0
aguaylu01,1983,1,PHI,NL,2,4,1,1,0,0,0,0.0,0.0,0.0,1,2.0,0.0,0.0,0.0,0.0,0.0
aguaylu01,1984,1,PHI,NL,58,72,15,20,4,0,3,11.0,0.0,0.0,8,16.0,2.0,0.0,0.0,0.0,1.0
aguaylu01,1985,1,PHI,NL,91,165,27,46,7,3,6,21.0,1.0,0.0,22,26.0,5.0,6.0,4.0,3.0,7.0
aguaylu01,1986,1,PHI,NL,62,133,17,28,6,1,4,13.0,1.0,1.0,8,26.0,0.0,3.0,0.0,2.0,3.0
aguaylu01,1987,1,PHI,NL,94,209,25,43,9,1,12,21.0,0.0,0.0,15,56.0,1.0,5.0,3.0,2.0,5.0
aguaylu01,1988,2,NYA,AL,50,140,12,35,4,0,3,8.0,0.0,2.0,7,33.0,1.0,1.0,0.0,1.0,4.0
aguaylu01,1988,1,PHI,NL,49,97,9,24,3,0,3,5.0,2.0,0.0,13,17.0,2.0,0.0,1.0,0.0,2.0
aguaylu01,1989,1,CLE,AL,47,97,7,17,4,1,1,8.0,0.0,0.0,7,19.0,0.0,2.0,3.0,3.0,4.0
aguiaju01,2024,1,CIN,NL,7,0,0,0,0,0,0,0.0,0.0,0.0,0,0.0,0.0,0.0,0.0,0.0,0.0
aguilch01,2004,1,FLO,NL,29,45,10,10,2,1,3,5.0,0.0,0.0,2,12.0,0.0,0.0,1.0,0.0,0.0
aguilch01,2005,1,FLO,NL,65,78,11,19,3,0,0,4.0,0.0,1.0,3,19.0,0.0,0.0,0.0,0.0,0.0
aguilch01,2006,1,FLO,NL,47,95,5,22,8,1,0,7.0,2.0,1.0,9,26.0,1.0,0.0,0.0,0.0,2.0
aguilch01,2008,1,NYN,NL,8,12,0,2,0,0,0,0.0,0.0,0.0,2,4.0,0.0,0.0,1.0,0.0,1.0
aguilje01,2014,1,CLE,AL,19,33,2,4,0,0,0,3.0,0.0,0.0,4,13.0,0.0,0.0,0.0,1.0,1.0
aguilje01,2015,1,CLE,AL,7,19,0,6,1,0,0,2.0,0.0,0.0,0,7.0,0.0,1.0,0.0,0.0,0.0
aguilje01,2016,1,CLE,AL,9,6,0,0,0,0,0,0.0,0.0,0.0,0,1.0,0.0,0.0,0.0,0.0,0.0
aguilje01,2017,1,MIL,NL,133,279,40,74,15,2,16,52.0,0.0,0.0,25,94.0,1.0,4.0,0.0,3.0,8.0
aguilje01,2018,1,MIL,NL,149,492,80,135,25,0,35,108.0,0.0,0.0,58,143.0,3.0,6.0,0.0,10.0,19.0
aguilje01,2019,1,MIL,NL,94,222,26,50,9,0,8,34.0,0.0,0.0,31,59.0,0.0,2.0,0.0,4.0,11.0
aguilje01,2019,2,TBA,AL,37,92,13,24,3,0,4,16.0,0.0,0.0,12,22.0,0.0,0.0,0.0,3.0,1.0
aguilje01,2020,1,MIA,NL,51,188,31,52,10,0,8,34.0,0.0,1.0,23,40.0,0.0,1.0,0.0,4.0,5.0
aguilje01,2021,1,MIA,NL,131,449,49,117,23,0,22,93.0,0.0,0.0,46,93.0,4.0,3.0,0.0,7.0,11.0
aguilje01,2022,2,BAL,AL,16,49,2,11,1,0,1,2.0,0.0,0.0,1,13.0,0.0,0.0,0.0,0.0,0.0
aguilje01,2022,1,MIA,NL,113,415,37,98,18,0,15,49.0,1.0,0.0,27,106.0,1.0,4.0,0.0,5.0,8.0
aguilje01,2023,1,OAK,AL,36,104,8,23,2,0,5,9.0,0.0,0.0,8,31.0,2.0,1.0,0.0,1.0,3.0
aguilmi01,2021,1,ARI,NL,9,0,0,0,0,0,0,0.0,0.0,0.0,0,0.0,0.0,0.0,0.0,0.0,0.0
aguilri01,1985,1,NYN,NL,22,36,1,10,2,0,0,2.0,0.0,0.0,1,5.0,0.0,0.0,7.0,0.0,1.0
aguilri01,1986,1,NYN,NL,32,51,4,8,0,0,2,6.0,0.0,0.0,3,12.0,0.0,0.0,3.0,0.0,0.0
aguilri01,1987,1,NYN,NL,18,40,5,9,1,0,1,3.0,0.0,0.0,1,17.0,0.0,0.0,6.0,0.0,0.0
aguilri01,1988,1,NYN,NL,11,4,1,1,0,0,0,0.0,0.0,0.0,0,1.0,0.0,0.0,0.0,0.0,0.0
aguilri01,1989,2,MIN,AL,11,0,0,0,0,0,0,0.0,0.0,0.0,0,0.0,0.0,0.0,0.0,0.0,0.0
aguilri01,1989,1,NYN,NL,36,7,1,0,0,0,0,0.0,0.0,0.0,1,2.0,0.0,0.0,0.0,0.0,0.0
aguilri01,1990,1,MIN,AL,56,0,0,0,0,0,0,0.0,0.0,0.0,0,0.0,0.0,0.0,0.0,0.0,0.0
aguilri01,1991,1,MIN,AL,63,0,0,0,0,0,0,0.0,0.0,0.0,0,0.0,0.0,0.0,0.0,0.0,0.0
aguilri01,1992,1,MIN,AL,64,0,0,0,0,0,0,0.0,0.0,0.0,0,0.0,0.0,0.0,0.0,0.0,0.0
aguilri01,1993,1,MIN,AL,65,0,0,0,0,0,0,0.0,0.0,0.0,0,0.0,0.0,0.0,0.0,0.0,0.0
aguilri01,1994,1,MIN,AL,44,0,0,0,0,0,0,0.0,0.0,0.0,0,0.0,0.0,0.0,0.0,0.0,0.0
aguilri01,1995,2,BOS,AL,30,0,0,0,0,0,0,0.0,0.0,0.0,0,0.0,0.0,0.0,0.0,0.0,0.0
aguilri01,1995,1,MIN,AL,22,0,0,0,0,0,0,0.0,0.0,0.0,0,0.0,0.0,0.0,0.0,0.0,0.0
aguilri01,1996,1,MIN,AL,19,0,0,0,0,0,0,0.0,0.0,0.0,0,0.0,0.0,0.0,0.0,0.0,0.0
aguilri01,1997,1,MIN,AL,61,0,0,0,0,0,0,0.0,0.0,0.0,0,0.0,0.0,0.0,0.0,0.0,0.0
aguilri01,1998,1,MIN,AL,68,0,0,0,0,0,0,0.0,0.0,0.0,0,0.0,0.0,0.0,0.0,0.0,0.0
aguilri01,1999,2,CHN,NL,44,1,0,0,0,0,0,0.0,0.0,0.0,0,0.0,0.0,0.0,0.0,0.0,0.0
aguilri01,1999,1,MIN,AL,17,0,0,0,0,0,0,0.0,0.0,0.0,0,0.0,0.0,0.0,0.0,0.0,0.0
aguilri01,2000,1,CHN,NL,54,0,0,0,0,0,0,0.0,0.0,0.0,0,0.0,0.0,0.0,0.0,0.0,0.0
aguilry01,2022,1,LAA,AL,7,22,2,3,1,0,0,2.0,0.0,0.0,2,14.0,0.0,1.0,0.0,1.0,0.0
aguirha01,1955,1,CLE,AL,4,4,0,0,0,0,0,0.0,0.0,0.0,0,1.0,0.0,0.0,0.0,0.0,0.0
aguirha01,1956,1,CLE,AL,16,18,1,2,0,0,0,2.0,0.0,0.0,0,11.0,0.0,0.0,3.0,0.0,0.0
aguirha01,1957,1,CLE,AL,10,4,0,0,0,0,0,0.0,0.0,0.0,0,1.0,0.0,0.0,0.0,0.0,0.0
aguirha01,1958,1,DET,AL,44,14,1,3,1,0,0,1.0,0.0,0.0,1,5.0,0.0,0.0,0.0,0.0,0.0
aguirha01,1959,1,DET,AL,3,0,0,0,0,0,0,0.0,0.0,0.0,0,0.0,0.0,0.0,0.0,0.0,0.0
aguirha01,1960,1,DET,AL,37,28,0,1,0,0,0,0.0,0.0,0.0,0,19.0,0.0,0.0,2.0,0.0,0.0
aguirha01,1961,1,DET,AL,45,9,0,0,0,0,0,1.0,0.0,0.0,0,8.0,0.0,0.0,3.0,1.0,0.0
aguirha01,1962,1,DET,AL,42,75,0,2,0,0,0,1.0,0.0,0.0,1,46.0,0.0,0.0,4.0,0.0,1.0
aguirha01,1963,1,DET,AL,38,76,5,10,3,0,0,6.0,1.0,0.0,3,48.0,0.0,0.0,2.0,0.0,0.0
aguirha01,1964,1,DET,AL,32,53,1,3,1,0,0,3.0,0.0,0.0,1,32.0,0.0,0.0,4.0,0.0,2.0
aguirha01,1965,1,DET,AL,32,70,4,6,1,0,0,4.0,0.0,0.0,4,43.0,0.0,0.0,4.0,0.0,1.0
aguirha01,1966,1,DET,AL,30,25,0,3,1,0,0,0.0,0.0,0.0,4,16.0,0.0,0.0,2.0,0.0,0.0
aguirha01,1967,1,DET,AL,31,2,0,1,0,1,0,3.0,0.0,0.0,0,1.0,0.0,0.0,0.0,0.0,0.0
aguirha01,1968,1,LAN,NL,25,3,0,0,0,0,0,0.0,0.0,0.0,0,2.0,0.0,0.0,0.0,0.0,0.0
aguirha01,1969,1,CHN,NL,41,5,2,2,0,0,0,0.0,0.0,0.0,0,1.0,0.0,0.0,0.0,0.0,0.0
aguirha01,1970,1,CHN,NL,17,2,0,0,0,0,0,0.0,0.0,0.0,0,2.0,0.0,0.0,0.0,0.0,0.0
ahearch01,1880,1,TRN,NL,1,4,1,1,0,0,0,0.0,,,0,0.0,,,,,
ahearpa01,1995,1,DET,AL,4,0,0,0,0,0,0,0.0,0.0,0.0,0,0.0,0.0,0.0,0.0,0.0,0.0
ahmedni01,2014,1,ARI,NL,25,70,9,14,2,0,1,4.0,0.0,1.0,3,10.0,0.0,0.0,2.0,0.0,2.0
ahmedni01,2015,1,ARI,NL,134,421,49,95,17,6,9,34.0,4.0,5.0,29,81.0,1.0,1.0,5.0,3.0,4.0
ahmedni01,2016,1,ARI,NL,90,284,26,62,9,1,4,20.0,5.0,2.0,15,58.0,3.0,4.0,2.0,3.0,9.0
ahmedni01,2017,1,ARI,NL,53,167,24,42,8,1,6,21.0,3.0,4.0,10,39.0,3.0,1.0,0.0,0.0,6.0
ahmedni01,2018,1,ARI,NL,153,516,61,121,33,5,16,70.0,5.0,4.0,40,109.0,2.0,2.0,1.0,5.0,15.0
ahmedni01,2019,1,ARI,NL,158,556,79,141,33,6,19,82.0,8.0,2.0,52,113.0,2.0,4.0,1.0,12.0,15.0
ahmedni01,2020,1,ARI,NL,57,199,29,53,10,1,5,29.0,4.0,0.0,18,46.0,0.0,0.0,0.0,0.0,3.0
ahmedni01,2021,1,ARI,NL,129,434,46,96,30,3,5,38.0,7.0,2.0,34,104.0,3.0,2.0,2.0,1.0,9.0
ahmedni01,2022,1,ARI,NL,17,52,7,12,2,0,3,7.0,0.0,1.0,2,15.0,0.0,0.0,0.0,0.0,2.0
ahmedni01,2023,1,ARI,NL,72,198,14,42,10,1,2,17.0,5.0,1.0,12,52.0,0.0,0.0,0.0,0.0,0.0
ahmedni01,2024,2,LAN,NL,17,48,6,11,0,0,1,2.0,1.0,0.0,1,14.0,0.0,0.0,0.0,0.0,0.0
ahmedni01,2024,3,SDN,NL,2,7,1,1,0,0,0,0.0,0.0,0.0,0,2.0,0.0,0.0,0.0,0.0,0.0
ahmedni01,2024,1,SFN,NL,52,155,13,36,6,1,1,15.0,1.0,1.0,10,35.0,0.0,1.0,3.0,3.0,6.0
aikenwi01,1977,1,CAL,AL,42,91,5,18,4,0,0,6.0,1.0,2.0,10,23.0,2.0,0.0,0.0,0.0,1.0
aikenwi01,1979,1,CAL,AL,116,379,59,106,18,0,21,81.0,1.0,3.0,61,79.0,8.0,1.0,0.0,6.0,10.0
aikenwi01,1980,1,KCA,AL,151,543,70,151,24,0,20,98.0,1.0,0.0,64,88.0,3.0,7.0,0.0,9.0,23.0
aikenwi01,1981,1,KCA,AL,101,349,45,93,16,0,17,53.0,0.0,0.0,62,47.0,12.0,3.0,0.0,5.0,11.0
aikenwi01,1982,1,KCA,AL,134,466,50,131,29,1,17,74.0,0.0,1.0,45,70.0,7.0,3.0,0.0,5.0,19.0
aikenwi01,1983,1,KCA,AL,125,410,49,124,26,1,23,72.0,0.0,0.0,45,75.0,9.0,2.0,0.0,1.0,16.0
aikenwi01,1984,1,TOR,AL,93,234,21,48,7,0,11,26.0,0.0,0.0,29,56.0,1.0,2.0,0.0,0.0,6.0
aikenwi01,1985,1,TOR,AL,12,20,2,4,1,0,1,5.0,0.0,0.0,3,6.0,0.0,0.0,0.0,1.0,1.0
aingeda01,1979,1,TOR,AL,87,308,26,73,7,1,2,19.0,1.0,0.0,12,58.0,1.0,2.0,7.0,2.0,8.0
aingeda01,1980,1,TOR,AL,38,111,11,27,6,1,0,4.0,3.0,0.0,2,29.0,0.0,1.0,1.0,0.0,3.0
aingeda01,1981,1,TOR,AL,86,246,20,46,6,2,0,14.0,8.0,5.0,23,41.0,1.0,1.0,4.0,1.0,5.0
ainsmed01,1910,1,WS1,AL,33,104,4,20,1,2,0,9.0,0.0,,6,21.0,,0.0,1.0,,
ainsmed01,1911,1,WS1,AL,61,149,12,33,2,3,0,14.0,5.0,,10,,,1.0,3.0,,
ainsmed01,1912,1,WS1,AL,61,186,22,42,7,2,0,22.0,4.0,,14,,,0.0,11.0,,
ainsmed01,1913,1,WS1,AL,84,229,26,49,4,4,2,20.0,17.0,,12,41.0,,3.0,2.0,,
ainsmed01,1914,1,WS1,AL,62,151,11,34,7,0,0,13.0,8.0,5.0,9,28.0,,1.0,1.0,,
ainsmed01,1915,1,WS1,AL,47,120,13,24,4,2,0,6.0,7.0,4.0,10,18.0,,1.0,4.0,,
ainsmed01,1916,1,WS1,AL,51,100,11,17,4,0,0,8.0,3.0,,8,14.0,,0.0,8.0,,
ainsmed01,1917,1,WS1,AL,125,350,38,67,17,4,0,42.0,16.0,,40,48.0,,3.0,16.0,,
ainsmed01,1918,1,WS1,AL,96,292,22,62,10,9,0,20.0,6.0,,29,44.0,,0.0,9.0,,
ainsmed01,1919,1,DET,AL,114,364,42,99,17,12,3,32.0,9.0,,45,30.0,,1.0,12.0,,
ainsmed01,1920,1,DET,AL,69,186,19,43,5,3,1,19.0,4.0,3.0,14,19.0,,0.0,7.0,,
ainsmed01,1921,1,DET,AL,35,98,6,27,5,2,0,12.0,1.0,0.0,13,7.0,,0.0,4.0,,
ainsmed01,1921,2,SLN,NL,27,62,5,18,0,1,0,5.0,0.0,0.0,3,4.0,,0.0,1.0,,
ainsmed01,1922,1,SLN,NL,119,379,46,111,14,4,13,59.0,2.0,3.0,28,43.0,,1.0,10.0,,
ainsmed01,1923,2,BRO,NL,2,10,0,2,0,0,0,2.0,0.0,1.0,0,0.0,,0.0,0.0,,
ainsmed01,1923,1,SLN,NL,82,263,22,56,11,6,3,34.0,4.0,0.0,22,19.0,,1.0,10.0,,
ainsmed01,1924,1,NY1,NL,10,5,0,3,0,0,0,0.0,0.0,0.0,0,0.0,,0.0,0.0,,
ainswku01,2001,1,SFN,NL,2,0,0,0,0,0,0,0.0,0.0,0.0,0,0.0,0.0,0.0,0.0,0.0,0.0
ainswku01,2002,1,SFN,NL,6,6,1,1,1,0,0,0.0,0.0,0.0,0,1.0,0.0,0.0,1.0,0.0,0.0
ainswku01,2003,2,BAL,AL,3,0,0,0,0,0,0,0.0,0.0,0.0,0,0.0,0.0,0.0,0.0,0.0,0.0
ainswku01,2003,1,SFN,NL,12,22,0,1,0,0,0,0.0,0.0,0.0,0,7.0,0.0,0.0,4.0,0.0,0.0
ainswku01,2004,1,BAL,AL,7,0,0,0,0,0,0,0.0,0.0,0.0,0,0.0,0.0,0.0,0.0,0.0,0.0
aitchra01,1911,1,BRO,NL,1,0,0,0,0,0,0,0.0,0.0,0.0,0,0.0,0.0,0.0,0.0,0.0,0.0
aitchra01,1914,1,BRO,NL,26,51,4,10,0,0,0,2.0,0.0,,7,12.0,,0.0,3.0,,
aitchra01,1915,1,BRO,NL,7,8,0,0,0,0,0,0.0,0.0,,2,5.0,,0.0,0.0,,
aitonge01,1912,1,SLA,AL,10,17,1,4,0,0,0,1.0,0.0,,4,,,0.0,0.0,,
akejo01,1884,1,BL2,AA,13,52,1,10,0,1,0,2.0,,,0,,,1.0,,,
akerfda01,1986,1,OAK,AL,2,0,0,0,0,0,0,0.0,0.0,0.0,0,0.0,0.0,0.0,0.0,0.0,0.0
akerfda01,1987,1,CLE,AL,16,0,0,0,0,0,0,0.0,0.0,0.0,0,0.0,0.0,0.0,0.0,0.0,0.0
akerfda01,1989,1,TEX,AL,6,0,0,0,0,0,0,0.0,0.0,0.0,0,0.0,0.0,0.0,0.0,0.0,0.0
akerfda01,1990,1,PHI,NL,71,6,0,1,0,0,0,0.0,0.0,0.0,0,3.0,0.0,0.0,0.0,0.0,0.0
akerfda01,1991,1,PHI,NL,30,3,0,0,0,0,0,0.0,0.0,0.0,0,3.0,0.0,0.0,0.0,0.0,0.0
akerja01,1964,1,KC1,AL,10,3,0,0,0,0,0,0.0,0.0,0.0,0,2.0,0.0,0.0,0.0,0.0,0.0
akerja01,1965,1,KC1,AL,34,8,0,0,0,0,0,0.0,0.0,0.0,0,7.0,0.0,0.0,1.0,0.0,0.0
akerja01,1966,1,KC1,AL,66,21,1,2,1,0,0,2.0,0.0,0.0,0,12.0,0.0,0.0,1.0,0.0,0.0
akerja01,1967,1,KC1,AL,57,8,0,1,0,0,0,1.0,0.0,0.0,0,4.0,0.0,0.0,3.0,0.0,0.0
akerja01,1968,1,OAK,AL,54,7,1,1,0,0,0,0.0,0.0,0.0,0,5.0,0.0,0.0,1.0,0.0,0.0
akerja01,1969,2,NYA,AL,38,9,0,1,0,0,0,0.0,0.0,0.0,0,5.0,0.0,0.0,0.0,0.0,0.0
akerja01,1969,1,SE1,AL,15,1,0,0,0,0,0,0.0,0.0,0.0,0,1.0,0.0,1.0,0.0,0.0,0.0
akerja01,1970,1,NYA,AL,41,16,0,1,0,0,0,1.0,0.0,0.0,0,6.0,0.0,0.0,1.0,0.0,1.0
akerja01,1971,1,NYA,AL,41,3,0,0,0,0,0,0.0,0.0,0.0,0,3.0,0.0,0.0,3.0,0.0,0.0
akerja01,1972,2,CHN,NL,48,6,0,0,0,0,0,0.0,0.0,0.0,1,3.0,0.0,0.0,0.0,0.0,0.0
akerja01,1972,1,NYA,AL,4,0,0,0,0,0,0,0.0,0.0,0.0,0,0.0,0.0,0.0,0.0,0.0,0.0
akerja01,1973,1,CHN,NL,47,7,0,0,0,0,0,0.0,0.0,0.0,0,3.0,0.0,0.0,0.0,0.0,0.0
akerja01,1974,1,ATL,NL,17,1,0,0,0,0,0,0.0,0.0,0.0,0,0.0,0.0,0.0,0.0,0.0,0.0
akerja01,1974,2,NYN,NL,24,2,1,1,1,0,0,0.0,0.0,0.0,0,0.0,0.0,0.0,0.0,0.0,0.0
akersbi01,1929,1,DET,AL,24,83,15,22,4,1,1,9.0,2.0,0.0,10,9.0,,1.0,4.0,,
akersbi01,1930,1,DET,AL,85,233,36,65,8,5,9,40.0,5.0,5.0,36,34.0,,0.0,8.0,,
akersbi01,1931,1,DET,AL,29,66,5,13,2,2,0,3.0,0.0,1.0,7,6.0,,0.0,0.0,,
akersbi01,1932,1,BSN,NL,36,93,8,24,3,1,1,17.0,0.0,,10,15.0,,0.0,2.0,,
akersje01,1912,1,WS1,AL,5,6,0,2,0,0,0,0.0,0.0,,0,,,0.0,0.0,,
akinke01,2020,1,BAL,AL,8,0,0,0,0,0,0,0.0,0.0,0.0,0,0.0,0.0,0.0,0.0,0.0,0.0
akinke01,2021,1,BAL,AL,24,2,0,0,0,0,0,0.0,0.0,0.0,0,2.0,0.0,0.0,0.0,0.0,0.0
akinke01,2022,1,BAL,AL,45,0,0,0,0,0,0,0.0,0.0,0.0,0,0.0,0.0,0.0,0.0,0.0,0.0
akinke01,2023,1,BAL,AL,24,0,0,0,0,0,0,0.0,0.0,0.0,0,0.0,0.0,0.0,0.0,0.0,0.0
akinke01,2024,1,BAL,AL,66,0,0,0,0,0,0,0.0,0.0,0.0,0,0.0,0.0,0.0,0.0,0.0,0.0
akiyash01,2020,1,CIN,NL,54,155,16,38,6,1,0,9.0,7.0,3.0,25,34.0,0.0,2.0,0.0,0.0,1.0
akiyash01,2021,1,CIN,NL,88,162,16,33,8,0,0,12.0,2.0,3.0,14,40.0,1.0,4.0,1.0,1.0,1.0
alanirj01,2019,2,CIN,NL,8,1,0,1,0,0,0,1.0,0.0,0.0,0,0.0,0.0,0.0,0.0,0.0,0.0
alanirj01,2019,1,SEA,AL,4,0,0,0,0,0,0,0.0,0.0,0.0,0,0.0,0.0,0.0,0.0,0.0,0.0
alanirj01,2021,1,CIN,NL,3,1,0,0,0,0,0,0.0,0.0,0.0,0,1.0,0.0,0.0,0.0,0.0,0.0
albagi01,1988,1,SLN,NL,3,0,0,0,0,0,0,0.0,0.0,0.0,0,0.0,0.0,0.0,0.0,0.0,0.0
albaljo01,2007,1,WAS,NL,14,0,0,0,0,0,0,0.0,0.0,0.0,0,0.0,0.0,0.0,0.0,0.0,0.0
albaljo01,2008,1,NYA,AL,7,0,0,0,0,0,0,0.0,0.0,0.0,0,0.0,0.0,0.0,0.0,0.0,0.0
albaljo01,2009,1,NYA,AL,32,0,0,0,0,0,0,0.0,0.0,0.0,0,0.0,0.0,0.0,0.0,0.0,0.0
albaljo01,2010,1,NYA,AL,10,0,0,0,0,0,0,0.0,0.0,0.0,0,0.0,0.0,0.0,0.0,0.0,0.0
albaljo01,2012,1,ARI,NL,3,0,0,0,0,0,0,0.0,0.0,0.0,0,0.0,0.0,0.0,0.0,0.0,0.0
albanjo01,1958,1,WS1,AL,6,0,0,0,0,0,0,0.0,0.0,0.0,0,0.0,0.0,0.0,0.0,0.0,0.0
alberan01,2013,1,MIN,AL,10,0,0,0,0,0,0,0.0,0.0,0.0,0,0.0,0.0,0.0,0.0,0.0,0.0
alberan01,2015,1,TOR,AL,1,0,0,0,0,0,0,0.0,0.0,0.0,0,0.0,0.0,0.0,0.0,0.0,0.0
alberan01,2016,1,MIN,AL,6,0,0,0,0,0,0,0.0,0.0,0.0,0,0.0,0.0,0.0,0.0,0.0,0.0
alberan01,2017,1,SEA,AL,9,1,0,1,0,0,0,1.0,0.0,0.0,0,0.0,0.0,0.0,2.0,0.0,0.0
alberan01,2021,1,MIN,AL,5,0,0,0,0,0,0,0.0,0.0,0.0,0,0.0,0.0,0.0,0.0,0.0,0.0
alberbu01,1978,1,TOR,AL,6,18,1,5,1,0,0,0.0,0.0,0.0,0,2.0,0.0,0.0,0.0,0.0,0.0
albercy01,1910,1,SLN,NL,4,7,0,0,0,0,0,0.0,0.0,,2,3.0,,0.0,1.0,,
albergu01,1884,1,PT1,AA,2,5,1,1,0,0,0,,,,0,,,0.0,,,
albergu01,1884,2,WSU,UA,4,16,4,4,0,0,0,,,,4,,,,,,
albergu01,1888,1,CL3,AA,102,364,51,75,10,6,1,48.0,26.0,,41,56.0,,7.0,,,
albergu01,1891,1,ML3,AA,12,41,6,4,0,0,0,2.0,1.0,,7,5.0,,2.0,,,
alberha01,2015,1,TEX,AL,41,99,12,22,2,1,0,4.0,1.0,0.0,2,17.0,0.0,0.0,3.0,0.0,2.0
alberha01,2016,1,TEX,AL,35,56,2,8,1,0,0,5.0,1.0,0.0,0,17.0,0.0,0.0,2.0,0.0,1.0
alberha01,2018,1,TEX,AL,13,27,0,5,2,0,0,0.0,0.0,1.0,2,4.0,0.0,0.0,1.0,0.0,0.0
alberha01,2019,1,BAL,AL,139,524,62,160,21,2,12,51.0,4.0,4.0,16,50.0,1.0,4.0,3.0,3.0,9.0
alberha01,2020,1,BAL,AL,54,219,35,62,15,0,3,22.0,3.0,0.0,5,30.0,0.0,3.0,2.0,2.0,6.0
alberha01,2021,1,KCA,AL,103,241,25,65,20,3,2,24.0,3.0,1.0,4,26.0,0.0,4.0,4.0,2.0,1.0
alberha01,2022,1,LAN,NL,73,156,13,38,9,2,2,15.0,0.0,1.0,3,25.0,0.0,0.0,0.0,0.0,7.0
alberha01,2023,1,CHA,AL,30,82,11,18,5,0,3,16.0,0.0,0.0,4,13.0,0.0,1.0,2.0,1.0,1.0
alberjo01,1995,1,TEX,AL,12,0,0,0,0,0,0,0.0,0.0,0.0,0,0.0,0.0,0.0,0.0,0.0,0.0
alberjo01,1996,1,TEX,AL,5,0,0,0,0,0,0,0.0,0.0,0.0,0,0.0,0.0,0.0,0.0,0.0,0.0
alberjo01,1997,1,TEX,AL,10,0,0,0,0,0,0,0.0,0.0,0.0,0,0.0,0.0,0.0,0.0,0.0,0.0
alberma01,2006,1,HOU,NL,4,4,0,0,0,0,0,0.0,0.0,0.0,0,3.0,0.0,0.0,0.0,0.0,0.0
alberma01,2007,1,HOU,NL,31,29,0,2,0,0,0,0.0,0.0,0.0,0,17.0,0.0,0.0,3.0,0.0,0.0
alberma01,2008,1,BAL,AL,28,0,0,0,0,0,0,0.0,0.0,0.0,0,0.0,0.0,0.0,0.0,0.0,0.0
alberma01,2009,1,BAL,AL,56,1,0,0,0,0,0,0.0,0.0,0.0,0,1.0,0.0,0.0,0.0,0.0,0.0
alberma01,2010,1,BAL,AL,62,0,0,0,0,0,0,0.0,0.0,0.0,0,0.0,0.0,0.0,0.0,0.0,0.0
alberma01,2011,1,BOS,AL,56,0,0,0,0,0,0,0.0,0.0,0.0,0,0.0,0.0,0.0,0.0,0.0,0.0
alberma01,2012,2,ARI,NL,23,0,0,0,0,0,0,0.0,0.0,0.0,0,0.0,0.0,0.0,0.0,0.0,0.0
alberma01,2012,1,BOS,AL,40,0,0,0,0,0,0,0.0,0.0,0.0,0,0.0,0.0,0.0,0.0,0.0,0.0
alberma01,2013,1,CLE,AL,56,0,0,0,0,0,0,0.0,0.0,0.0,0,0.0,0.0,0.0,0.0,0.0,0.0
alberma01,2014,1,HOU,AL,8,0,0,0,0,0,0,0.0,0.0,0.0,0,0.0,0.0,0.0,0.0,0.0,0.0
alberma01,2015,1,CHA,AL,30,0,0,0,0,0,0,0.0,0.0,0.0,0,0.0,0.0,0.0,0.0,0.0,0.0
alberma01,2016,1,CHA,AL,58,1,1,1,1,0,0,0.0,0.0,0.0,0,0.0,0.0,0.0,0.0,0.0,0.0
alberma01,2017,1,WAS,NL,63,0,0,0,0,0,0,0.0,0.0,0.0,0,0.0,0.0,0.0,0.0,0.0,0.0
alberma01,2018,1,MIL,NL,34,0,0,0,0,0,0,0.0,0.0,0.0,0,0.0,0.0,0.0,0.0,0.0,0.0
alberma01,2019,1,MIL,NL,67,0,0,0,0,0,0,0.0,0.0,0.0,0,0.0,0.0,0.0,0.0,0.0,0.0
albieoz01,2017,1,ATL,NL,57,217,34,62,9,5,6,28.0,8.0,1.0,21,36.0,0.0,3.0,1.0,2.0,3.0
albieoz01,2018,1,ATL,NL,158,639,105,167,40,5,24,72.0,14.0,3.0,36,116.0,0.0,5.0,1.0,3.0,9.0
albieoz01,2019,1,ATL,NL,160,640,102,189,43,8,24,86.0,15.0,4.0,54,112.0,6.0,4.0,0.0,4.0,2.0
albieoz01,2020,1,ATL,NL,29,118,21,32,5,0,6,19.0,3.0,1.0,5,30.0,0.0,1.0,0.0,0.0,0.0
albieoz01,2021,1,ATL,NL,156,629,103,163,40,7,30,106.0,20.0,4.0,47,128.0,2.0,3.0,0.0,7.0,4.0
albieoz01,2022,1,ATL,NL,64,247,36,61,16,0,8,35.0,3.0,5.0,16,47.0,0.0,2.0,0.0,4.0,0.0
albieoz01,2023,1,ATL,NL,148,596,96,167,30,5,33,109.0,13.0,1.0,46,107.0,2.0,8.0,0.0,8.0,9.0
albieoz01,2024,1,ATL,NL,99,399,52,100,29,1,10,53.0,8.0,1.0,27,65.0,0.0,5.0,0.0,4.0,6.0
albosed01,1941,1,BRO,NL,2,4,0,0,0,0,0,0.0,0.0,,0,3.0,,0.0,0.0,,0.0
albosed01,1946,1,PIT,NL,17,8,0,1,0,0,0,0.0,0.0,,0,4.0,,0.0,0.0,,1.0
albreed01,1949,1,SLA,AL,1,2,0,0,0,0,0,0.0,0.0,0.0,1,1.0,,0.0,0.0,,1.0
albreed01,1950,1,SLA,AL,2,1,0,0,0,0,0,0.0,0.0,0.0,0,0.0,,0.0,0.0,,0.0
albrija01,1947,1,PHI,NL,41,99,9,23,4,0,2,5.0,1.0,,10,11.0,,0.0,3.0,,2.0
albural01,2011,1,DET,AL,41,0,0,0,0,0,0,0.0,0.0,0.0,0,0.0,0.0,0.0,0.0,0.0,0.0
albural01,2012,1,DET,AL,8,0,0,0,0,0,0,0.0,0.0,0.0,0,0.0,0.0,0.0,0.0,0.0,0.0
albural01,2013,1,DET,AL,53,0,0,0,0,0,0,0.0,0.0,0.0,0,0.0,0.0,0.0,0.0,0.0,0.0
albural01,2014,1,DET,AL,72,0,0,0,0,0,0,0.0,0.0,0.0,0,0.0,0.0,0.0,0.0,0.0,0.0
albural01,2015,1,DET,AL,67,0,0,0,0,0,0,0.0,0.0,0.0,0,0.0,0.0,0.0,0.0,0.0,0.0
albural01,2016,1,LAA,AL,2,0,0,0,0,0,0,0.0,0.0,0.0,0,0.0,0.0,0.0,0.0,0.0,0.0
albural01,2017,2,CHA,AL,10,0,0,0,0,0,0,0.0,0.0,0.0,0,0.0,0.0,0.0,0.0,0.0,0.0
albural01,2017,1,KCA,AL,11,0,0,0,0,0,0,0.0,0.0,0.0,0,0.0,0.0,0.0,0.0,0.0,0.0
alburvi01,1973,1,MIN,AL,14,0,0,0,0,0,0,0.0,0.0,0.0,0,0.0,0.0,0.0,0.0,0.0,0.0
alburvi01,1974,1,MIN,AL,32,0,0,0,0,0,0,0.0,0.0,0.0,0,0.0,0.0,0.0,0.0,0.0,0.0
alburvi01,1975,1,MIN,AL,33,1,0,0,0,0,0,0.0,0.0,0.0,0,1.0,0.0,0.0,0.0,0.0,0.0
alburvi01,1976,1,MIN,AL,23,0,0,0,0,0,0,0.0,0.0,0.0,0,0.0,0.0,0.0,0.0,0.0,0.0
alcaljo01,2019,1,MIN,AL,2,0,0,0,0,0,0,0.0,0.0,0.0,0,0.0,0.0,0.0,0.0,0.0,0.0
alcaljo01,2020,1,MIN,AL,16,0,0,0,0,0,0,0.0,0.0,0.0,0,0.0,0.0,0.0,0.0,0.0,0.0
alcaljo01,2021,1,MIN,AL,59,0,0,0,0,0,0,0.0,0.0,0.0,0,0.0,0.0,0.0,0.0,0.0,0.0
alcaljo01,2022,1,MIN,AL,2,0,0,0,0,0,0,0.0,0.0,0.0,0,0.0,0.0,0.0,0.0,0.0,0.0
alcaljo01,2023,1,MIN,AL,11,0,0,0,0,0,0,0.0,0.0,0.0,0,0.0,0.0,0.0,0.0,0.0,0.0
alcaljo01,2024,1,MIN,AL,54,0,0,0,0,0,0,0.0,0.0,0.0,0,0.0,0.0,0.0,0.0,0.0,0.0
