playerID,yearID,stint,teamID,lgID,W,L,G,GS,CG,SHO,SV,IPouts,H,ER,HR,BB,SO,BAOpp,ERA,IBB,WP,HBP,BK,BFP,GF,R,SH,SF,GIDP
aardsda01,2004,1,SFN,NL,1,0,11,0,0,0,0,32,20,8,1,10,5,0.417,6.75,0.0,0,2.0,0,61.0,5,8,0.0,1.0,1.0
aardsda01,2006,1,CHN,NL,3,0,45,0,0,0,0,159,41,24,9,28,49,0.214,4.08,0.0,1,1.0,0,225.0,9,25,1.0,3.0,2.0
aardsda01,2007,1,CHA,AL,2,1,25,0,0,0,0,97,39,23,4,17,36,0.3,6.4,3.0,2,1.0,0,151.0,7,24,2.0,1.0,1.0
aardsda01,2008,1,BOS,AL,4,2,47,0,0,0,0,146,49,30,4,35,49,0.268,5.55,2.0,3,5.0,0,228.0,7,32,3.0,2.0,4.0
aardsda01,2009,1,SEA,AL,3,6,73,0,0,0,38,214,49,20,4,34,80,0.19,2.52,3.0,2,0.0,0,296.0,53,23,2.0,1.0,2.0
aardsda01,2010,1,SEA,AL,0,6,53,0,0,0,31,149,33,19,5,25,49,0.198,3.44,5.0,2,2.0,0,202.0,43,19,7.0,1.0,5.0
aardsda01,2012,1,NYA,AL,0,0,1,0,0,0,0,3,1,1,1,1,1,0.25,9.0,0.0,0,0.0,0,5.0,1,1,0.0,0.0,0.0
aardsda01,2013,1,NYN,NL,2,2,43,0,0,0,0,119,39,19,7,19,36,0.257,4.31,6.0,1,4.0,1,178.0,7,20,2.0,1.0,2.0
aardsda01,2015,1,ATL,NL,1,1,33,0,0,0,0,92,25,16,6,14,35,0.223,4.7,3.0,1,1.0,0,129.0,9,17,0.0,1.0,4.0
aasedo01,1977,1,BOS,AL,6,2,13,13,4,2,0,277,85,32,6,19,49,0.244,3.12,1.0,0,1.0,0,373.0,0,36,2.0,3.0,7.0
aasedo01,1978,1,CAL,AL,11,8,29,29,6,1,0,536,185,80,14,80,93,0.27,4.03,4.0,3,2.0,0,773.0,0,88,5.0,1.0,12.0
aasedo01,1979,1,CAL,AL,9,10,37,28,7,1,2,556,200,99,19,77,96,0.277,4.81,7.0,5,1.0,0,817.0,4,104,8.0,8.0,20.0
aasedo01,1980,1,CAL,AL,8,13,40,21,5,1,2,525,193,79,13,66,74,0.287,4.06,3.0,2,1.0,1,761.0,6,83,12.0,9.0,20.0
aasedo01,1981,1,CAL,AL,4,4,39,0,0,0,11,196,56,17,4,24,38,0.234,2.34,2.0,2,0.0,0,265.0,32,17,1.0,1.0,5.0
aasedo01,1982,1,CAL,AL,3,3,24,0,0,0,4,156,45,20,5,23,40,0.243,3.46,2.0,2,0.0,0,212.0,18,20,4.0,0.0,5.0
aasedo01,1984,1,CAL,AL,4,1,23,0,0,0,8,117,30,7,1,19,28,0.221,1.62,5.0,0,0.0,0,160.0,17,7,3.0,2.0,5.0
aasedo01,1985,1,BAL,AL,10,6,54,0,0,0,14,264,83,37,6,35,67,0.258,3.78,7.0,0,1.0,1,366.0,43,44,5.0,3.0,13.0
aasedo01,1986,1,BAL,AL,6,7,66,0,0,0,34,245,71,27,6,28,67,0.234,2.98,2.0,4,0.0,0,337.0,58,29,3.0,2.0,7.0
aasedo01,1987,1,BAL,AL,1,0,7,0,0,0,2,24,8,2,1,4,3,0.276,2.25,0.0,0,0.0,0,33.0,6,2,0.0,0.0,2.0
aasedo01,1988,1,BAL,AL,0,0,35,0,0,0,0,140,40,21,4,37,28,0.24,4.05,5.0,1,0.0,0,209.0,16,22,3.0,2.0,5.0
aasedo01,1989,1,NYN,NL,1,5,49,0,0,0,2,178,56,26,5,26,34,0.245,3.94,3.0,0,1.0,1,261.0,22,27,2.0,3.0,3.0
aasedo01,1990,1,LAN,NL,3,1,32,0,0,0,3,114,33,21,5,19,24,0.232,4.97,4.0,3,0.0,0,163.0,13,24,2.0,0.0,2.0
abadfe01,2010,1,HOU,NL,0,1,22,0,0,0,0,57,14,6,3,5,12,0.2,2.84,0.0,0,0.0,0,76.0,6,6,0.0,1.0,0.0
abadfe01,2011,1,HOU,NL,1,4,29,0,0,0,0,59,28,16,5,9,15,0.326,7.32,0.0,0,1.0,0,99.0,1,18,1.0,2.0,0.0
abadfe01,2012,1,HOU,NL,0,6,37,6,0,0,0,138,57,26,6,19,38,0.311,5.09,1.0,4,3.0,0,208.0,8,27,2.0,1.0,4.0
abadfe01,2013,1,WAS,NL,0,3,39,0,0,0,0,113,42,14,3,10,32,0.271,3.35,0.0,0,1.0,0,166.0,17,14,0.0,0.0,0.0
abadfe01,2014,1,OAK,AL,2,4,69,0,0,0,0,172,34,10,4,15,51,0.175,1.57,3.0,0,4.0,0,216.0,17,11,1.0,2.0,6.0
abadfe01,2015,1,OAK,AL,2,2,62,0,0,0,0,143,45,22,11,19,45,0.251,4.15,3.0,4,1.0,0,205.0,17,23,3.0,3.0,1.0
abadfe01,2016,2,BOS,AL,0,2,18,0,0,0,0,38,13,9,2,8,12,0.255,6.39,0.0,1,1.0,0,60.0,7,9,0.0,0.0,1.0
abadfe01,2016,1,MIN,AL,1,4,39,0,0,0,1,102,27,10,2,14,29,0.22,2.65,2.0,0,0.0,1,138.0,8,11,0.0,1.0,6.0
abadfe01,2017,1,BOS,AL,2,1,48,0,0,0,1,131,40,16,4,14,37,0.242,3.3,1.0,0,1.0,1,182.0,15,18,0.0,2.0,4.0
abadfe01,2019,1,SFN,NL,0,2,21,0,0,0,0,39,9,6,2,3,9,0.196,4.15,0.0,1,0.0,0,49.0,1,6,0.0,0.0,3.0
abadfe01,2021,1,BAL,AL,0,0,16,0,0,0,0,53,23,11,1,7,10,0.307,5.6,1.0,0,0.0,0,82.0,4,12,0.0,0.0,3.0
abadfe01,2023,1,COL,NL,1,0,6,0,0,0,0,19,11,3,2,3,2,0.379,4.26,0.0,0,0.0,0,32.0,2,3,0.0,0.0,2.0
abbeybe01,1892,1,WAS,NL,5,18,27,22,19,0,1,587,207,75,7,76,77,,3.45,,11,6.0,0,876.0,5,139,,,
abbeybe01,1893,1,CHN,NL,2,4,7,7,5,0,0,168,74,34,1,20,6,,5.46,,2,4.0,0,264.0,0,52,,,
abbeybe01,1894,1,CHN,NL,2,7,11,11,10,0,0,276,119,53,3,37,24,,5.18,,0,3.0,0,424.0,0,74,,,
abbeybe01,1895,2,BRO,NL,5,2,8,6,5,0,0,156,66,25,0,9,14,,4.33,,2,3.0,0,229.0,2,34,,,
abbeybe01,1895,1,CHN,NL,0,1,1,1,1,0,0,24,10,4,0,2,3,,4.5,,0,1.0,0,36.0,0,8,,,
abbeybe01,1896,1,BRO,NL,8,8,25,18,12,0,0,493,210,94,7,48,37,,5.15,,3,9.0,0,739.0,7,135,,,
abbeych01,1896,1,WAS,NL,0,0,1,0,0,0,0,6,6,1,0,0,0,,4.5,,1,0.0,0,12.0,1,3,,,
abbotan01,2023,1,CIN,NL,8,6,21,21,0,0,0,328,100,47,16,44,120,0.244,3.87,0.0,1,1.0,1,459.0,0,47,0.0,5.0,6.0
abbotan01,2024,1,CIN,NL,10,10,25,25,0,0,0,414,127,57,25,52,114,0.24,3.72,1.0,5,2.0,0,586.0,0,60,1.0,2.0,6.0
abbotco01,2021,1,CHN,NL,0,0,7,1,0,0,0,52,20,13,7,11,12,0.286,6.75,0.0,2,0.0,0,82.0,2,15,1.0,0.0,0.0
abbotco01,2022,1,WAS,NL,0,5,16,9,0,0,0,144,44,28,12,25,45,0.239,5.25,0.0,2,5.0,0,216.0,7,30,0.0,2.0,0.0
abbotco01,2023,1,WAS,NL,1,2,22,0,0,0,0,118,48,29,9,19,40,0.306,6.64,0.0,4,4.0,1,183.0,10,29,0.0,3.0,5.0
abbotda01,1890,1,TL2,AA,0,2,3,1,1,0,1,39,19,9,0,8,1,,6.23,,3,1.0,0,67.0,2,14,,,
abbotgl01,1973,1,OAK,AL,1,0,5,3,1,0,0,56,16,8,3,7,6,0.225,3.86,0.0,0,0.0,1,79.0,1,8,0.0,1.0,0.0
abbotgl01,1974,1,OAK,AL,5,7,19,17,3,0,0,288,89,32,4,34,38,0.247,3.0,3.0,3,3.0,0,401.0,0,38,2.0,1.0,6.0
abbotgl01,1975,1,OAK,AL,5,5,30,15,3,1,0,343,109,54,12,50,51,0.253,4.25,7.0,2,2.0,1,495.0,4,61,7.0,5.0,10.0
abbotgl01,1976,1,OAK,AL,2,4,19,10,0,0,0,187,87,38,6,16,27,0.333,5.49,0.0,3,1.0,0,283.0,4,41,3.0,2.0,0.0
abbotgl01,1977,1,SEA,AL,12,13,36,34,7,0,0,613,212,101,32,56,100,0.27,4.45,2.0,3,12.0,0,864.0,0,111,7.0,4.0,17.0
abbotgl01,1978,1,SEA,AL,7,15,29,28,8,1,0,466,191,91,22,44,67,0.303,5.27,5.0,1,2.0,0,689.0,0,99,9.0,3.0,11.0
abbotgl01,1979,1,SEA,AL,4,10,23,19,3,0,0,350,138,67,19,38,25,0.301,5.17,2.0,1,3.0,0,518.0,1,78,8.0,10.0,14.0
abbotgl01,1980,1,SEA,AL,12,12,31,31,7,2,0,645,228,98,27,49,78,0.272,4.1,4.0,1,3.0,1,903.0,0,110,10.0,4.0,24.0
abbotgl01,1981,1,SEA,AL,4,9,22,20,1,0,0,391,127,57,14,28,35,0.258,3.94,1.0,1,0.0,0,530.0,1,64,6.0,4.0,13.0
abbotgl01,1983,2,DET,AL,2,1,7,7,1,1,0,140,43,10,5,7,11,0.244,1.93,1.0,2,0.0,0,186.0,0,12,2.0,1.0,3.0
abbotgl01,1983,1,SEA,AL,5,3,14,14,2,0,0,247,103,42,9,15,38,0.311,4.59,2.0,0,4.0,2,355.0,0,46,3.0,2.0,8.0
abbotgl01,1984,1,DET,AL,3,4,13,8,1,0,0,132,62,29,9,8,8,0.326,5.93,1.0,1,2.0,0,205.0,2,39,3.0,2.0,5.0
abbotji01,1989,1,CAL,AL,12,12,29,29,4,2,0,544,190,79,13,74,115,0.274,3.92,3.0,8,4.0,2,788.0,0,95,11.0,5.0,23.0
abbotji01,1990,1,CAL,AL,10,14,33,33,4,1,0,635,246,106,16,72,105,0.295,4.51,6.0,4,5.0,3,925.0,0,116,9.0,6.0,27.0
abbotji01,1991,1,CAL,AL,18,11,34,34,5,1,0,729,222,78,14,73,158,0.244,2.89,6.0,1,5.0,4,1002.0,0,85,7.0,7.0,22.0
abbotji01,1992,1,CAL,AL,7,15,29,29,7,0,0,633,208,65,12,68,130,0.263,2.77,3.0,2,4.0,0,874.0,0,73,8.0,4.0,22.0
abbotji01,1993,1,NYA,AL,11,14,32,32,4,1,0,642,221,104,22,73,95,0.271,4.37,4.0,9,3.0,0,906.0,0,115,12.0,4.0,29.0
abbotji01,1994,1,NYA,AL,9,8,24,24,2,0,0,481,167,81,24,64,90,0.273,4.55,1.0,8,2.0,1,692.0,0,88,9.0,5.0,19.0
abbotji01,1995,2,CAL,AL,5,4,13,13,1,1,0,254,93,39,4,29,41,0.28,4.15,0.0,1,1.0,0,368.0,0,43,3.0,3.0,12.0
abbotji01,1995,1,CHA,AL,6,4,17,17,3,0,0,337,116,42,10,35,45,0.269,3.36,1.0,0,1.0,0,474.0,0,50,5.0,1.0,13.0
abbotji01,1996,1,CAL,AL,2,18,27,23,1,0,0,426,171,118,23,78,58,0.306,7.48,3.0,13,4.0,1,654.0,2,128,4.0,10.0,17.0
abbotji01,1998,1,CHA,AL,5,0,5,5,0,0,0,95,35,16,2,12,14,0.292,4.55,0.0,0,1.0,0,134.0,0,16,0.0,1.0,7.0
abbotji01,1999,1,MIL,NL,2,8,20,15,0,0,0,246,110,63,14,42,37,0.317,6.91,3.0,7,2.0,0,394.0,3,71,2.0,1.0,9.0
abbotky01,1991,1,CAL,AL,1,2,5,3,0,0,0,59,22,10,2,13,12,0.301,4.58,0.0,1,1.0,1,90.0,0,11,3.0,0.0,3.0
abbotky01,1992,1,PHI,NL,1,14,31,19,0,0,0,400,147,76,20,45,88,0.283,5.13,0.0,9,1.0,1,577.0,0,80,6.0,5.0,11.0
abbotky01,1995,1,PHI,NL,2,0,18,0,0,0,0,85,28,12,3,16,21,0.267,3.81,0.0,2,0.0,1,122.0,3,12,0.0,1.0,4.0
abbotky01,1996,1,CAL,AL,0,1,3,0,0,0,0,12,10,9,1,5,3,0.5,20.25,0.0,1,0.0,0,26.0,1,9,1.0,0.0,0.0
abbotpa01,1990,1,MIN,AL,0,5,7,7,0,0,0,104,37,23,0,28,25,0.282,5.97,0.0,1,1.0,0,162.0,0,24,1.0,1.0,4.0
abbotpa01,1991,1,MIN,AL,3,1,15,3,0,0,0,142,38,25,5,36,43,0.232,4.75,1.0,5,0.0,0,210.0,1,27,7.0,3.0,5.0
abbotpa01,1992,1,MIN,AL,0,0,6,0,0,0,0,33,12,4,1,5,13,0.279,3.27,0.0,1,1.0,0,50.0,5,4,0.0,1.0,0.0
abbotpa01,1993,1,CLE,AL,0,1,5,5,0,0,0,55,19,13,5,11,7,0.26,6.38,1.0,1,0.0,0,84.0,0,15,0.0,0.0,1.0
abbotpa01,1998,1,SEA,AL,3,1,4,4,0,0,0,74,24,11,2,10,22,0.255,4.01,0.0,3,0.0,0,105.0,0,11,0.0,1.0,3.0
abbotpa01,1999,1,SEA,AL,6,2,25,7,0,0,0,218,50,25,9,32,68,0.193,3.1,3.0,2,0.0,0,298.0,8,31,3.0,4.0,3.0
abbotpa01,2000,1,SEA,AL,9,7,35,27,0,0,0,537,164,84,23,80,100,0.243,4.22,4.0,3,5.0,0,766.0,2,89,1.0,4.0,20.0
abbotpa01,2001,1,SEA,AL,17,4,28,27,1,0,0,489,145,77,21,87,118,0.238,4.25,5.0,11,7.0,0,710.0,0,79,3.0,5.0,11.0
abbotpa01,2002,1,SEA,AL,1,3,7,5,0,0,0,79,40,35,5,20,22,0.351,11.96,0.0,2,1.0,0,137.0,1,36,1.0,1.0,0.0
abbotpa01,2003,1,KCA,AL,1,2,10,8,0,0,0,143,47,28,8,26,32,0.257,5.29,2.0,2,2.0,0,214.0,0,29,2.0,1.0,1.0
abbotpa01,2004,2,PHI,NL,1,6,10,10,0,0,0,147,57,34,14,31,21,0.291,6.24,1.0,3,1.0,0,229.0,0,37,1.0,0.0,3.0
abbotpa01,2004,1,TBA,AL,2,5,10,9,0,0,0,141,49,35,8,27,25,0.257,6.7,0.0,3,3.0,0,222.0,0,39,0.0,1.0,0.0
aberal01,1950,1,CLE,AL,1,0,1,1,1,0,0,27,5,2,0,4,4,0.16,2.0,,0,0.0,0,34.0,0,2,,,
aberal01,1953,1,CLE,AL,1,1,6,0,0,0,0,18,6,5,0,9,4,0.24,7.5,,0,0.0,0,35.0,2,6,,,
aberal01,1953,2,DET,AL,4,3,17,10,2,0,0,200,63,33,3,41,34,0.26,4.46,,4,0.0,0,290.0,5,35,,,
aberal01,1954,1,DET,AL,5,11,32,18,4,0,3,374,121,55,8,40,54,0.25,3.97,,0,3.0,0,528.0,6,63,,,
aberal01,1955,1,DET,AL,6,3,39,1,0,0,3,240,86,30,9,28,37,0.27,3.38,1.0,1,0.0,0,346.0,22,32,,,
aberal01,1956,1,DET,AL,4,4,42,0,0,0,7,189,65,24,1,25,21,0.27,3.43,6.0,2,2.0,0,281.0,28,30,,,
aberal01,1957,1,DET,AL,3,3,28,0,0,0,1,111,46,28,6,11,15,0.31,6.81,3.0,0,1.0,0,167.0,13,33,,,
aberal01,1957,2,KC1,AL,0,0,3,0,0,0,0,9,6,4,2,2,0,0.4,12.0,0.0,1,0.0,0,17.0,0,4,,,
abernbi01,1952,1,CLE,AL,0,0,1,0,0,0,1,6,4,3,1,1,0,0.44,13.5,,0,0.0,0,10.0,1,3,,,
abernte01,1942,1,PHA,AL,0,0,1,0,0,0,0,8,2,3,0,3,1,0.22,10.13,,1,0.0,0,12.0,0,3,,,
abernte01,1943,1,PHA,AL,0,3,5,2,1,0,0,44,24,21,0,13,10,0.35,12.89,,0,0.0,0,82.0,2,22,,,
abernte01,1944,1,PHA,AL,0,0,1,0,0,0,0,9,5,1,0,1,2,0.41,3.0,,0,0.0,0,13.0,1,1,,,
abernte02,1955,1,WS1,AL,5,9,40,14,3,2,0,358,136,79,9,67,79,0.29,5.96,1.0,2,7.0,0,553.0,12,87,,,
abernte02,1956,1,WS1,AL,1,3,5,4,2,0,0,91,35,14,2,10,18,0.29,4.15,0.0,0,1.0,0,132.0,0,16,,,
abernte02,1957,1,WS1,AL,2,10,26,16,2,0,0,255,100,64,9,65,50,0.31,6.78,1.0,1,4.0,2,398.0,4,65,,,
abernte02,1960,1,WS1,AL,0,0,2,0,0,0,0,9,4,4,0,4,1,0.3,12.0,0.0,0,0.0,0,17.0,0,4,,,
abernte02,1963,1,CLE,AL,7,2,43,0,0,0,12,178,54,19,3,29,47,0.25,2.88,6.0,4,0.0,0,249.0,33,25,,,
abernte02,1964,1,CLE,AL,2,6,53,0,0,0,11,218,66,35,5,46,57,0.24,4.33,5.0,1,2.0,0,321.0,27,40,,,
abernte02,1965,1,CHN,NL,4,6,84,0,0,0,31,409,113,39,7,56,104,0.22,2.57,13.0,6,5.0,0,572.0,62,49,,,
abernte02,1966,2,ATL,NL,4,4,38,0,0,0,4,196,58,28,5,36,42,0.24,3.86,10.0,7,0.0,0,281.0,25,34,,,
abernte02,1966,1,CHN,NL,1,3,20,0,0,0,4,83,26,19,4,17,18,0.25,6.18,1.0,2,2.0,0,124.0,11,19,,,
abernte02,1967,1,CIN,NL,6,3,70,0,0,0,28,319,63,15,1,41,88,0.17,1.27,5.0,1,5.0,0,427.0,61,19,,,
abernte02,1968,1,CIN,NL,10,7,78,0,0,0,13,404,111,37,9,55,64,0.22,2.47,15.0,2,4.0,0,562.0,53,43,,,
abernte02,1969,1,CHN,NL,4,3,56,0,0,0,3,256,75,30,8,42,55,0.23,3.16,11.0,5,1.0,1,374.0,20,38,,,
abernte02,1970,1,CHN,NL,0,0,11,0,0,0,1,27,9,2,0,5,2,0.281,2.0,1.0,0,1.0,0,40.0,3,2,2.0,0.0,
abernte02,1970,3,KCA,AL,9,3,36,0,0,0,12,167,41,16,3,38,49,0.209,2.59,0.0,2,1.0,0,244.0,31,23,9.0,0.0,
abernte02,1970,2,SLN,NL,1,0,11,0,0,0,1,55,15,6,0,12,8,0.246,2.95,4.0,1,3.0,0,82.0,3,6,4.0,2.0,
abernte02,1971,1,KCA,AL,4,6,63,0,0,0,23,243,60,23,3,50,55,0.21,2.56,4.0,1,6.0,0,348.0,46,28,3.0,3.0,
abernte02,1972,1,KCA,AL,3,4,45,0,0,0,5,175,44,11,2,19,28,0.21,1.7,3.0,0,3.0,0,239.0,25,15,5.0,2.0,
abernwo01,1946,1,NY1,NL,1,1,15,1,0,0,1,120,32,15,5,10,6,0.23,3.38,,0,0.0,0,153.0,5,16,,,
abernwo01,1947,1,NY1,NL,0,0,1,0,0,0,0,6,4,2,0,1,0,0.4,9.0,,0,0.0,0,11.0,1,3,,,
ablesha01,1905,1,SLA,AL,0,3,6,3,1,0,0,92,37,13,0,13,11,,3.82,,2,0.0,0,136.0,3,22,,,
ablesha01,1909,1,CLE,AL,1,1,5,3,3,0,0,89,26,7,1,10,24,,2.12,,2,1.0,1,126.0,2,14,,,
ablesha01,1911,1,NYA,AL,0,1,3,2,0,0,0,33,16,12,0,7,6,0.33,9.82,,1,0.0,0,55.0,1,15,,,
abramge01,1923,1,CIN,NL,0,0,3,0,0,0,0,14,10,5,0,3,1,0.5,9.64,,0,0.0,0,24.0,1,5,,,
abregjo01,1985,1,CHN,NL,1,1,6,5,0,0,0,72,32,17,3,12,13,0.352,6.38,1.0,0,0.0,0,109.0,0,18,5.0,1.0,3.0
abreual01,2020,1,NYA,AL,0,1,2,0,0,0,0,4,4,3,1,2,2,0.5,20.25,0.0,0,1.0,0,11.0,1,4,0.0,0.0,0.0
abreual01,2021,1,NYA,AL,2,0,28,0,0,0,1,110,27,21,8,19,35,0.206,5.15,1.0,3,3.0,1,156.0,14,21,0.0,3.0,3.0
abreual01,2022,2,KCA,AL,0,0,4,0,0,0,0,13,6,2,1,4,3,0.353,4.15,0.0,1,1.0,0,22.0,3,2,0.0,0.0,2.0
abreual01,2022,3,NYA,AL,2,2,22,0,0,0,0,77,25,9,2,6,26,0.255,3.16,0.0,5,1.0,0,108.0,8,10,1.0,2.0,2.0
abreual01,2022,1,TEX,AL,0,0,7,0,0,0,0,26,4,3,2,12,9,0.138,3.12,0.0,0,1.0,0,42.0,0,3,0.0,0.0,1.0
abreual01,2023,1,NYA,AL,2,2,45,0,0,0,0,177,52,31,9,35,61,0.231,4.73,1.0,5,6.0,0,268.0,19,39,0.0,1.0,4.0
abreubr01,2019,1,HOU,AL,0,0,7,0,0,0,0,26,4,1,0,3,13,0.138,1.04,0.0,0,0.0,0,32.0,2,1,0.0,0.0,1.0
abreubr01,2020,1,HOU,AL,0,0,4,0,0,0,0,10,1,1,0,7,3,0.091,2.7,0.0,0,2.0,0,20.0,1,2,0.0,0.0,0.0
abreubr01,2021,1,HOU,AL,3,3,31,0,0,0,1,108,35,23,4,18,36,0.254,5.75,0.0,4,3.0,0,161.0,3,26,0.0,2.0,4.0
abreubr01,2022,1,HOU,AL,4,0,55,0,0,0,2,181,45,13,2,26,88,0.207,1.94,0.0,7,4.0,0,248.0,18,16,0.0,1.0,6.0
abreubr01,2023,1,HOU,AL,3,2,72,0,0,0,5,216,44,14,6,31,100,0.177,1.75,0.0,1,3.0,0,287.0,16,17,2.0,3.0,6.0
abreubr01,2024,1,HOU,AL,3,3,78,0,0,0,1,235,59,27,9,32,103,0.207,3.1,0.0,4,6.0,1,325.0,3,27,1.0,1.0,5.0
abreuju01,2011,1,HOU,NL,0,0,7,0,0,0,0,20,6,2,1,3,12,0.231,2.7,0.0,0,5.0,0,34.0,2,2,0.0,0.0,0.0
abreuwi01,2006,1,BAL,AL,0,0,7,0,0,0,0,24,10,9,1,6,6,0.294,10.13,1.0,0,1.0,0,42.0,2,10,0.0,1.0,0.0
abreuwi01,2007,1,WAS,NL,0,1,26,0,0,0,0,91,37,20,7,9,26,0.303,5.93,1.0,2,0.0,1,133.0,3,21,1.0,1.0,5.0
abreuwi01,2009,2,CLE,AL,0,0,3,0,0,0,0,7,7,6,2,2,3,0.5,23.14,0.0,0,1.0,0,17.0,0,7,0.0,0.0,0.0
abreuwi01,2009,1,TBA,AL,0,0,2,0,0,0,0,11,3,1,0,2,3,0.231,2.45,0.0,0,0.0,0,15.0,1,1,0.0,0.0,1.0
accarje01,2005,1,SFN,NL,1,5,28,0,0,0,0,89,26,13,2,9,16,0.232,3.94,1.0,1,1.0,0,124.0,7,13,1.0,1.0,3.0
accarje01,2006,1,SFN,NL,1,3,38,0,0,0,3,121,38,22,2,11,40,0.247,4.91,3.0,2,1.0,0,170.0,16,23,0.0,4.0,1.0
accarje01,2006,2,TOR,AL,1,1,27,0,0,0,0,86,38,19,5,9,14,0.325,5.97,2.0,2,0.0,1,127.0,11,19,1.0,0.0,2.0
accarje01,2007,1,TOR,AL,4,4,64,0,0,0,30,202,51,16,4,24,57,0.206,2.14,2.0,0,2.0,1,275.0,48,19,0.0,1.0,3.0
accarje01,2008,1,TOR,AL,0,3,16,0,0,0,4,37,15,9,1,4,5,0.3,6.57,2.0,1,1.0,0,56.0,6,10,0.0,1.0,3.0
accarje01,2009,1,TOR,AL,0,0,26,0,0,0,1,74,23,7,2,17,18,0.267,2.55,1.0,0,2.0,0,107.0,5,8,0.0,2.0,3.0
accarje01,2010,1,TOR,AL,0,1,5,0,0,0,0,20,12,6,0,3,3,0.4,8.1,0.0,2,1.0,0,34.0,2,6,0.0,0.0,2.0
accarje01,2011,1,BAL,AL,3,3,31,0,0,0,0,113,43,24,5,18,23,0.295,5.73,4.0,0,1.0,0,167.0,7,24,2.0,0.0,4.0
accarje01,2012,1,CLE,AL,0,0,26,0,0,0,0,106,38,18,3,16,28,0.288,4.58,1.0,2,0.0,0,152.0,13,19,1.0,3.0,5.0
accarje01,2012,2,OAK,AL,0,0,1,0,0,0,0,6,4,2,0,0,1,0.444,9.0,0.0,0,0.0,0,10.0,0,2,0.0,1.0,0.0
aceveal01,2008,1,NYA,AL,1,0,6,4,0,0,0,90,25,8,4,10,16,0.227,2.4,0.0,1,0.0,0,120.0,1,8,0.0,0.0,3.0
aceveal01,2009,1,NYA,AL,10,1,43,1,0,0,1,252,69,33,10,16,69,0.22,3.54,2.0,0,5.0,0,337.0,10,36,1.0,2.0,5.0
aceveal01,2010,1,NYA,AL,3,0,10,0,0,0,1,36,10,4,1,4,2,0.208,3.0,1.0,0,1.0,0,53.0,2,5,0.0,0.0,0.0
aceveal01,2011,1,BOS,AL,10,2,55,4,0,0,2,342,84,33,8,42,80,0.204,2.61,1.0,1,15.0,2,474.0,15,37,3.0,3.0,9.0
aceveal01,2012,1,BOS,AL,2,10,69,0,0,0,25,252,80,50,11,31,75,0.254,5.36,2.0,3,6.0,1,361.0,55,51,2.0,7.0,4.0
aceveal01,2013,1,BOS,AL,4,1,11,6,0,0,0,111,42,20,8,22,24,0.288,4.86,0.0,0,0.0,2,169.0,3,21,0.0,1.0,4.0
aceveal01,2014,1,NYA,AL,1,2,10,0,0,0,0,58,23,14,6,4,16,0.288,6.52,0.0,0,1.0,1,85.0,5,14,0.0,0.0,1.0
acevedo01,2021,1,OAK,AL,0,0,10,0,0,0,0,33,9,4,3,4,9,0.225,3.27,0.0,0,0.0,0,44.0,7,4,0.0,0.0,0.0
acevedo01,2022,1,OAK,AL,4,4,70,0,0,0,4,203,50,25,9,17,58,0.206,3.33,4.0,1,3.0,1,266.0,12,26,2.0,1.0,7.0
acevedo01,2023,1,OAK,AL,0,0,9,0,0,0,0,28,16,11,2,2,7,0.381,10.61,1.0,1,1.0,0,47.0,1,11,0.0,2.0,0.0
acevejo01,2001,1,CIN,NL,5,7,18,18,0,0,0,288,101,58,17,34,68,0.272,5.44,2.0,4,3.0,0,417.0,0,61,6.0,3.0,6.0
acevejo01,2002,1,CIN,NL,4,2,6,5,0,0,0,71,28,19,8,12,14,0.292,7.23,0.0,1,2.0,0,112.0,0,21,2.0,0.0,1.0
acevejo01,2003,1,CIN,NL,2,0,5,4,1,0,0,81,17,8,3,6,23,0.183,2.67,1.0,1,1.0,0,103.0,1,8,1.0,2.0,2.0
acevejo01,2004,1,CIN,NL,5,12,39,27,0,0,0,473,188,104,30,45,117,0.292,5.94,8.0,3,5.0,1,704.0,3,108,3.0,7.0,10.0
acevejo01,2005,1,COL,NL,2,4,36,5,0,0,1,192,86,46,13,16,31,0.321,6.47,3.0,0,1.0,1,292.0,7,48,2.0,5.0,3.0
aceveju01,1995,1,COL,NL,4,6,17,11,0,0,0,197,82,47,15,20,40,0.317,6.44,2.0,2,6.0,1,291.0,0,53,4.0,2.0,11.0
aceveju01,1997,1,NYN,NL,3,1,25,2,0,0,0,143,52,19,6,22,33,0.286,3.59,2.0,0,4.0,1,215.0,4,24,2.0,5.0,3.0
aceveju01,1998,1,SLN,NL,8,3,50,9,0,0,15,295,83,28,7,29,56,0.236,2.56,2.0,3,4.0,0,394.0,29,30,8.0,1.0,9.0
aceveju01,1999,1,SLN,NL,6,8,50,12,0,0,4,307,115,67,17,48,52,0.291,5.89,3.0,5,4.0,0,457.0,21,71,4.0,6.0,12.0
aceveju01,2000,1,MIL,NL,3,7,62,0,0,0,0,248,77,35,11,31,51,0.246,3.81,9.0,3,1.0,2,347.0,18,38,1.0,1.0,7.0
aceveju01,2001,1,COL,NL,0,2,39,0,0,0,0,96,37,20,4,19,26,0.285,5.63,6.0,0,1.0,0,153.0,14,24,2.0,1.0,3.0
aceveju01,2001,2,FLO,NL,2,3,20,0,0,0,0,85,31,8,2,16,21,0.284,2.54,3.0,1,1.0,0,129.0,6,11,1.0,2.0,2.0
aceveju01,2002,1,DET,AL,1,5,65,0,0,0,28,224,68,22,4,23,43,0.246,2.65,3.0,2,5.0,0,314.0,48,33,5.0,5.0,10.0
aceveju01,2003,1,NYA,AL,0,3,25,0,0,0,6,77,34,22,5,10,19,0.315,7.71,3.0,2,2.0,0,125.0,19,24,2.0,3.0,0.0
aceveju01,2003,2,TOR,AL,1,2,14,0,0,0,0,38,18,6,1,8,9,0.327,4.26,1.0,2,0.0,0,63.0,6,8,0.0,0.0,2.0
achteaj01,2014,1,MIN,AL,1,0,7,0,0,0,0,33,14,4,2,3,5,0.304,3.27,0.0,0,0.0,0,49.0,1,7,0.0,0.0,0.0
achteaj01,2015,1,MIN,AL,0,1,11,0,0,0,0,40,12,10,4,6,14,0.231,6.75,1.0,0,0.0,0,58.0,4,10,0.0,0.0,1.0
achteaj01,2016,1,LAA,AL,1,0,27,0,0,0,0,113,43,13,7,12,14,0.295,3.11,1.0,0,1.0,0,160.0,17,13,0.0,1.0,7.0
ackerji01,1983,1,TOR,AL,5,1,38,5,0,0,1,293,103,47,7,38,44,0.273,4.33,1.0,1,8.0,0,426.0,8,52,1.0,2.0,17.0
ackerji01,1984,1,TOR,AL,3,5,32,3,0,0,1,216,79,35,3,25,33,0.286,4.38,3.0,5,6.0,0,312.0,9,39,4.0,1.0,14.0
ackerji01,1985,1,TOR,AL,7,2,61,0,0,0,10,259,86,31,7,43,42,0.268,3.23,1.0,2,3.0,0,370.0,26,35,1.0,2.0,16.0
ackerji01,1986,2,ATL,NL,3,8,21,14,0,0,0,285,100,40,7,26,37,0.274,3.79,3.0,2,1.0,0,402.0,3,47,6.0,4.0,8.0
ackerji01,1986,1,TOR,AL,2,4,23,5,0,0,0,180,63,29,6,22,32,0.281,4.35,3.0,3,2.0,1,259.0,6,34,6.0,5.0,6.0
ackerji01,1987,1,ATL,NL,4,9,68,0,0,0,14,344,109,53,11,51,68,0.253,4.16,4.0,1,4.0,0,491.0,41,57,3.0,3.0,16.0
ackerji01,1988,1,ATL,NL,0,4,21,1,0,0,0,126,45,22,6,14,25,0.28,4.71,3.0,2,1.0,0,184.0,7,26,5.0,3.0,2.0
ackerji01,1989,1,ATL,NL,0,6,59,0,0,0,2,293,84,29,5,20,68,0.237,2.67,8.0,2,1.0,0,383.0,23,29,5.0,3.0,7.0
ackerji01,1989,2,TOR,AL,2,1,14,0,0,0,0,85,24,5,1,12,24,0.235,1.59,3.0,1,1.0,0,116.0,3,7,1.0,0.0,2.0
ackerji01,1990,1,TOR,AL,4,4,59,0,0,0,1,275,103,39,9,30,54,0.281,3.83,5.0,4,3.0,1,403.0,19,49,3.0,1.0,6.0
ackerji01,1991,1,TOR,AL,3,5,54,4,0,0,1,265,77,51,16,36,44,0.238,5.2,5.0,7,2.0,0,374.0,11,53,7.0,5.0,5.0
ackerji01,1992,1,SEA,AL,0,0,17,0,0,0,0,92,45,18,4,12,11,0.338,5.28,1.0,1,0.0,0,148.0,3,19,1.0,2.0,1.0
ackerto01,1956,1,CIN,NL,4,3,29,7,1,1,1,251,60,22,7,29,54,0.2,2.37,1.0,0,2.0,0,338.0,3,23,,,
ackerto01,1957,1,CIN,NL,10,5,49,6,1,0,4,326,122,60,16,41,67,0.29,4.97,8.0,3,8.0,0,486.0,17,63,,,
ackerto01,1958,1,CIN,NL,4,3,38,10,3,0,1,374,126,63,10,43,90,0.26,4.55,6.0,2,3.0,0,528.0,4,64,,,
ackerto01,1959,1,CIN,NL,1,2,37,0,0,0,2,190,57,29,10,37,45,0.24,4.12,5.0,1,4.0,0,277.0,11,31,,,
acklefr01,1963,1,CHA,AL,1,0,2,2,0,0,0,39,7,3,2,7,11,0.16,2.08,0.0,1,0.0,0,51.0,0,4,,,
acklefr01,1964,1,CHA,AL,0,0,3,2,0,0,0,19,10,6,2,4,6,0.34,8.53,0.0,0,0.0,0,33.0,1,6,,,
acostcy01,1972,1,CHA,AL,3,0,26,0,0,0,5,104,25,6,2,17,28,0.21,1.56,3.0,1,0.0,0,138.0,17,6,2.0,0.0,
acostcy01,1973,1,CHA,AL,10,6,48,0,0,0,18,291,66,24,8,39,60,0.194,2.23,3.0,2,7.0,1,396.0,42,30,6.0,2.0,4.0
acostcy01,1974,1,CHA,AL,0,3,27,0,0,0,3,137,43,19,3,18,19,0.256,3.74,2.0,1,5.0,0,198.0,14,22,3.0,4.0,5.0
acostcy01,1975,1,PHI,NL,0,0,6,0,0,0,1,26,9,6,2,3,2,0.273,6.23,0.0,0,0.0,0,36.0,1,7,0.0,0.0,0.0
acosted01,1970,1,PIT,NL,0,0,3,0,0,0,1,8,5,4,1,2,1,0.417,13.5,0.0,0,1.0,0,16.0,2,4,0.0,1.0,
acosted01,1971,1,SDN,NL,3,3,8,6,3,1,0,138,43,14,4,7,16,0.246,2.74,1.0,1,0.0,1,184.0,0,18,0.0,2.0,
acosted01,1972,1,SDN,NL,3,6,46,2,0,0,0,267,105,44,7,30,53,0.302,4.45,7.0,5,3.0,1,394.0,20,49,8.0,5.0,
acostjo01,1920,1,WS1,AL,5,4,17,5,4,1,1,248,92,37,1,26,9,0.29,4.03,,1,0.0,0,349.0,10,40,,,
acostjo01,1921,1,WS1,AL,5,4,33,7,2,0,3,347,148,56,4,36,30,0.31,4.36,,3,0.0,0,520.0,17,65,,,
acostjo01,1922,1,CHA,AL,0,2,5,1,0,0,0,45,25,14,4,6,6,0.41,8.4,,0,0.0,0,70.0,1,14,,,
acostma01,2007,1,ATL,NL,1,1,21,0,0,0,0,71,13,6,2,14,22,0.165,2.28,1.0,1,0.0,0,93.0,5,6,0.0,0.0,5.0
acostma01,2008,1,ATL,NL,3,5,46,0,0,0,3,159,48,21,7,26,31,0.247,3.57,5.0,5,1.0,0,226.0,22,25,4.0,1.0,7.0
acostma01,2009,1,ATL,NL,1,1,36,0,0,0,0,112,45,18,4,19,32,0.3,4.34,2.0,3,2.0,0,174.0,17,19,3.0,0.0,4.0
acostma01,2010,1,NYN,NL,3,2,41,0,0,0,1,119,30,13,4,18,42,0.219,2.95,1.0,3,0.0,0,157.0,12,13,1.0,1.0,4.0
acostma01,2011,1,NYN,NL,4,1,44,0,0,0,4,141,50,18,6,15,46,0.269,3.45,0.0,0,2.0,0,204.0,15,21,0.0,1.0,3.0
acostma01,2012,1,NYN,NL,1,3,45,0,0,0,1,142,48,34,7,25,46,0.259,6.46,1.0,2,3.0,0,216.0,7,38,1.0,2.0,3.0
acrema01,1994,1,OAK,AL,5,1,34,0,0,0,0,103,24,13,4,23,21,0.202,3.41,3.0,1,1.0,0,147.0,6,13,3.0,1.0,3.0
acrema01,1995,1,OAK,AL,1,2,43,0,0,0,0,156,52,33,7,28,47,0.256,5.71,2.0,2,2.0,1,236.0,10,35,1.0,2.0,5.0
acrema01,1996,1,OAK,AL,1,3,22,0,0,0,2,75,38,17,4,9,18,0.339,6.12,4.0,0,2.0,0,124.0,11,17,1.0,0.0,2.0
acrema01,1997,1,OAK,AL,2,0,15,0,0,0,0,47,21,10,1,8,12,0.318,5.74,0.0,0,0.0,0,75.0,5,10,0.0,1.0,1.0
actonga01,2023,1,OAK,AL,0,0,6,0,0,0,0,17,9,8,3,5,5,0.346,12.71,2.0,0,1.0,0,32.0,3,8,0.0,0.0,0.0
adamja01,2018,1,KCA,AL,0,3,31,0,0,0,0,97,30,22,9,15,37,0.246,6.12,1.0,4,3.0,1,142.0,14,22,0.0,2.0,1.0
adamja01,2019,1,TOR,AL,3,0,23,0,0,0,0,65,15,7,1,10,18,0.2,2.91,1.0,1,3.0,2,91.0,2,8,0.0,3.0,2.0
adamja01,2020,1,CHN,NL,2,1,13,0,0,0,0,41,9,5,2,8,21,0.18,3.29,0.0,0,0.0,0,58.0,5,7,0.0,0.0,0.0
adamja01,2021,1,CHN,NL,1,0,12,0,0,0,0,32,10,7,1,6,19,0.244,5.91,0.0,0,3.0,0,50.0,4,7,0.0,0.0,0.0
adamja01,2022,1,TBA,AL,2,3,67,0,0,0,8,190,31,11,5,17,75,0.147,1.56,2.0,2,6.0,0,237.0,16,12,0.0,2.0,8.0
adamja01,2023,1,TBA,AL,4,2,56,0,0,0,12,163,35,18,7,20,69,0.181,2.98,0.0,2,9.0,0,222.0,22,21,0.0,0.0,4.0
adamja01,2024,2,SDN,NL,3,0,27,0,0,0,0,80,14,3,1,7,31,0.152,1.01,1.0,2,3.0,1,102.0,1,3,0.0,0.0,2.0
adamja01,2024,1,TBA,AL,4,2,47,0,0,0,4,141,26,13,4,16,50,0.164,2.49,3.0,0,3.0,0,180.0,9,17,0.0,2.0,3.0
adamsac01,1941,1,NY1,NL,4,1,38,0,0,0,1,213,84,38,3,35,18,0.3,4.82,,3,1.0,0,319.0,22,43,,,
adamsac01,1942,1,NY1,NL,7,4,61,0,0,0,11,264,69,18,1,31,33,0.22,1.84,,3,0.0,0,351.0,49,23,,,
adamsac01,1943,1,NY1,NL,11,7,70,3,1,0,9,421,121,44,5,55,46,0.23,2.82,,3,1.0,0,579.0,52,50,,,
adamsac01,1944,1,NY1,NL,8,11,65,4,1,0,13,413,149,65,8,58,32,0.27,4.25,,4,4.0,0,615.0,44,71,,,
adamsac01,1945,1,NY1,NL,11,9,65,0,0,0,15,339,109,43,7,44,39,0.25,3.42,,2,2.0,0,496.0,50,55,,,
adamsac01,1946,1,NY1,NL,0,1,3,0,0,0,0,8,9,5,2,1,3,0.5,16.88,,0,0.0,0,19.0,1,5,,,
adamsau01,2014,1,CLE,AL,0,0,6,0,0,0,0,21,9,7,1,1,4,0.31,9.0,0.0,0,0.0,0,30.0,1,7,0.0,0.0,1.0
adamsau01,2015,1,CLE,AL,2,0,28,0,0,0,1,100,37,14,2,13,23,0.276,3.78,0.0,1,0.0,0,149.0,9,15,2.0,0.0,3.0
adamsau01,2016,1,CLE,AL,0,0,19,0,0,0,0,55,27,20,5,7,17,0.333,9.82,1.0,0,0.0,0,88.0,11,22,0.0,0.0,2.0
adamsau01,2019,2,DET,AL,0,0,13,0,0,0,0,42,14,8,2,10,9,0.259,5.14,1.0,0,0.0,0,65.0,8,8,0.0,1.0,1.0
adamsau01,2019,1,MIN,AL,0,0,2,0,0,0,0,8,4,5,2,3,5,0.333,16.88,0.0,0,0.0,0,15.0,1,5,0.0,0.0,0.0
adamsau02,2017,1,WAS,NL,0,0,6,0,0,0,0,15,4,2,0,8,10,0.211,3.6,0.0,1,1.0,0,29.0,3,4,0.0,1.0,0.0
adamsau02,2018,1,WAS,NL,0,0,2,0,0,0,0,3,1,0,0,3,0,0.25,0.0,0.0,0,0.0,0,7.0,0,0,0.0,0.0,0.0
adamsau02,2019,2,SEA,AL,2,2,29,2,0,0,0,93,20,13,4,14,51,0.183,3.77,0.0,2,0.0,0,124.0,3,13,0.0,1.0,3.0
adamsau02,2019,1,WAS,NL,0,0,1,0,0,0,0,3,0,1,0,2,2,0.0,9.0,0.0,2,1.0,0,6.0,0,1,0.0,0.0,0.0
adamsau02,2020,1,SDN,NL,0,0,3,0,0,0,0,12,3,2,1,2,7,0.2,4.5,0.0,1,0.0,0,17.0,1,2,0.0,0.0,0.0
adamsau02,2021,1,SDN,NL,3,2,65,0,0,0,0,158,28,24,1,35,76,0.159,4.1,2.0,4,24.0,0,241.0,18,28,3.0,3.0,4.0
adamsau02,2022,1,SDN,NL,1,0,2,0,0,0,0,7,0,0,0,3,2,0.0,0.0,0.0,0,0.0,0,9.0,0,0,0.0,0.0,1.0
adamsau02,2023,1,ARI,NL,0,1,24,0,0,0,0,52,16,11,1,8,22,0.235,5.71,0.0,2,5.0,0,81.0,1,12,0.0,0.0,0.0
adamsau02,2024,1,OAK,AL,1,2,56,0,0,0,0,124,38,18,4,23,53,0.25,3.92,2.0,6,13.0,0,191.0,6,20,1.0,2.0,3.0
adamsba01,1906,1,SLN,NL,0,1,1,1,0,0,0,12,9,6,0,2,0,,13.5,,0,0.0,1,21.0,0,8,,,
adamsba01,1907,1,PIT,NL,0,2,4,3,1,0,0,66,40,17,1,3,11,,6.95,,1,3.0,0,104.0,1,25,,,
adamsba01,1909,1,PIT,NL,12,3,25,12,7,3,2,390,88,16,0,23,65,,1.11,,1,3.0,0,475.0,11,25,,,
adamsba01,1910,1,PIT,NL,18,9,34,30,16,3,0,735,217,61,4,60,101,,2.24,,1,6.0,0,971.0,3,95,,,
adamsba01,1911,1,PIT,NL,22,12,40,37,24,6,0,880,253,76,5,42,133,0.23,2.33,,3,8.0,0,1117.0,2,97,,,
adamsba01,1912,1,PIT,NL,11,8,28,21,11,2,0,511,169,55,4,35,63,0.26,2.91,,0,3.0,0,704.0,5,73,,,
adamsba01,1913,1,PIT,NL,21,10,43,37,24,4,0,941,271,75,8,49,144,0.23,2.15,,5,0.0,0,1227.0,5,94,,,
adamsba01,1914,1,PIT,NL,13,16,40,35,19,3,1,849,253,79,5,39,91,0.24,2.51,,2,7.0,0,1116.0,4,97,,,
adamsba01,1915,1,PIT,NL,14,14,40,30,17,2,2,735,229,78,6,34,62,0.25,2.87,,2,2.0,0,969.0,8,90,,,
adamsba01,1916,1,PIT,NL,2,9,16,10,4,1,0,217,91,46,2,12,22,0.32,5.72,,1,3.0,0,314.0,5,51,,,
adamsba01,1918,1,PIT,NL,1,1,3,3,2,0,0,68,15,3,0,4,6,0.19,1.19,,0,0.0,0,82.0,0,4,,,
adamsba01,1919,1,PIT,NL,17,10,34,29,23,6,1,790,213,58,1,23,92,0.22,1.98,,2,3.0,0,1017.0,5,66,,,
adamsba01,1920,1,PIT,NL,17,13,35,33,19,8,2,789,240,63,6,18,84,0.24,2.16,,5,1.0,0,1035.0,2,83,,,
adamsba01,1921,1,PIT,NL,14,5,25,20,11,2,0,480,155,47,4,18,55,0.25,2.64,,0,0.0,1,646.0,3,57,,,
adamsba01,1922,1,PIT,NL,8,11,27,19,12,4,0,514,191,68,1,15,39,0.28,3.57,,1,4.0,0,707.0,4,77,,,
adamsba01,1923,1,PIT,NL,13,7,26,22,11,0,1,476,196,78,8,25,38,0.3,4.42,,1,1.0,0,676.0,2,83,,,
adamsba01,1924,1,PIT,NL,3,1,9,3,2,0,0,119,31,5,1,3,5,0.2,1.13,,1,0.0,0,154.0,3,5,,,
adamsba01,1925,1,PIT,NL,6,5,33,10,3,0,3,304,129,61,7,17,18,0.3,5.42,,0,3.0,0,448.0,12,67,,,
adamsba01,1926,1,PIT,NL,2,3,19,0,0,0,3,110,51,25,5,8,7,0.34,6.14,,0,0.0,0,164.0,14,32,,,
adamsbo01,1925,1,BOS,AL,0,0,2,0,0,0,0,17,10,5,1,3,1,0.41,7.94,,0,0.0,0,28.0,2,5,,,
adamsbo02,1931,1,PHI,NL,0,1,1,1,0,0,0,18,14,6,0,1,3,0.42,9.0,,0,0.0,0,35.0,0,10,,,
adamsbo02,1932,1,PHI,NL,0,0,4,0,0,0,0,18,7,1,0,2,2,0.31,1.5,,0,0.0,0,25.0,3,1,,,
adamsch01,2018,1,NYA,AL,0,1,3,1,0,0,0,23,8,6,3,4,4,0.267,7.04,0.0,0,0.0,0,34.0,1,7,0.0,0.0,2.0
adamsch01,2019,1,NYA,AL,1,1,13,0,0,0,1,76,39,24,7,11,23,0.351,8.53,0.0,1,2.0,1,124.0,5,25,0.0,0.0,2.0
adamsch01,2020,1,KCA,AL,0,0,6,0,0,0,0,26,15,9,1,0,6,0.375,9.35,0.0,2,0.0,0,40.0,1,9,0.0,0.0,0.0
adamsda01,1914,1,KCF,FL,4,9,36,14,6,0,3,408,141,53,3,52,38,9.99,3.51,,5,7.0,0,576.0,16,67,,,
adamsda01,1915,1,KCF,FL,0,2,11,2,0,0,0,105,41,18,2,13,16,9.99,4.63,,3,1.0,0,0.0,8,20,,,
adamsjo01,1902,1,SLN,NL,0,0,1,0,0,0,0,12,9,4,0,2,0,,9.0,,0,1.0,0,23.0,1,6,,,
adamsjo02,1996,1,FLO,NL,0,0,9,0,0,0,0,33,18,9,1,7,7,0.4,7.36,0.0,0,1.0,0,56.0,1,9,2.0,1.0,2.0
adamsjo02,1997,1,ML4,AL,5,3,30,6,0,0,0,229,78,30,13,19,56,0.265,3.54,0.0,0,5.0,1,324.0,3,36,4.0,2.0,7.0
adamsjo02,1998,1,ARI,NL,0,3,5,5,0,0,0,69,25,21,5,11,14,0.284,8.22,0.0,0,3.0,0,104.0,0,21,1.0,1.0,2.0
adamska01,1914,1,CIN,NL,0,0,4,0,0,0,0,24,14,8,0,5,5,0.42,9.0,,0,0.0,0,41.0,4,10,,,
adamska01,1915,1,CHN,NL,1,9,26,12,3,0,0,321,105,56,5,43,57,0.26,4.71,,4,2.0,0,462.0,10,62,,,
adamsmi01,1967,1,BAL,AL,0,1,3,2,0,0,0,29,9,9,1,12,8,0.25,8.38,0.0,1,0.0,0,48.0,1,9,,,
adamsmi01,1968,1,BAL,AL,0,2,2,2,0,0,0,23,9,8,2,4,4,0.28,9.39,0.0,0,0.0,1,36.0,0,9,,,
adamsmi01,1969,1,BAL,AL,0,1,6,0,0,0,0,24,10,4,0,6,2,0.35,4.5,2.0,1,0.0,0,38.0,1,4,,,
adamsmi03,2004,1,MIL,NL,2,3,46,0,0,0,0,159,50,20,5,14,39,0.248,3.4,2.0,2,2.0,0,225.0,13,21,5.0,2.0,3.0
adamsmi03,2005,1,MIL,NL,0,1,13,0,0,0,1,40,12,4,2,10,14,0.235,2.7,1.0,1,0.0,0,61.0,7,4,0.0,0.0,1.0
adamsmi03,2006,1,MIL,NL,0,0,2,0,0,0,0,7,4,3,1,2,1,0.364,11.57,0.0,0,0.0,0,13.0,0,3,0.0,0.0,0.0
adamsmi03,2008,1,SDN,NL,2,3,54,0,0,0,0,196,49,18,7,19,74,0.209,2.48,2.0,0,0.0,0,259.0,11,18,2.0,3.0,2.0
adamsmi03,2009,1,SDN,NL,0,0,37,0,0,0,0,111,14,3,1,8,45,0.111,0.73,1.0,1,0.0,0,136.0,5,9,2.0,0.0,0.0
adamsmi03,2010,1,SDN,NL,4,1,70,0,0,0,0,200,48,13,2,23,73,0.196,1.76,2.0,0,0.0,0,268.0,3,14,0.0,0.0,2.0
adamsmi03,2011,1,SDN,NL,3,1,48,0,0,0,1,144,26,6,2,9,49,0.155,1.13,1.0,0,0.0,0,179.0,5,7,1.0,1.0,1.0
adamsmi03,2011,2,TEX,AL,2,3,27,0,0,0,1,77,18,6,3,5,25,0.196,2.1,1.0,0,0.0,0,98.0,5,6,1.0,0.0,1.0
adamsmi03,2012,1,TEX,AL,5,3,61,0,0,0,1,157,56,19,4,17,45,0.269,3.27,1.0,2,3.0,0,228.0,7,21,0.0,0.0,5.0
adamsmi03,2013,1,PHI,NL,1,4,28,0,0,0,0,75,23,11,5,11,23,0.242,3.96,0.0,1,1.0,0,107.0,4,11,0.0,0.0,2.0
adamsmi03,2014,1,PHI,NL,2,1,22,0,0,0,0,56,16,6,1,8,21,0.232,2.89,1.0,0,0.0,0,79.0,0,8,2.0,0.0,2.0
adamsre01,1946,1,CHN,NL,0,1,8,0,0,0,0,36,18,11,1,7,8,0.35,8.25,,0,0.0,0,59.0,4,12,,,
adamsri01,1905,1,WS1,AL,2,5,11,6,3,1,0,188,63,25,1,24,25,,3.59,,0,8.0,0,271.0,5,30,,,
adamste01,1995,1,CHN,NL,1,1,18,0,0,0,1,54,22,13,0,10,15,0.289,6.5,1.0,1,0.0,0,86.0,7,15,0.0,0.0,2.0
adamste01,1996,1,CHN,NL,3,6,69,0,0,0,4,303,84,33,6,49,78,0.231,2.94,6.0,5,1.0,1,423.0,22,36,7.0,3.0,14.0
adamste01,1997,1,CHN,NL,2,9,74,0,0,0,18,222,91,38,3,40,64,0.306,4.62,6.0,6,1.0,0,341.0,39,43,1.0,2.0,9.0
adamste01,1998,1,CHN,NL,7,7,63,0,0,0,1,218,72,35,7,41,73,0.255,4.33,3.0,4,1.0,3,330.0,15,39,3.0,3.0,3.0
adamste01,1999,1,CHN,NL,6,3,52,0,0,0,13,195,60,29,9,28,57,0.245,4.02,2.0,6,0.0,0,277.0,38,33,1.0,3.0,7.0
adamste01,2000,1,LAN,NL,6,9,66,0,0,0,2,253,80,33,6,39,56,0.245,3.52,0.0,5,0.0,0,369.0,18,42,3.0,0.0,9.0
adamste01,2001,1,LAN,NL,12,8,43,22,0,0,0,499,172,80,9,54,141,0.267,4.33,1.0,7,3.0,2,708.0,10,84,6.0,0.0,17.0
adamste01,2002,1,PHI,NL,7,9,46,19,0,0,0,410,132,66,9,58,96,0.255,4.35,5.0,8,3.0,0,590.0,10,76,10.0,2.0,16.0
adamste01,2003,1,PHI,NL,1,4,66,0,0,0,0,204,68,20,1,23,51,0.268,2.65,4.0,4,2.0,0,284.0,16,22,3.0,2.0,11.0
adamste01,2004,2,BOS,AL,2,0,19,0,0,0,0,81,35,18,6,6,21,0.321,6.0,1.0,2,1.0,0,119.0,1,19,0.0,3.0,2.0
adamste01,2004,1,TOR,AL,4,4,42,0,0,0,3,129,49,19,4,22,35,0.29,3.98,2.0,6,1.0,0,197.0,20,20,3.0,2.0,6.0
adamste01,2005,1,PHI,NL,0,2,16,0,0,0,0,40,25,19,3,10,4,0.403,12.83,2.0,0,4.0,0,77.0,5,19,1.0,0.0,2.0
adamswi01,1912,1,SLA,AL,2,3,13,5,0,0,0,139,50,20,0,19,16,0.28,3.88,,3,2.0,0,197.0,8,32,,,
adamswi01,1913,1,SLA,AL,0,0,4,0,0,0,0,27,12,10,1,4,5,0.28,10.0,,0,3.0,0,49.0,2,14,,,
adamswi01,1914,1,PTF,FL,1,1,15,2,1,0,2,166,70,23,4,22,14,9.99,3.74,,2,1.0,0,238.0,10,29,,,
adamswi01,1918,1,PHA,AL,5,12,32,14,7,0,0,507,164,83,2,97,39,0.27,4.42,,3,12.0,0,733.0,9,95,,,
adamswi01,1919,1,PHA,AL,0,0,1,0,0,0,0,14,7,2,1,2,0,0.38,3.86,,0,1.0,0,21.0,1,2,,,
adamswi02,1996,1,OAK,AL,3,4,12,12,1,1,0,229,76,34,11,23,68,0.257,4.01,3.0,2,5.0,0,329.0,0,39,3.0,2.0,5.0
adamswi02,1997,1,OAK,AL,3,5,13,12,0,0,0,175,73,53,9,32,37,0.307,8.18,2.0,2,4.0,0,282.0,0,53,3.0,5.0,2.0
adcocna01,2011,1,KCA,AL,1,1,24,3,0,0,1,181,63,31,5,26,36,0.272,4.62,3.0,4,3.0,1,265.0,5,34,3.0,1.0,4.0
adcocna01,2012,1,KCA,AL,0,3,12,2,0,0,0,104,37,9,4,13,22,0.282,2.34,2.0,0,1.0,0,148.0,3,13,1.0,2.0,4.0
adcocna01,2014,1,TEX,AL,0,0,7,0,0,0,0,30,11,5,2,5,9,0.289,4.5,0.0,1,2.0,0,45.0,2,5,0.0,0.0,3.0
adcocna01,2015,1,CIN,NL,1,2,13,0,0,0,0,54,15,12,3,12,13,0.221,6.0,0.0,1,1.0,0,83.0,4,12,1.0,1.0,0.0
adcocty01,2023,1,SEA,AL,0,0,12,0,0,0,0,47,11,6,4,0,11,0.19,3.45,0.0,0,0.0,0,58.0,4,7,0.0,0.0,1.0
adcocty01,2024,1,NYN,NL,0,0,3,0,0,0,0,13,7,7,4,2,3,0.368,14.54,0.0,0,0.0,0,21.0,1,7,0.0,0.0,1.0
adenhni01,2008,1,LAA,AL,1,0,3,3,0,0,0,36,18,12,0,13,4,0.36,9.0,0.0,2,0.0,0,63.0,0,12,0.0,0.0,3.0
adenhni01,2009,1,LAA,AL,0,0,1,1,0,0,0,18,7,0,0,3,5,0.292,0.0,0.0,1,0.0,0,27.0,0,0,0.0,0.0,1.0
adkinde01,1942,1,WS1,AL,0,0,1,1,0,0,0,19,7,7,0,6,3,0.25,9.95,,0,0.0,0,33.0,0,8,,,
adkinde01,1943,1,WS1,AL,0,0,7,0,0,0,0,31,9,3,0,5,1,0.25,2.61,,0,0.0,0,41.0,5,3,,,
adkinde01,1949,1,CHN,NL,2,4,30,5,1,0,0,247,98,52,10,39,43,0.29,5.68,,3,0.0,0,377.0,14,58,,,
adkindo01,1902,1,BOS,AL,1,1,4,2,1,0,0,60,30,9,2,7,3,,4.05,,0,0.0,0,94.0,2,20,,,
adkindo01,1903,1,NYA,AL,0,0,2,1,0,0,1,21,10,6,0,5,0,,7.71,,0,1.0,0,36.0,1,8,,,
adkingr01,1928,1,CHA,AL,10,16,36,27,14,0,1,674,235,93,12,89,54,0.27,3.73,,1,6.0,0,986.0,6,113,,,
adkingr01,1929,1,CHA,AL,2,11,31,15,5,0,0,415,168,82,12,67,24,0.3,5.33,,3,1.0,0,640.0,12,98,,,
adkinjo01,2003,1,CHA,AL,0,0,4,0,0,0,0,28,8,5,1,7,3,0.25,4.82,0.0,0,1.0,0,42.0,2,5,1.0,1.0,1.0
adkinjo01,2004,1,CHA,AL,2,3,50,0,0,0,0,186,75,32,13,20,44,0.305,4.65,3.0,1,1.0,0,271.0,19,35,3.0,1.0,10.0
adkinjo01,2005,1,CHA,AL,0,1,5,0,0,0,0,25,13,8,0,4,1,0.351,8.64,2.0,0,1.0,0,42.0,4,8,0.0,0.0,1.0
adkinjo01,2006,1,SDN,NL,2,1,55,0,0,0,0,163,55,24,3,20,30,0.271,3.98,4.0,0,2.0,0,232.0,15,26,5.0,2.0,8.0
adkinjo01,2007,1,NYN,NL,0,0,1,0,0,0,0,3,0,0,0,0,0,0.0,0.0,0.0,0,0.0,0,3.0,0,0,0.0,0.0,0.0
adkinjo01,2008,1,CIN,NL,1,0,4,0,0,0,0,11,4,1,1,3,3,0.333,2.45,1.0,0,0.0,0,15.0,0,1,0.0,0.0,1.0
adkinst01,1990,1,NYA,AL,1,2,5,5,0,0,0,72,19,17,4,29,14,0.226,6.38,0.0,2,0.0,0,115.0,0,18,1.0,1.0,3.0
adlemti01,2016,1,CIN,NL,4,4,13,13,0,0,0,209,64,31,13,20,47,0.251,4.0,1.0,0,5.0,0,287.0,0,32,6.0,1.0,8.0
adlemti01,2017,1,CIN,NL,5,11,30,20,0,0,0,367,124,75,29,51,108,0.264,5.52,1.0,1,6.0,1,531.0,4,79,1.0,4.0,8.0
adonjo01,2021,1,WAS,NL,0,0,1,1,0,0,0,16,6,2,1,3,9,0.3,3.38,0.0,1,1.0,0,24.0,0,2,0.0,0.0,1.0
adonjo01,2022,1,WAS,NL,1,12,14,14,0,0,0,194,76,51,8,39,55,0.29,7.1,1.0,7,6.0,0,310.0,0,53,1.0,2.0,5.0
adonjo01,2023,1,WAS,NL,2,4,12,10,0,0,0,155,60,37,8,24,48,0.284,6.45,3.0,6,3.0,0,240.0,2,37,1.0,1.0,3.0
adonjo01,2024,1,WAS,NL,0,0,8,1,0,0,0,32,12,8,2,4,6,0.293,6.75,0.0,0,1.0,0,48.0,5,8,1.0,1.0,1.0
adriaeh01,2019,1,MIN,AL,0,0,1,0,0,0,0,3,5,3,0,0,1,0.625,27.0,0.0,0,0.0,0,8.0,1,3,0.0,0.0,0.0
adriaeh01,2020,1,MIN,AL,0,0,1,0,0,0,0,3,1,1,1,0,0,0.25,9.0,0.0,0,1.0,0,5.0,1,1,0.0,0.0,0.0
adriaeh01,2022,1,WAS,NL,0,0,1,0,0,0,0,3,0,0,0,1,1,0.0,0.0,0.0,0,0.0,0,4.0,1,0,0.0,0.0,0.0
affelje01,2002,1,KCA,AL,3,4,34,7,0,0,0,233,85,40,8,37,67,0.274,4.64,4.0,5,3.0,2,353.0,4,41,2.0,1.0,6.0
affelje01,2003,1,KCA,AL,7,6,36,18,0,0,4,378,126,55,12,38,98,0.261,3.93,1.0,2,5.0,2,533.0,5,58,2.0,5.0,12.0
affelje01,2004,1,KCA,AL,3,4,38,8,0,0,13,229,91,42,6,32,49,0.302,4.95,2.0,4,3.0,3,344.0,26,49,4.0,4.0,10.0
affelje01,2005,1,KCA,AL,0,2,49,0,0,0,0,149,56,29,3,29,39,0.277,5.26,2.0,5,0.0,0,232.0,13,35,0.0,1.0,6.0
affelje01,2006,2,COL,NL,4,2,27,0,0,0,1,82,31,21,4,13,20,0.277,6.91,3.0,0,1.0,0,128.0,9,23,1.0,1.0,2.0
affelje01,2006,1,KCA,AL,4,6,27,9,0,0,0,210,71,46,9,42,28,0.262,5.91,0.0,2,1.0,0,320.0,3,51,3.0,3.0,6.0
affelje01,2007,1,COL,NL,4,3,75,0,0,0,0,177,47,23,3,33,46,0.226,3.51,9.0,6,3.0,1,253.0,11,26,3.0,6.0,7.0
affelje01,2008,1,CIN,NL,1,1,74,0,0,0,0,235,78,29,9,25,80,0.26,3.33,0.0,6,3.0,0,335.0,20,36,7.0,0.0,7.0
affelje01,2009,1,SFN,NL,2,2,74,0,0,0,0,187,42,12,3,31,55,0.197,1.73,3.0,5,3.0,0,248.0,8,14,0.0,1.0,18.0
affelje01,2010,1,SFN,NL,4,3,53,0,0,0,4,150,56,23,4,24,44,0.29,4.14,5.0,4,3.0,0,228.0,14,25,7.0,1.0,4.0
affelje01,2011,1,SFN,NL,3,2,67,0,0,0,3,185,47,18,5,24,54,0.207,2.63,3.0,4,4.0,0,259.0,12,22,4.0,0.0,4.0
affelje01,2012,1,SFN,NL,1,2,67,0,0,0,3,190,57,19,1,23,57,0.241,2.7,1.0,5,3.0,0,267.0,10,23,4.0,0.0,7.0
affelje01,2013,1,SFN,NL,1,5,39,0,0,0,0,101,27,14,2,17,21,0.225,3.74,5.0,2,4.0,0,146.0,11,14,4.0,1.0,3.0
affelje01,2014,1,SFN,NL,4,2,62,0,0,0,0,166,47,14,1,14,41,0.229,2.28,1.0,4,4.0,1,225.0,9,14,1.0,1.0,6.0
affelje01,2015,1,SFN,NL,2,2,52,0,0,0,0,106,43,23,6,14,21,0.293,5.86,2.0,1,2.0,0,163.0,7,24,0.0,0.0,4.0
agostju01,1981,1,CHA,AL,0,0,2,0,0,0,0,17,5,3,1,0,3,0.238,4.76,0.0,0,1.0,0,22.0,1,3,0.0,0.0,1.0
agostju01,1982,1,CHA,AL,0,0,1,0,0,0,0,6,7,4,0,0,1,0.538,18.0,0.0,0,0.0,0,13.0,1,4,0.0,0.0,0.0
agostju01,1983,1,CHA,AL,2,2,39,0,0,0,7,125,41,19,2,11,29,0.283,4.1,1.0,2,1.0,0,166.0,13,20,5.0,4.0,8.0
agostju01,1984,1,CHA,AL,2,1,49,0,0,0,7,166,54,19,2,34,26,0.27,3.09,7.0,1,3.0,0,243.0,18,20,5.0,1.0,14.0
agostju01,1985,1,CHA,AL,4,3,54,0,0,0,1,181,45,24,3,23,39,0.21,3.58,1.0,0,3.0,0,246.0,21,27,3.0,3.0,4.0
agostju01,1986,1,CHA,AL,0,2,9,0,0,0,0,14,6,4,0,4,3,0.3,7.71,0.0,0,0.0,0,24.0,1,5,0.0,0.0,0.0
agostju01,1986,2,MIN,AL,1,2,17,1,0,0,1,61,43,20,1,14,9,0.448,8.85,0.0,1,2.0,0,115.0,3,25,2.0,0.0,5.0
agostju01,1987,1,HOU,NL,1,1,27,0,0,0,2,82,26,8,1,10,6,0.248,2.63,1.0,1,0.0,0,118.0,13,12,3.0,0.0,2.0
agostju01,1988,1,HOU,NL,10,2,75,0,0,0,4,275,74,23,6,30,33,0.226,2.26,13.0,3,0.0,5,371.0,33,27,9.0,5.0,12.0
agostju01,1989,1,HOU,NL,4,5,71,0,0,0,1,249,81,27,3,32,46,0.256,2.93,10.0,4,2.0,1,361.0,28,32,5.0,6.0,7.0
agostju01,1990,1,HOU,NL,9,8,82,0,0,0,4,277,91,44,4,39,50,0.261,4.29,8.0,1,7.0,0,404.0,29,46,7.0,2.0,5.0
agostju01,1991,1,SLN,NL,5,3,72,0,0,0,2,258,92,46,4,39,34,0.291,4.81,4.0,6,8.0,0,377.0,22,52,11.0,3.0,14.0
agostju01,1992,2,SEA,AL,0,0,17,1,0,0,0,55,27,12,0,3,12,0.346,5.89,0.0,0,0.0,0,84.0,2,12,2.0,1.0,2.0
agostju01,1992,1,SLN,NL,2,4,22,0,0,0,0,95,39,22,2,9,13,0.312,6.25,2.0,2,3.0,0,143.0,10,24,3.0,3.0,5.0
agostju01,1993,1,HOU,NL,0,0,6,0,0,0,0,18,8,4,1,0,3,0.308,6.0,0.0,0,0.0,1,26.0,3,4,0.0,0.0,0.0
agrazda01,2019,1,PIT,NL,4,5,15,14,0,0,0,220,82,40,15,18,41,0.283,4.91,0.0,0,10.0,0,321.0,0,43,2.0,1.0,5.0
aguiaju01,2024,1,CIN,NL,2,1,7,7,0,0,0,95,30,22,8,12,19,0.244,6.25,1.0,1,5.0,0,140.0,0,22,0.0,0.0,4.0
aguilmi01,2021,1,ARI,NL,1,1,9,0,0,0,0,21,6,5,0,4,3,0.25,6.43,1.0,0,0.0,0,29.0,2,6,1.0,0.0,1.0
aguilri01,1985,1,NYN,NL,10,7,21,19,2,0,0,367,118,44,8,37,74,0.258,3.24,2.0,5,2.0,2,507.0,1,49,7.0,4.0,8.0
aguilri01,1986,1,NYN,NL,10,7,28,20,2,0,0,425,145,61,15,36,104,0.263,3.88,1.0,5,7.0,3,605.0,2,70,6.0,5.0,8.0
aguilri01,1987,1,NYN,NL,11,3,18,17,1,0,0,345,124,46,12,33,77,0.276,3.6,2.0,9,3.0,0,494.0,0,53,7.0,2.0,14.0
aguilri01,1988,1,NYN,NL,0,4,11,3,0,0,0,74,29,19,2,10,16,0.296,6.93,2.0,1,1.0,1,111.0,2,20,2.0,0.0,1.0
aguilri01,1989,2,MIN,AL,3,5,11,11,3,0,0,227,71,27,5,17,57,0.245,3.21,1.0,1,1.0,0,310.0,0,32,2.0,0.0,5.0
aguilri01,1989,1,NYN,NL,6,6,36,0,0,0,7,208,59,18,3,21,80,0.231,2.34,3.0,3,2.0,3,284.0,19,19,5.0,1.0,3.0
aguilri01,1990,1,MIN,AL,5,3,56,0,0,0,32,196,55,20,5,19,61,0.224,2.76,6.0,3,4.0,0,268.0,54,27,0.0,0.0,8.0
aguilri01,1991,1,MIN,AL,4,5,63,0,0,0,42,207,44,18,3,30,61,0.183,2.35,6.0,3,1.0,0,275.0,60,20,1.0,3.0,6.0
aguilri01,1992,1,MIN,AL,2,6,64,0,0,0,41,200,60,21,7,17,52,0.238,2.84,4.0,5,1.0,0,273.0,61,28,1.0,2.0,7.0
aguilri01,1993,1,MIN,AL,4,3,65,0,0,0,34,217,60,25,9,14,59,0.223,3.11,3.0,1,1.0,0,287.0,61,25,2.0,1.0,5.0
aguilri01,1994,1,MIN,AL,1,4,44,0,0,0,23,134,57,18,7,10,46,0.306,3.63,3.0,2,0.0,0,201.0,40,23,4.0,1.0,1.0
aguilri01,1995,2,BOS,AL,2,2,30,0,0,0,20,91,26,9,4,7,23,0.228,2.67,0.0,0,0.0,0,124.0,30,9,1.0,2.0,1.0
aguilri01,1995,1,MIN,AL,1,1,22,0,0,0,12,75,20,7,2,6,29,0.222,2.52,1.0,0,1.0,0,99.0,21,7,0.0,2.0,1.0
aguilri01,1996,1,MIN,AL,8,6,19,19,2,0,0,334,124,67,20,27,83,0.276,5.42,1.0,6,3.0,0,484.0,0,69,1.0,3.0,5.0
aguilri01,1997,1,MIN,AL,5,4,61,0,0,0,26,205,65,29,9,22,68,0.257,3.82,3.0,3,2.0,0,285.0,57,29,5.0,3.0,5.0
aguilri01,1998,1,MIN,AL,4,9,68,0,0,0,38,223,75,35,8,15,57,0.262,4.24,1.0,1,1.0,0,307.0,64,35,3.0,2.0,7.0
aguilri01,1999,2,CHN,NL,6,3,44,0,0,0,8,139,44,19,6,10,32,0.254,3.69,1.0,3,2.0,0,191.0,25,22,4.0,2.0,6.0
aguilri01,1999,1,MIN,AL,3,1,17,0,0,0,6,64,10,3,2,2,13,0.135,1.27,0.0,1,0.0,1,76.0,16,3,0.0,0.0,0.0
aguilri01,2000,1,CHN,NL,1,2,54,0,0,0,29,143,47,26,11,18,38,0.251,4.91,2.0,1,4.0,0,210.0,44,28,1.0,0.0,3.0
aguirha01,1955,1,CLE,AL,2,0,4,1,1,1,0,38,6,2,0,12,6,0.14,1.42,0.0,1,0.0,0,54.0,1,3,,,
aguirha01,1956,1,CLE,AL,3,5,16,9,2,1,1,196,63,27,7,27,31,0.25,3.72,1.0,3,1.0,2,282.0,3,35,,,
aguirha01,1957,1,CLE,AL,1,1,10,1,0,0,0,61,26,13,0,13,9,0.31,5.75,3.0,5,0.0,0,100.0,4,15,,,
aguirha01,1958,1,DET,AL,3,4,44,3,0,0,5,209,67,29,5,27,38,0.25,3.75,2.0,1,1.0,0,299.0,16,31,,,
aguirha01,1959,1,DET,AL,0,0,3,0,0,0,0,8,4,1,0,3,3,0.36,3.38,0.0,0,0.0,0,14.0,2,1,,,
aguirha01,1960,1,DET,AL,5,3,37,6,1,0,10,284,75,30,7,30,80,0.21,2.85,1.0,1,3.0,1,386.0,18,31,,,
aguirha01,1961,1,DET,AL,4,4,45,0,0,0,8,166,44,20,5,38,32,0.22,3.25,3.0,4,2.0,0,244.0,21,22,,,
aguirha01,1962,1,DET,AL,16,8,42,22,11,2,3,648,162,53,14,65,156,0.2,2.21,7.0,4,5.0,1,877.0,13,67,,,
aguirha01,1963,1,DET,AL,14,15,38,33,14,3,0,677,222,92,25,68,134,0.25,3.67,3.0,2,8.0,1,954.0,2,96,,,
aguirha01,1964,1,DET,AL,5,10,32,27,3,0,1,485,134,68,15,59,88,0.22,3.79,4.0,2,8.0,2,678.0,1,76,,,
aguirha01,1965,1,DET,AL,14,10,32,32,10,2,0,625,185,83,24,60,141,0.23,3.59,2.0,3,10.0,1,875.0,0,89,,,
aguirha01,1966,1,DET,AL,3,9,30,14,2,0,0,311,104,44,14,26,50,0.26,3.82,2.0,3,3.0,1,436.0,4,50,,,
aguirha01,1967,1,DET,AL,0,1,31,1,0,0,0,124,34,11,2,17,33,0.21,2.4,2.0,1,0.0,0,174.0,11,15,,,
aguirha01,1968,1,LAN,NL,1,2,25,0,0,0,3,118,32,3,0,13,25,0.22,0.69,3.0,4,3.0,0,167.0,16,8,,,
aguirha01,1969,1,CHN,NL,1,0,41,0,0,0,1,135,45,13,2,12,19,0.26,2.6,1.0,1,2.0,0,186.0,9,13,,,
aguirha01,1970,1,CHN,NL,3,0,17,0,0,0,1,42,13,7,3,9,11,0.25,4.5,1.0,0,1.0,0,64.0,3,10,2.0,0.0,
ahearpa01,1995,1,DET,AL,0,2,4,3,0,0,0,30,20,13,2,5,4,0.4,11.7,1.0,1,0.0,0,55.0,0,13,0.0,0.0,0.0
ainsmed01,1913,1,WS1,AL,0,0,1,0,0,0,0,1,2,2,0,0,0,0.66,54.0,,0,0.0,0,3.0,0,2,,,
ainswku01,2001,1,SFN,NL,0,0,2,0,0,0,0,6,3,3,1,2,3,0.333,13.5,0.0,0,1.0,0,12.0,2,3,0.0,0.0,0.0
ainswku01,2002,1,SFN,NL,1,2,6,4,0,0,0,77,22,6,1,12,15,0.237,2.1,0.0,1,1.0,0,108.0,0,7,2.0,0.0,2.0
ainswku01,2003,2,BAL,AL,0,1,3,0,0,0,0,7,6,3,1,1,4,0.429,11.57,0.0,0,0.0,0,15.0,2,3,0.0,0.0,0.0
ainswku01,2003,1,SFN,NL,5,4,11,11,0,0,0,198,66,28,7,26,48,0.262,3.82,0.0,2,1.0,0,283.0,0,31,2.0,2.0,5.0
ainswku01,2004,1,BAL,AL,0,1,7,7,0,0,0,92,39,33,6,20,20,0.32,9.68,0.0,4,5.0,0,151.0,0,34,2.0,2.0,4.0
aitchra01,1911,1,BRO,NL,0,1,1,0,0,0,0,4,1,0,0,1,0,0.2,0.0,,0,0.0,0,6.0,0,2,,,
aitchra01,1914,1,BRO,NL,12,7,26,17,8,3,0,517,156,51,4,60,87,0.24,2.66,,9,3.0,0,720.0,6,71,,,
aitchra01,1915,1,BRO,NL,0,4,7,5,2,0,0,98,36,18,3,6,14,0.26,4.96,,0,2.0,0,147.0,2,25,,,
akerfda01,1986,1,OAK,AL,0,0,2,0,0,0,0,16,7,4,2,3,5,0.304,6.75,1.0,2,0.0,0,26.0,2,5,0.0,0.0,0.0
akerfda01,1987,1,CLE,AL,2,6,16,13,1,0,0,224,84,56,18,38,42,0.284,6.75,1.0,7,7.0,0,347.0,0,60,2.0,4.0,6.0
akerfda01,1989,1,TEX,AL,0,1,6,0,0,0,0,33,11,4,1,5,9,0.25,3.27,2.0,1,0.0,0,50.0,2,6,0.0,1.0,0.0
akerfda01,1990,1,PHI,NL,5,2,71,0,0,0,3,279,65,39,10,54,42,0.201,3.77,8.0,7,3.0,1,395.0,18,45,9.0,5.0,8.0
akerfda01,1991,1,PHI,NL,2,1,30,0,0,0,0,149,49,29,5,27,31,0.257,5.26,4.0,4,3.0,0,229.0,11,30,6.0,2.0,1.0
akerja01,1964,1,KC1,AL,0,1,9,0,0,0,0,49,17,16,6,10,7,0.26,8.82,1.0,0,6.0,0,80.0,1,18,,,
akerja01,1965,1,KC1,AL,4,3,34,0,0,0,3,154,45,18,3,18,26,0.24,3.16,6.0,1,3.0,0,210.0,14,18,,,
akerja01,1966,1,KC1,AL,8,4,66,0,0,0,32,339,81,25,7,28,68,0.2,1.99,10.0,0,3.0,0,442.0,57,27,,,
akerja01,1967,1,KC1,AL,3,8,57,0,0,0,12,264,87,42,9,32,65,0.26,4.3,8.0,1,3.0,0,373.0,40,44,,,
akerja01,1968,1,OAK,AL,4,4,54,0,0,0,11,224,72,34,6,33,44,0.25,4.1,6.0,4,6.0,0,330.0,30,39,,,
akerja01,1969,2,NYA,AL,8,4,38,0,0,0,11,197,51,15,4,22,40,0.21,2.06,5.0,0,4.0,0,263.0,23,17,,,
akerja01,1969,1,SE1,AL,0,2,15,0,0,0,3,50,25,14,4,13,7,0.35,7.56,4.0,0,1.0,0,85.0,9,15,,,
akerja01,1970,1,NYA,AL,4,2,41,0,0,0,16,210,57,16,3,20,36,0.226,2.06,5.0,1,4.0,0,284.0,28,19,6.0,2.0,
akerja01,1971,1,NYA,AL,4,4,41,0,0,0,4,167,48,16,3,26,24,0.238,2.59,9.0,3,0.0,0,237.0,20,20,6.0,3.0,
akerja01,1972,2,CHN,NL,6,6,48,0,0,0,17,201,65,22,4,23,36,0.259,2.96,5.0,1,5.0,0,289.0,39,31,7.0,3.0,
akerja01,1972,1,NYA,AL,0,0,4,0,0,0,0,18,5,2,0,3,1,0.238,3.0,0.0,1,1.0,0,26.0,4,2,1.0,0.0,
akerja01,1973,1,CHN,NL,4,5,47,0,0,0,12,191,76,29,8,23,25,0.308,4.1,6.0,0,2.0,0,281.0,32,33,8.0,1.0,10.0
akerja01,1974,1,ATL,NL,0,1,17,0,0,0,0,50,17,7,3,9,7,0.298,3.78,2.0,0,0.0,0,71.0,8,11,3.0,2.0,5.0
akerja01,1974,2,NYN,NL,2,1,24,0,0,0,2,124,33,16,4,14,18,0.213,3.48,1.0,1,2.0,0,173.0,16,18,1.0,1.0,4.0
akersje01,1912,1,WS1,AL,1,1,5,1,0,0,0,61,24,11,1,15,11,0.3,4.87,,0,2.0,0,97.0,3,17,,,
akinke01,2020,1,BAL,AL,1,2,8,6,0,0,0,77,27,13,3,10,35,0.262,4.56,0.0,0,1.0,1,116.0,0,17,0.0,2.0,0.0
akinke01,2021,1,BAL,AL,2,10,24,17,0,0,0,285,110,70,17,40,82,0.29,6.63,1.0,5,2.0,1,427.0,1,70,1.0,5.0,7.0
akinke01,2022,1,BAL,AL,3,3,45,1,0,0,2,245,69,29,10,20,77,0.227,3.2,0.0,1,1.0,0,329.0,10,35,1.0,2.0,8.0
akinke01,2023,1,BAL,AL,2,2,24,1,0,0,0,71,35,18,2,7,27,0.337,6.85,2.0,2,0.0,0,112.0,7,22,0.0,1.0,1.0
akinke01,2024,1,BAL,AL,3,1,66,0,0,0,1,236,55,29,9,19,97,0.193,3.32,1.0,4,2.0,0,313.0,21,31,2.0,5.0,2.0
alanirj01,2019,2,CIN,NL,1,0,8,0,0,0,0,35,8,7,0,4,7,0.195,5.4,0.0,0,0.0,1,46.0,3,7,0.0,1.0,1.0
alanirj01,2019,1,SEA,AL,0,0,4,0,0,0,0,12,11,9,3,3,6,0.5,20.25,0.0,0,0.0,0,25.0,1,10,0.0,0.0,1.0
alanirj01,2021,1,CIN,NL,0,0,3,0,0,0,0,8,1,1,1,3,3,0.111,3.38,0.0,0,1.0,0,13.0,0,1,0.0,0.0,0.0
albagi01,1988,1,SLN,NL,0,0,3,0,0,0,0,10,1,1,0,2,3,0.091,2.7,0.0,0,0.0,0,14.0,1,2,0.0,1.0,0.0
albaljo01,2007,1,WAS,NL,1,1,14,0,0,0,0,43,7,3,1,2,12,0.149,1.88,0.0,0,1.0,0,51.0,1,3,0.0,1.0,2.0
albaljo01,2008,1,NYA,AL,0,1,7,0,0,0,0,41,15,6,1,6,13,0.294,3.95,0.0,0,0.0,0,58.0,2,6,1.0,0.0,2.0
albaljo01,2009,1,NYA,AL,5,1,32,0,0,0,0,103,41,20,6,16,21,0.306,5.24,2.0,0,3.0,0,158.0,5,23,1.0,4.0,3.0
albaljo01,2010,1,NYA,AL,0,0,10,0,0,0,0,34,9,5,1,8,8,0.231,3.97,1.0,0,2.0,0,50.0,5,5,0.0,1.0,2.0
albaljo01,2012,1,ARI,NL,0,0,3,0,0,0,0,9,5,3,1,0,2,0.385,9.0,0.0,0,1.0,1,15.0,0,3,0.0,1.0,0.0
albanjo01,1958,1,WS1,AL,0,0,6,0,0,0,0,18,8,3,1,2,3,0.34,4.5,0.0,0,0.0,0,27.0,6,3,,,
alberan01,2013,1,MIN,AL,2,5,10,10,1,1,0,180,64,27,6,7,25,0.271,4.05,0.0,0,2.0,1,249.0,0,34,2.0,2.0,8.0
alberan01,2015,1,TOR,AL,0,0,1,0,0,0,0,8,1,1,1,2,1,0.111,3.38,0.0,0,0.0,0,11.0,0,1,0.0,0.0,0.0
alberan01,2016,1,MIN,AL,0,0,6,2,0,0,0,51,27,11,5,6,16,0.342,5.82,0.0,1,0.0,0,85.0,3,16,0.0,0.0,3.0
alberan01,2017,1,SEA,AL,5,1,9,6,0,0,1,123,43,16,6,10,37,0.262,3.51,0.0,1,2.0,0,178.0,2,22,0.0,1.0,3.0
alberan01,2021,1,MIN,AL,1,2,5,3,0,0,0,57,24,16,9,9,12,0.304,7.58,1.0,0,1.0,1,89.0,2,16,0.0,0.0,1.0
albercy01,1910,1,SLN,NL,1,2,4,3,2,0,0,83,35,19,1,20,10,,6.18,,1,0.0,0,126.0,1,22,,,
alberha01,2019,1,BAL,AL,0,0,1,0,0,0,0,3,1,2,1,2,0,0.25,18.0,0.0,0,1.0,0,7.0,1,2,0.0,0.0,0.0
alberha01,2021,1,KCA,AL,0,0,1,0,0,0,0,1,0,0,0,0,0,0.0,0.0,0.0,0,0.0,0,1.0,1,0,0.0,0.0,0.0
alberha01,2022,1,LAN,NL,0,0,10,0,0,0,0,33,10,5,2,3,1,0.238,4.09,0.0,0,1.0,0,47.0,10,5,0.0,1.0,0.0
alberha01,2023,1,CHA,AL,0,0,2,0,0,0,0,5,6,4,1,1,1,0.545,21.6,0.0,0,0.0,0,12.0,2,4,0.0,0.0,0.0
alberjo01,1995,1,TEX,AL,0,0,12,0,0,0,0,62,26,17,2,12,10,0.299,7.4,1.0,2,1.0,0,101.0,7,18,0.0,1.0,0.0
alberjo01,1996,1,TEX,AL,0,1,5,1,0,0,0,28,14,6,1,7,2,0.368,5.79,1.0,0,0.0,0,46.0,1,6,0.0,1.0,2.0
alberjo01,1997,1,TEX,AL,0,3,10,4,0,0,0,85,37,25,4,17,11,0.303,7.94,1.0,3,1.0,0,143.0,2,33,2.0,1.0,2.0
alberma01,2006,1,HOU,NL,0,2,4,2,0,0,0,45,17,10,1,7,11,0.298,6.0,0.0,0,0.0,0,66.0,0,10,2.0,0.0,3.0
alberma01,2007,1,HOU,NL,4,11,31,18,0,0,0,332,127,72,18,50,71,0.291,5.86,6.0,7,7.0,0,508.0,2,77,6.0,8.0,10.0
alberma01,2008,1,BAL,AL,3,3,28,3,0,0,0,147,43,19,4,22,26,0.24,3.49,1.0,1,2.0,0,208.0,5,21,1.0,3.0,9.0
alberma01,2009,1,BAL,AL,3,6,56,0,0,0,0,201,80,41,3,36,49,0.303,5.51,3.0,3,2.0,0,309.0,13,43,5.0,2.0,8.0
alberma01,2010,1,BAL,AL,5,3,62,0,0,0,0,227,78,38,6,34,49,0.269,4.52,5.0,2,2.0,0,329.0,19,41,3.0,0.0,12.0
alberma01,2011,1,BOS,AL,4,4,56,0,0,0,0,194,62,34,7,31,68,0.251,4.73,1.0,2,5.0,0,289.0,10,35,4.0,2.0,3.0
alberma01,2012,2,ARI,NL,1,1,23,0,0,0,0,63,16,6,3,7,19,0.213,2.57,0.0,1,1.0,0,84.0,4,7,1.0,0.0,2.0
alberma01,2012,1,BOS,AL,2,0,40,0,0,0,0,118,30,10,6,15,25,0.216,2.29,3.0,0,1.0,0,157.0,8,14,0.0,2.0,7.0
alberma01,2013,1,CLE,AL,3,1,56,0,0,0,0,189,57,22,2,23,35,0.242,3.14,3.0,6,1.0,0,262.0,21,25,2.0,0.0,9.0
alberma01,2014,1,HOU,AL,0,0,8,0,0,0,0,30,10,1,0,3,8,0.263,0.9,0.0,0,1.0,0,42.0,1,1,0.0,0.0,1.0
alberma01,2015,1,CHA,AL,2,0,30,0,0,0,0,112,31,5,3,9,28,0.228,1.21,2.0,0,1.0,0,149.0,5,6,0.0,3.0,4.0
alberma01,2016,1,CHA,AL,2,6,58,1,0,0,0,154,67,36,10,19,30,0.321,6.31,1.0,4,3.0,0,237.0,11,44,3.0,2.0,4.0
alberma01,2017,1,WAS,NL,7,2,63,0,0,0,2,183,35,11,6,17,63,0.166,1.62,0.0,0,4.0,0,233.0,23,12,0.0,1.0,6.0
alberma01,2018,1,MIL,NL,3,3,34,0,0,0,1,103,45,28,10,12,32,0.321,7.34,2.0,1,2.0,0,157.0,10,29,0.0,3.0,6.0
alberma01,2019,1,MIL,NL,8,6,67,0,0,0,4,179,53,34,8,29,57,0.239,5.13,3.0,2,3.0,1,258.0,13,34,2.0,2.0,8.0
albosed01,1941,1,BRO,NL,0,2,2,2,0,0,0,39,11,9,1,8,5,0.23,6.23,,0,0.0,0,55.0,0,9,,,
albosed01,1946,1,PIT,NL,0,6,17,6,0,0,0,119,41,27,3,35,19,0.26,6.13,,1,1.0,0,195.0,3,34,,,
albreed01,1949,1,SLA,AL,1,0,1,1,1,0,0,15,1,3,0,4,1,0.06,5.4,,0,0.0,0,20.0,0,3,,,
albreed01,1950,1,SLA,AL,0,1,2,1,0,0,0,20,6,4,0,7,1,0.25,5.4,,0,0.0,0,32.0,1,7,,,
albural01,2011,1,DET,AL,6,1,41,0,0,0,0,130,21,9,0,29,67,0.142,1.87,4.0,4,2.0,0,182.0,11,9,2.0,1.0,0.0
albural01,2012,1,DET,AL,0,0,8,0,0,0,0,40,6,1,0,8,18,0.133,0.68,0.0,0,0.0,1,53.0,0,1,0.0,0.0,1.0
albural01,2013,1,DET,AL,4,3,53,0,0,0,0,147,39,25,5,34,70,0.213,4.59,5.0,9,2.0,1,220.0,12,25,0.0,1.0,3.0
albural01,2014,1,DET,AL,3,1,72,0,0,0,1,172,46,16,7,21,63,0.219,2.51,1.0,2,3.0,2,236.0,15,16,0.0,2.0,3.0
albural01,2015,1,DET,AL,4,1,67,0,0,0,0,186,63,29,4,33,58,0.269,4.21,3.0,5,1.0,4,271.0,12,29,1.0,2.0,5.0
albural01,2016,1,LAA,AL,0,0,2,0,0,0,0,6,2,1,1,2,1,0.2,4.5,0.0,0,0.0,0,12.0,1,3,0.0,0.0,0.0
albural01,2017,2,CHA,AL,0,1,10,0,0,0,0,24,3,1,0,2,5,0.111,1.13,0.0,0,0.0,0,29.0,2,1,0.0,0.0,0.0
albural01,2017,1,KCA,AL,0,1,11,0,0,0,0,30,7,4,0,6,9,0.194,3.6,0.0,0,0.0,0,42.0,5,4,0.0,0.0,1.0
alburvi01,1973,1,MIN,AL,1,0,14,0,0,0,0,70,13,7,1,19,13,0.169,2.7,2.0,5,0.0,1,96.0,5,7,0.0,0.0,5.0
alburvi01,1974,1,MIN,AL,8,9,32,22,4,1,0,492,159,75,19,80,85,0.259,4.12,1.0,4,6.0,0,707.0,4,83,2.0,4.0,12.0
alburvi01,1975,1,MIN,AL,6,7,32,15,2,0,1,405,115,68,16,97,72,0.237,4.53,1.0,8,4.0,0,606.0,12,82,12.0,7.0,7.0
alburvi01,1976,1,MIN,AL,3,1,23,0,0,0,0,151,51,20,0,24,23,0.27,3.58,3.0,4,2.0,0,221.0,11,22,2.0,5.0,2.0
alcaljo01,2019,1,MIN,AL,0,0,2,0,0,0,0,5,1,0,0,1,1,0.167,0.0,0.0,0,0.0,0,7.0,2,0,0.0,0.0,0.0
alcaljo01,2020,1,MIN,AL,2,1,16,0,0,0,0,72,21,7,3,8,27,0.244,2.63,0.0,1,0.0,0,94.0,8,8,0.0,0.0,2.0
alcaljo01,2021,1,MIN,AL,3,6,59,0,0,0,1,179,45,26,10,13,61,0.214,3.92,1.0,1,2.0,1,229.0,15,29,1.0,3.0,8.0
alcaljo01,2022,1,MIN,AL,0,0,2,0,0,0,0,7,2,0,0,2,2,0.25,0.0,0.0,0,0.0,0,10.0,0,0,0.0,0.0,1.0
alcaljo01,2023,1,MIN,AL,0,1,11,0,0,0,0,52,14,12,5,10,16,0.222,6.23,0.0,0,1.0,0,75.0,3,13,0.0,1.0,2.0
alcaljo01,2024,1,MIN,AL,4,3,54,0,0,0,0,175,40,21,8,20,58,0.19,3.24,1.0,4,3.0,0,235.0,5,23,0.0,1.0,1.0
alcalsa01,1976,1,CIN,NL,11,4,30,21,3,1,0,396,131,69,12,67,67,0.261,4.7,3.0,3,3.0,2,583.0,3,72,6.0,6.0,7.0
alcalsa01,1977,1,CIN,NL,1,1,7,2,0,0,0,47,22,10,1,7,9,0.349,5.74,1.0,2,1.0,1,73.0,2,11,1.0,1.0,1.0
alcalsa01,1977,2,MON,NL,2,6,31,10,0,0,2,305,104,53,12,47,64,0.263,4.69,5.0,4,2.0,2,447.0,6,55,1.0,1.0,7.0
alcanra01,2016,1,OAK,AL,1,3,5,5,0,0,0,67,31,18,9,4,14,0.333,7.25,0.0,1,4.0,1,103.0,0,18,0.0,2.0,2.0
alcanra01,2017,1,OAK,AL,1,2,8,4,0,0,0,72,22,19,5,12,12,0.239,7.13,1.0,0,3.0,1,108.0,2,21,0.0,1.0,2.0
alcansa01,2017,1,SLN,NL,0,0,8,0,0,0,0,25,9,4,2,6,10,0.273,4.32,0.0,0,0.0,0,39.0,3,6,0.0,0.0,2.0
alcansa01,2018,1,MIA,NL,2,3,6,6,0,0,0,102,25,13,3,23,30,0.214,3.44,0.0,0,2.0,0,146.0,0,13,2.0,2.0,2.0
alcansa01,2019,1,MIA,NL,6,14,32,32,2,2,0,592,179,85,23,81,151,0.241,3.88,5.0,4,8.0,1,838.0,0,94,5.0,1.0,23.0
alcansa01,2020,1,MIA,NL,3,2,7,7,0,0,0,126,35,14,4,15,39,0.226,3.0,0.0,1,1.0,1,172.0,0,22,1.0,0.0,6.0
alcansa01,2021,1,MIA,NL,9,15,33,33,1,0,0,617,171,73,21,50,201,0.223,3.19,2.0,6,10.0,1,837.0,0,85,6.0,3.0,17.0
alcansa01,2022,1,MIA,NL,14,9,32,32,6,1,0,686,174,58,16,50,207,0.212,2.28,1.0,3,9.0,0,886.0,0,67,1.0,6.0,21.0
alcansa01,2023,1,MIA,NL,7,12,28,28,3,1,0,554,176,85,22,48,151,0.251,4.14,0.0,4,5.0,1,762.0,0,91,2.0,6.0,18.0
alcanse01,2021,1,CHN,NL,0,0,1,0,0,0,0,1,0,0,0,0,0,0.0,0.0,0.0,0,0.0,0,1.0,1,0,0.0,0.0,0.0
alcanvi01,2017,1,DET,AL,0,0,6,0,0,0,0,22,12,7,1,4,5,0.375,8.59,0.0,1,2.0,0,39.0,2,7,0.0,1.0,1.0
alcanvi01,2018,1,DET,AL,1,1,27,0,0,0,0,90,25,8,5,6,21,0.223,2.4,0.0,2,0.0,0,119.0,8,8,0.0,1.0,1.0
alcanvi01,2019,1,DET,AL,3,2,46,0,0,0,0,128,45,23,8,15,24,0.276,4.85,0.0,3,2.0,0,182.0,9,25,1.0,1.0,7.0
aldegsa01,2024,1,LAA,AL,1,2,3,3,0,0,0,39,15,7,2,10,10,0.283,4.85,0.0,2,2.0,0,67.0,0,12,0.0,2.0,0.0
alderda01,1943,1,CHN,NL,0,1,4,2,0,0,0,42,21,10,2,3,4,0.35,6.43,,0,0.0,0,63.0,2,12,,,
alderda01,1944,1,CHN,NL,0,0,12,1,0,0,0,65,31,16,2,9,7,0.34,6.65,,0,0.0,0,105.0,7,18,,,
aldremi01,1996,2,NYA,AL,0,0,1,0,0,0,0,3,1,0,0,0,0,0.333,0.0,0.0,0,0.0,0,4.0,1,0,0.0,1.0,0.0
aldresc01,1990,1,DET,AL,1,2,4,3,0,0,0,43,13,6,0,10,7,0.265,3.77,1.0,0,1.0,0,63.0,0,6,2.0,1.0,4.0
aldresc01,1991,1,DET,AL,2,4,11,11,1,0,0,172,58,33,9,30,35,0.266,5.18,2.0,3,0.0,1,253.0,0,37,3.0,2.0,5.0
aldresc01,1992,1,DET,AL,3,8,16,13,0,0,0,195,80,49,12,33,34,0.307,6.78,4.0,1,3.0,0,304.0,0,51,4.0,3.0,5.0
aldresc01,1993,1,COL,NL,0,0,5,0,0,0,0,20,10,8,1,9,5,0.357,10.8,1.0,1,1.0,0,40.0,1,10,2.0,0.0,1.0
aldresc01,1993,2,MON,NL,1,0,3,0,0,0,0,16,9,4,1,1,4,0.375,6.75,0.0,1,0.0,0,25.0,1,4,0.0,0.0,0.0
aldresc01,1996,1,DET,AL,0,4,11,8,0,0,0,130,60,45,9,26,36,0.328,9.35,3.0,6,3.0,1,217.0,0,52,3.0,2.0,3.0
aldresc01,1996,2,MIN,AL,6,5,25,17,0,0,0,366,134,69,20,42,75,0.281,5.09,1.0,4,3.0,0,531.0,0,73,4.0,5.0,9.0
aldresc01,1997,1,MIN,AL,2,10,17,15,0,0,0,232,102,66,20,28,33,0.323,7.68,2.0,7,3.0,0,350.0,0,66,2.0,1.0,12.0
aldresc01,1998,1,TBA,AL,0,0,48,0,0,0,0,94,33,13,1,12,21,0.28,3.73,3.0,2,2.0,0,135.0,8,13,3.0,0.0,7.0
aldresc01,1999,2,PHI,NL,1,1,29,0,0,0,1,97,33,14,1,15,19,0.277,3.9,3.0,3,0.0,0,140.0,5,15,1.0,5.0,0.0
aldresc01,1999,1,TBA,AL,3,2,37,0,0,0,0,73,26,14,1,14,22,0.274,5.18,0.0,1,2.0,0,114.0,9,15,2.0,1.0,1.0
aldresc01,2000,1,PHI,NL,1,3,23,0,0,0,0,61,23,13,3,10,21,0.284,5.75,0.0,1,1.0,0,95.0,5,14,1.0,2.0,1.0
aldrija01,1987,1,ML4,AL,3,1,31,0,0,0,0,175,71,32,8,13,22,0.306,4.94,3.0,1,2.0,1,253.0,9,33,3.0,3.0,8.0
aldrija01,1989,2,ATL,NL,1,2,8,0,0,0,0,37,7,3,0,6,7,0.167,2.19,1.0,0,0.0,0,50.0,2,5,1.0,1.0,1.0
aldrija01,1989,1,ML4,AL,1,0,16,0,0,0,1,78,24,11,3,13,12,0.253,3.81,2.0,2,1.0,0,110.0,8,11,1.0,0.0,3.0
aldrija01,1990,1,BAL,AL,1,2,7,0,0,0,1,36,17,11,1,7,5,0.327,8.25,3.0,0,0.0,1,61.0,2,13,2.0,0.0,3.0
aldrivi01,1917,1,CHN,NL,6,6,30,6,1,1,2,320,100,37,1,37,44,0.25,3.12,,5,2.0,0,445.0,13,52,,,
aldrivi01,1918,1,CHN,NL,0,1,3,0,0,0,0,37,11,2,0,6,10,0.27,1.46,,1,0.0,0,48.0,2,3,,,
aldrivi01,1922,1,CHN,NL,16,15,36,34,20,2,0,775,287,101,14,56,66,0.28,3.52,,6,12.0,0,1099.0,2,129,,,
aldrivi01,1923,1,CHN,NL,16,9,30,30,15,2,0,651,209,84,17,67,64,0.25,3.48,,1,1.0,0,915.0,0,101,,,
aldrivi01,1924,1,CHN,NL,15,12,32,32,20,0,0,733,261,95,10,80,74,0.27,3.5,,3,7.0,0,1051.0,0,110,,,
aldrivi01,1925,1,PIT,NL,15,7,30,26,14,1,0,640,218,86,15,74,88,0.26,3.63,,4,5.0,0,907.0,4,99,,,
aldrivi01,1926,1,PIT,NL,10,13,30,26,12,1,1,570,204,86,7,73,61,0.27,4.07,,0,4.0,0,837.0,2,100,,,
aldrivi01,1927,1,PIT,NL,15,10,35,34,17,1,1,718,248,113,16,74,86,0.27,4.25,,0,5.0,0,1028.0,1,123,,,
aldrivi01,1928,1,NY1,NL,4,7,22,17,3,0,2,358,133,64,7,45,33,0.28,4.83,,4,3.0,0,522.0,4,68,,,
alexabo01,1955,1,BAL,AL,1,0,4,0,0,0,0,12,8,6,0,2,1,0.44,13.5,0.0,1,1.0,0,22.0,2,6,,,
alexabo01,1957,1,CLE,AL,0,1,5,0,0,0,0,21,10,7,0,5,1,0.35,9.0,2.0,1,1.0,0,35.0,3,7,,,
alexado01,1971,1,LAN,NL,6,6,17,12,4,0,0,277,105,39,6,18,30,0.282,3.8,0.0,1,1.0,0,395.0,0,45,2.0,2.0,
alexado01,1972,1,BAL,AL,6,8,35,9,2,2,2,319,78,29,5,30,49,0.203,2.45,8.0,7,1.0,1,423.0,16,36,5.0,2.0,
alexado01,1973,1,BAL,AL,12,8,29,26,10,0,0,524,169,75,19,52,63,0.258,3.86,5.0,3,7.0,0,726.0,2,85,7.0,5.0,23.0
alexado01,1974,1,BAL,AL,6,9,30,12,2,0,0,343,127,51,7,43,40,0.29,4.01,4.0,6,4.0,0,497.0,9,65,8.0,4.0,18.0
alexado01,1975,1,BAL,AL,8,8,32,11,3,1,1,400,127,45,7,47,46,0.251,3.04,7.0,6,1.0,0,561.0,12,47,7.0,1.0,9.0
alexado01,1976,1,BAL,AL,3,4,11,6,2,1,0,193,58,25,3,24,17,0.248,3.5,2.0,0,0.0,1,265.0,4,27,2.0,4.0,5.0
alexado01,1976,2,NYA,AL,10,5,19,19,5,2,0,410,114,50,9,39,41,0.229,3.29,0.0,6,3.0,1,547.0,0,54,3.0,5.0,12.0
alexado01,1977,1,TEX,AL,17,11,34,34,12,1,0,711,221,96,24,82,82,0.246,3.65,2.0,3,2.0,0,995.0,0,103,9.0,5.0,14.0
alexado01,1978,1,TEX,AL,9,10,31,28,7,1,0,573,198,82,18,71,81,0.27,3.86,1.0,4,1.0,0,822.0,3,84,10.0,8.0,11.0
alexado01,1979,1,TEX,AL,5,7,23,18,0,0,0,340,114,56,3,69,50,0.268,4.45,3.0,4,1.0,0,508.0,3,65,5.0,7.0,12.0
alexado01,1980,1,ATL,NL,14,11,35,35,7,1,0,695,227,108,20,74,114,0.256,4.2,5.0,3,4.0,0,981.0,0,120,12.0,4.0,19.0
alexado01,1981,1,SFN,NL,11,7,24,24,1,1,0,457,156,49,11,44,77,0.263,2.89,2.0,4,2.0,1,646.0,0,51,5.0,2.0,8.0
alexado01,1982,1,NYA,AL,1,7,16,11,0,0,0,200,81,45,14,14,26,0.298,6.08,2.0,1,0.0,4,293.0,3,52,4.0,3.0,3.0
alexado01,1983,1,NYA,AL,0,2,8,5,0,0,0,85,31,20,6,7,17,0.277,6.35,0.0,0,0.0,0,121.0,2,21,1.0,1.0,1.0
alexado01,1983,2,TOR,AL,7,6,17,15,5,0,0,350,126,51,14,26,46,0.279,3.93,1.0,4,1.0,0,482.0,1,55,0.0,3.0,12.0
alexado01,1984,1,TOR,AL,17,6,36,35,11,2,0,785,238,91,21,59,139,0.242,3.13,1.0,2,3.0,0,1061.0,1,99,4.0,12.0,20.0
alexado01,1985,1,TOR,AL,17,10,36,36,6,1,0,782,268,100,28,67,142,0.266,3.45,0.0,9,6.0,0,1090.0,0,105,6.0,3.0,15.0
alexado01,1986,2,ATL,NL,6,6,17,17,2,0,0,352,135,50,9,17,74,0.287,3.84,1.0,1,0.0,0,496.0,0,58,8.0,1.0,11.0
alexado01,1986,1,TOR,AL,5,4,17,17,3,0,0,333,120,55,18,20,65,0.273,4.46,1.0,1,4.0,0,470.0,0,56,3.0,3.0,6.0
alexado01,1987,1,ATL,NL,5,10,16,16,3,0,0,353,115,54,21,27,64,0.257,4.13,5.0,2,2.0,0,481.0,0,57,1.0,3.0,8.0
alexado01,1987,2,DET,AL,9,0,11,11,3,3,0,265,63,15,3,26,44,0.201,1.53,0.0,1,0.0,0,340.0,0,16,1.0,0.0,10.0
alexado01,1988,1,DET,AL,14,11,34,34,5,1,0,687,260,110,30,46,126,0.282,4.32,7.0,2,5.0,1,985.0,0,122,4.0,8.0,10.0
alexado01,1989,1,DET,AL,6,18,33,33,5,1,0,669,245,110,28,76,95,0.28,4.44,3.0,4,5.0,1,977.0,0,118,9.0,11.0,15.0
alexage01,1990,1,TEX,AL,0,0,3,2,0,0,0,21,14,6,0,5,8,0.438,7.71,0.0,0,1.0,0,39.0,1,6,0.0,1.0,1.0
alexage01,1991,1,TEX,AL,5,3,30,9,0,0,0,268,93,52,11,48,50,0.272,5.24,7.0,3,3.0,1,402.0,4,56,6.0,3.0,6.0
alexage01,1992,1,TEX,AL,1,0,3,0,0,0,0,5,5,5,1,1,1,0.5,27.0,0.0,0,0.0,0,12.0,1,5,0.0,1.0,0.0
alexaja01,2022,1,MIL,NL,2,3,18,11,0,0,0,215,88,43,12,28,46,0.312,5.4,0.0,1,4.0,0,321.0,3,47,0.0,7.0,10.0
alexama02,1996,1,BAL,AL,0,0,1,0,0,0,0,2,1,5,1,4,0,0.5,67.5,0.0,0,0.0,0,7.0,1,5,0.0,1.0,0.0
alexape01,1911,1,PHI,NL,28,13,48,37,31,7,3,1101,285,105,5,129,227,0.21,2.57,,4,8.0,1,1475.0,11,133,,,
alexape01,1912,1,PHI,NL,19,17,46,34,25,3,3,931,289,97,11,105,195,0.25,2.81,,5,6.0,0,1290.0,10,133,,,
alexape01,1913,1,PHI,NL,22,8,47,36,23,9,2,919,288,95,9,75,159,0.25,2.79,,3,3.0,0,1234.0,9,106,,,
alexape01,1914,1,PHI,NL,27,15,46,39,32,6,1,1065,327,94,8,76,214,0.24,2.38,,1,11.0,0,1459.0,7,133,,,
alexape01,1915,1,PHI,NL,31,10,49,42,36,12,3,1129,253,51,3,64,241,0.19,1.22,,2,10.0,0,1435.0,7,86,,,
alexape01,1916,1,PHI,NL,33,12,48,45,38,16,3,1167,323,67,6,50,167,0.23,1.55,,3,10.0,0,1500.0,3,90,,,
alexape01,1917,1,PHI,NL,30,13,45,44,34,8,0,1164,336,79,4,56,200,0.23,1.83,,2,6.0,0,1529.0,0,107,,,
alexape01,1918,1,CHN,NL,2,1,3,3,3,0,0,78,19,5,0,3,15,0.2,1.73,,0,1.0,0,98.0,0,7,,,
alexape01,1919,1,CHN,NL,16,11,30,27,20,9,1,705,180,45,3,38,121,0.21,1.72,,1,0.0,0,906.0,3,51,,,
alexape01,1920,1,CHN,NL,27,14,46,40,33,7,5,1090,335,77,8,69,173,0.24,1.91,,3,1.0,0,1447.0,6,96,,,
alexape01,1921,1,CHN,NL,15,13,31,29,21,3,1,756,286,95,10,33,77,0.29,3.39,,1,1.0,0,1033.0,1,110,,,
alexape01,1922,1,CHN,NL,16,13,33,31,20,1,1,737,283,99,8,34,48,0.29,3.63,,4,3.0,0,1014.0,2,111,,,
alexape01,1923,1,CHN,NL,22,12,39,36,26,3,2,915,308,108,17,30,72,0.25,3.19,,2,0.0,0,1246.0,2,128,,,
alexape01,1924,1,CHN,NL,12,5,21,20,12,0,0,508,183,57,9,25,33,0.27,3.03,,1,1.0,0,708.0,0,82,,,
alexape01,1925,1,CHN,NL,15,11,32,30,20,1,0,708,270,89,14,29,63,0.28,3.39,,1,3.0,0,977.0,1,106,,,
alexape01,1926,1,CHN,NL,3,3,7,7,4,0,0,156,55,20,0,7,12,0.27,3.46,,0,0.0,0,218.0,0,26,,,
alexape01,1926,2,SLN,NL,9,7,23,16,11,2,2,445,136,48,8,24,35,0.24,2.91,,0,2.0,0,597.0,7,57,,,
alexape01,1927,1,SLN,NL,21,10,37,30,22,2,3,804,261,75,11,38,48,0.25,2.52,,1,1.0,0,1082.0,4,94,,,
alexape01,1928,1,SLN,NL,16,9,34,31,18,1,2,731,262,91,15,37,59,0.27,3.36,,3,2.0,0,1009.0,2,106,,,
alexape01,1929,1,SLN,NL,9,8,22,19,8,0,0,396,149,57,10,23,33,0.28,3.89,,2,1.0,0,562.0,3,65,,,
alexape01,1930,1,PHI,NL,0,3,9,3,0,0,0,65,40,22,5,6,6,0.39,9.14,,0,0.0,0,109.0,2,24,,,
alexasc01,2015,1,KCA,AL,0,0,4,0,0,0,0,18,5,3,0,3,3,0.238,4.5,0.0,1,1.0,0,25.0,3,3,0.0,0.0,2.0
alexasc01,2016,1,KCA,AL,0,0,17,0,0,0,0,57,24,7,1,7,16,0.316,3.32,0.0,0,0.0,0,84.0,4,7,0.0,1.0,4.0
alexasc01,2017,1,KCA,AL,5,4,58,0,0,0,4,207,62,19,3,28,59,0.246,2.48,0.0,3,0.0,0,283.0,9,23,1.0,2.0,13.0
alexasc01,2018,1,LAN,NL,2,1,73,1,0,0,3,198,57,27,4,27,56,0.239,3.68,2.0,2,2.0,0,268.0,8,28,1.0,0.0,15.0
alexasc01,2019,1,LAN,NL,3,2,28,0,0,0,0,52,17,7,2,7,9,0.25,3.63,2.0,0,1.0,0,76.0,4,7,0.0,0.0,3.0
alexasc01,2020,1,LAN,NL,2,0,13,0,0,0,0,37,9,4,2,9,9,0.214,2.92,1.0,0,0.0,0,52.0,1,6,1.0,0.0,4.0
alexasc01,2021,1,LAN,NL,0,2,18,0,0,0,0,46,15,5,2,4,8,0.242,2.93,1.0,1,1.0,0,67.0,6,6,0.0,0.0,1.0
alexasc01,2022,1,SFN,NL,0,0,17,4,0,0,2,52,12,2,1,1,10,0.194,1.04,0.0,0,0.0,0,63.0,3,2,0.0,0.0,2.0
alexasc01,2023,1,SFN,NL,7,3,55,8,0,0,1,145,55,25,2,11,31,0.282,4.66,3.0,7,1.0,0,208.0,11,30,1.0,0.0,5.0
alexasc01,2024,1,OAK,AL,1,3,45,0,0,0,0,116,31,11,3,15,31,0.223,2.56,7.0,2,2.0,0,160.0,9,14,2.0,2.0,4.0
alexaty01,2019,1,DET,AL,1,4,13,8,0,0,0,161,68,29,9,7,47,0.302,4.86,0.0,1,2.0,0,235.0,1,30,0.0,1.0,5.0
alexaty01,2020,1,DET,AL,2,3,14,2,0,0,0,109,39,16,8,9,34,0.283,3.96,0.0,0,4.0,0,152.0,0,16,0.0,1.0,4.0
alexaty01,2021,1,DET,AL,2,4,41,15,0,0,0,319,106,45,16,28,87,0.255,3.81,0.0,2,4.0,0,451.0,7,47,0.0,4.0,9.0
alexaty01,2022,1,DET,AL,4,11,27,17,0,0,0,303,108,54,18,25,61,0.275,4.81,1.0,0,1.0,0,427.0,1,58,2.0,6.0,9.0
alexaty01,2023,1,DET,AL,2,1,25,1,0,0,0,132,44,22,8,5,44,0.256,4.5,0.0,0,2.0,0,181.0,8,25,0.0,1.0,6.0
alexaty01,2024,1,TBA,AL,6,5,23,9,0,0,0,323,110,61,23,24,90,0.263,5.1,1.0,0,5.0,0,455.0,1,61,2.0,5.0,5.0
alexyaj01,2021,1,TEX,AL,3,1,5,4,0,0,0,69,13,12,4,17,17,0.167,4.7,0.0,0,1.0,0,97.0,0,12,0.0,1.0,1.0
alexyaj01,2022,1,TEX,AL,1,1,4,0,0,0,0,21,10,9,1,9,6,0.345,11.57,0.0,1,0.0,0,38.0,0,9,0.0,0.0,2.0
alfonan01,1997,1,FLO,NL,1,3,17,0,0,0,0,77,36,14,3,10,19,0.324,4.91,3.0,1,1.0,0,123.0,2,16,1.0,0.0,1.0
alfonan01,1998,1,FLO,NL,4,6,58,0,0,0,8,212,75,32,10,33,46,0.281,4.08,9.0,1,3.0,0,316.0,27,36,7.0,6.0,6.0
alfonan01,1999,1,FLO,NL,4,5,73,0,0,0,21,233,79,28,4,29,46,0.274,3.24,6.0,1,4.0,0,325.0,49,28,3.0,1.0,12.0
alfonan01,2000,1,FLO,NL,5,6,68,0,0,0,45,210,82,33,7,24,47,0.291,4.24,3.0,0,1.0,2,311.0,62,35,3.0,1.0,10.0
alfonan01,2001,1,FLO,NL,4,4,58,0,0,0,28,185,68,21,6,15,40,0.281,3.06,3.0,2,5.0,0,268.0,52,24,5.0,1.0,10.0
alfonan01,2002,1,CHN,NL,2,5,66,0,0,0,19,223,73,33,5,36,61,0.257,4.0,3.0,1,3.0,0,330.0,55,34,4.0,3.0,8.0
alfonan01,2003,1,CHN,NL,3,1,60,0,0,0,0,199,76,43,7,27,51,0.29,5.83,3.0,0,2.0,0,296.0,17,43,4.0,1.0,9.0
alfonan01,2004,1,ATL,NL,6,4,79,0,0,0,0,221,71,21,5,28,45,0.255,2.57,5.0,5,0.0,0,313.0,11,24,6.0,1.0,11.0
alfonan01,2005,1,FLO,NL,1,1,33,0,0,0,0,82,29,15,2,14,16,0.299,4.94,4.0,1,2.0,0,118.0,1,15,3.0,2.0,6.0
alfonan01,2006,1,TEX,AL,0,0,19,0,0,0,0,48,23,10,3,7,5,0.348,5.63,0.0,0,0.0,0,74.0,3,10,0.0,1.0,3.0
alfonan01,2007,1,PHI,NL,5,2,61,0,0,0,8,149,65,30,3,27,24,0.314,5.44,6.0,1,1.0,0,236.0,22,31,0.0,1.0,3.0
allarbr01,1979,1,TEX,AL,1,3,7,4,2,0,0,100,36,16,4,13,14,0.283,4.32,2.0,0,0.0,0,141.0,1,17,0.0,1.0,6.0
allarbr01,1980,1,TEX,AL,0,1,5,2,0,0,0,43,13,9,0,10,10,0.236,5.65,1.0,1,1.0,0,67.0,2,13,0.0,1.0,1.0
allarbr01,1981,1,SEA,AL,3,2,7,7,1,0,0,144,48,20,5,8,20,0.265,3.75,0.0,0,0.0,0,191.0,0,22,2.0,0.0,9.0
allarko01,2018,1,ATL,NL,1,1,3,1,0,0,0,24,19,11,3,4,3,0.463,12.38,0.0,0,1.0,1,47.0,0,12,1.0,0.0,1.0
allarko01,2019,1,TEX,AL,4,2,9,9,0,0,0,136,52,25,3,19,33,0.281,4.96,0.0,1,2.0,0,208.0,0,26,0.0,1.0,4.0
allarko01,2020,1,TEX,AL,0,6,11,8,0,0,0,101,31,29,4,20,32,0.238,7.75,0.0,1,1.0,0,152.0,2,29,0.0,1.0,1.0
allarko01,2021,1,TEX,AL,3,12,32,17,0,0,0,374,128,75,29,31,104,0.258,5.41,0.0,4,4.0,0,534.0,3,80,0.0,3.0,8.0
allarko01,2022,1,TEX,AL,1,2,10,0,0,0,1,63,21,17,9,6,19,0.263,7.29,1.0,0,1.0,0,87.0,4,17,0.0,0.0,2.0
allarko01,2023,1,ATL,NL,0,1,4,3,0,0,0,37,16,9,2,4,13,0.308,6.57,0.0,1,0.0,0,56.0,1,9,0.0,0.0,1.0
allarko01,2024,1,PHI,NL,2,0,7,4,0,0,0,81,34,15,5,8,23,0.312,5.0,0.0,0,0.0,0,117.0,0,15,0.0,0.0,4.0
alldrca01,2022,1,PIT,NL,0,0,1,0,0,0,0,3,1,0,0,0,1,0.25,0.0,0.0,0,0.0,0,4.0,0,0,0.0,0.0,0.0
allenbo03,1937,1,PHI,NL,0,1,3,1,0,0,0,36,18,9,2,8,8,0.32,6.75,,0,0.0,0,64.0,1,12,,,
allenbo04,1961,1,CLE,AL,3,2,48,0,0,0,3,245,96,34,7,40,42,0.29,3.75,5.0,4,1.0,0,373.0,17,42,,,
allenbo04,1962,1,CLE,AL,1,1,30,0,0,0,4,92,29,20,5,25,23,0.25,5.87,3.0,0,0.0,0,145.0,9,24,,,
allenbo04,1963,1,CLE,AL,1,2,43,0,0,0,2,168,58,29,5,29,51,0.26,4.66,6.0,5,1.0,1,255.0,12,37,,,
allenbo04,1966,1,CLE,AL,2,2,36,0,0,0,5,154,56,24,2,13,33,0.27,4.21,6.0,5,2.0,0,227.0,23,27,,,
allenbo04,1967,1,CLE,AL,0,5,47,0,0,0,5,163,49,18,4,25,50,0.24,2.98,7.0,4,1.0,1,232.0,23,22,,,
allenco01,2012,1,CLE,AL,0,1,27,0,0,0,0,87,29,12,2,15,27,0.266,3.72,0.0,0,0.0,0,126.0,9,12,1.0,1.0,3.0
allenco01,2013,1,CLE,AL,6,1,77,0,0,0,2,211,62,19,7,26,88,0.233,2.43,2.0,9,1.0,0,301.0,12,22,4.0,4.0,2.0
allenco01,2014,1,CLE,AL,6,4,76,0,0,0,24,209,48,16,7,26,91,0.194,2.07,5.0,4,1.0,0,279.0,44,21,2.0,2.0,6.0
allenco01,2015,1,CLE,AL,2,5,70,0,0,0,34,208,56,23,2,25,99,0.219,2.99,2.0,9,2.0,0,286.0,58,26,1.0,2.0,5.0
allenco01,2016,1,CLE,AL,3,5,67,0,0,0,32,204,41,19,8,27,87,0.177,2.51,2.0,3,0.0,0,264.0,55,23,3.0,2.0,7.0
allenco01,2017,1,CLE,AL,3,7,69,0,0,0,30,202,57,22,9,21,92,0.221,2.94,0.0,9,2.0,0,282.0,55,24,1.0,0.0,1.0
allenco01,2018,1,CLE,AL,4,6,70,0,0,0,27,201,58,35,11,33,80,0.231,4.7,2.0,3,4.0,0,289.0,45,35,1.0,0.0,5.0
allenco01,2019,1,LAA,AL,0,2,25,0,0,0,4,69,24,16,9,20,29,0.255,6.26,0.0,3,0.0,0,116.0,13,16,0.0,1.0,0.0
allenfr01,1912,1,BRO,NL,3,9,20,15,5,1,0,327,119,44,1,57,58,0.28,3.63,,5,1.0,0,495.0,4,70,,,
allenfr01,1913,1,BRO,NL,4,18,34,25,11,0,2,524,144,55,6,81,82,0.23,2.83,,4,10.0,0,736.0,3,75,,,
allenfr01,1914,1,BRO,NL,8,14,36,21,10,1,0,514,165,59,6,57,68,0.26,3.1,,1,3.0,0,707.0,11,79,,,
allenfr01,1914,2,PTF,FL,1,0,1,1,1,0,0,21,9,4,0,0,3,9.99,5.14,,0,0.0,0,0.0,0,4,,,
allenfr01,1915,1,PTF,FL,23,13,41,37,24,6,0,850,230,79,9,100,127,9.99,2.51,,7,11.0,2,1122.0,3,90,,,
allenfr01,1916,1,BSN,NL,8,2,19,14,7,2,1,339,102,26,1,31,63,0.24,2.07,,2,4.0,0,464.0,4,32,,,
allenfr01,1917,1,BSN,NL,3,11,29,14,2,0,0,336,124,49,3,47,56,0.29,3.94,,4,6.0,0,490.0,6,61,,,
allenjo01,1914,1,BLF,FL,0,0,1,0,0,0,0,6,2,4,0,2,2,9.99,18.0,,0,0.0,0,0.0,1,4,,,
allenjo02,1932,1,NYA,AL,17,4,33,21,13,3,4,576,162,79,10,76,109,0.22,3.7,,5,5.0,1,804.0,6,86,,,
allenjo02,1933,1,NYA,AL,15,7,25,24,10,1,1,554,171,90,9,87,119,0.24,4.39,,10,4.0,0,804.0,1,96,,,
allenjo02,1934,1,NYA,AL,5,2,13,10,4,0,0,215,62,23,3,32,54,0.22,2.89,,5,2.0,0,309.0,2,30,,,
allenjo02,1935,1,NYA,AL,13,6,23,23,12,2,0,501,149,67,11,58,113,0.23,3.61,,3,4.0,0,692.0,0,76,,,
allenjo02,1936,1,CLE,AL,20,10,36,31,19,4,1,729,234,93,5,97,165,0.25,3.44,,13,1.0,0,1030.0,4,108,,,
allenjo02,1937,1,CLE,AL,15,1,24,20,14,0,0,519,157,49,4,60,87,0.24,2.55,,2,5.0,0,713.0,4,55,,,
allenjo02,1938,1,CLE,AL,14,8,30,27,13,0,0,600,189,93,15,81,112,0.24,4.19,,7,3.0,0,855.0,3,107,,,
allenjo02,1939,1,CLE,AL,9,7,28,26,9,2,0,525,199,89,9,56,79,0.29,4.58,,5,3.0,2,763.0,2,96,,,
allenjo02,1940,1,CLE,AL,9,8,32,17,5,3,5,416,126,53,3,48,62,0.24,3.44,,0,3.0,0,576.0,12,61,,,
allenjo02,1941,2,BRO,NL,3,0,11,4,1,0,0,172,38,16,6,12,21,0.18,2.51,,0,0.0,0,218.0,2,18,,,
allenjo02,1941,1,SLA,AL,2,5,20,9,2,0,1,201,89,49,4,29,27,0.31,6.58,,8,2.0,1,317.0,6,53,,,
allenjo02,1942,1,BRO,NL,10,6,27,15,5,1,3,354,106,42,11,39,50,0.23,3.2,,1,2.0,0,494.0,9,53,,,
allenjo02,1943,1,BRO,NL,5,1,17,1,0,0,1,114,42,18,3,25,15,0.28,4.26,,2,2.0,1,180.0,4,21,,,
allenjo02,1943,2,NY1,NL,1,3,15,0,0,0,2,123,37,14,4,14,24,0.24,3.07,,4,0.0,0,169.0,10,16,,,
allenjo02,1944,1,NY1,NL,4,7,18,13,2,1,0,252,88,38,7,24,33,0.26,4.07,,3,2.0,0,368.0,3,48,,,
allenll01,1969,1,CAL,AL,0,1,4,1,0,0,0,30,5,6,1,10,5,0.14,5.4,0.0,0,0.0,0,44.0,0,7,,,
allenll01,1970,1,CAL,AL,1,1,8,2,0,0,0,72,23,7,0,11,12,0.261,2.63,2.0,2,1.0,0,102.0,0,7,1.0,1.0,
allenll01,1971,1,CAL,AL,4,6,54,1,0,0,15,282,75,26,4,40,72,0.221,2.49,8.0,5,0.0,2,387.0,28,29,6.0,2.0,
allenll01,1972,1,CAL,AL,3,7,42,6,0,0,5,256,76,33,7,55,53,0.24,3.48,5.0,8,3.0,0,382.0,22,38,6.0,1.0,
allenll01,1973,1,CAL,AL,0,0,5,0,0,0,1,26,15,10,0,5,4,0.405,10.38,0.0,2,0.0,0,43.0,1,10,0.0,2.0,1.0
allenll01,1973,2,TEX,AL,0,6,23,5,0,0,1,123,58,42,3,39,25,0.326,9.22,2.0,7,5.0,0,228.0,13,59,3.0,3.0,5.0
allenll01,1974,2,CHA,AL,0,1,6,2,0,0,0,21,7,8,0,12,3,0.259,10.29,1.0,1,1.0,0,40.0,2,9,0.0,0.0,1.0
allenll01,1974,1,TEX,AL,0,1,14,0,0,0,0,66,24,16,2,18,18,0.276,6.55,0.0,2,1.0,0,109.0,8,17,1.0,2.0,1.0
allenll01,1975,1,CHA,AL,0,2,3,2,0,0,0,16,8,7,2,6,2,0.348,11.81,0.0,0,0.0,0,31.0,1,7,1.0,1.0,0.0
allenlo01,2019,2,CLE,AL,0,0,1,0,0,0,0,7,3,0,0,0,3,0.333,0.0,0.0,0,0.0,0,9.0,1,0,0.0,0.0,0.0
allenlo01,2019,1,SDN,NL,2,3,8,4,0,0,0,76,33,19,4,13,14,0.33,6.75,0.0,0,2.0,0,118.0,2,20,2.0,1.0,4.0
allenlo01,2020,1,CLE,AL,0,0,3,0,0,0,0,32,12,4,1,7,7,0.293,3.38,0.0,1,1.0,0,49.0,2,4,0.0,0.0,3.0
allenlo01,2021,1,CLE,AL,2,7,14,11,0,0,0,151,58,35,12,17,37,0.291,6.26,0.0,4,4.0,0,222.0,1,39,0.0,2.0,9.0
allenlo01,2022,2,BAL,AL,0,0,3,0,0,0,0,5,3,2,0,2,1,0.375,10.8,0.0,0,0.0,0,10.0,0,2,0.0,0.0,0.0
allenlo01,2022,1,CLE,AL,1,0,4,0,0,0,0,18,9,3,0,3,6,0.346,4.5,0.0,0,1.0,0,30.0,0,3,0.0,0.0,1.0
allenlo01,2024,1,ARI,NL,0,1,12,0,0,0,1,84,32,17,3,10,21,0.281,5.46,0.0,0,2.0,0,128.0,4,17,0.0,2.0,0.0
allenlo02,2023,1,CLE,AL,7,8,24,24,0,0,0,376,127,53,16,48,119,0.263,3.81,0.0,1,1.0,0,537.0,0,55,2.0,2.0,11.0
allenlo02,2024,1,CLE,AL,8,5,20,20,0,0,0,292,113,62,22,41,79,0.295,5.73,0.0,4,4.0,0,432.0,0,63,1.0,3.0,14.0
allenmy01,1883,1,NY1,NL,0,1,1,1,1,0,0,24,8,1,0,3,0,,1.13,,1,,0,32.0,0,5,,,
allenmy01,1887,1,CL3,AA,1,0,2,0,0,0,0,29,9,1,0,3,1,,0.93,,1,1.0,0,41.0,1,4,,,
allenmy01,1888,1,KC2,AA,0,2,2,2,2,0,0,54,17,5,0,1,2,,2.5,,0,2.0,0,74.0,0,7,,,
allenne01,1979,1,NYN,NL,6,10,50,5,0,0,8,297,100,39,4,47,65,0.268,3.55,13.0,6,0.0,0,431.0,27,46,5.0,6.0,8.0
allenne01,1980,1,NYN,NL,7,10,59,0,0,0,22,292,87,40,7,40,79,0.244,3.7,9.0,2,0.0,1,407.0,47,43,6.0,4.0,8.0
allenne01,1981,1,NYN,NL,7,6,43,0,0,0,18,200,64,22,4,26,50,0.259,2.97,8.0,3,0.0,0,286.0,35,26,10.0,3.0,5.0
allenne01,1982,1,NYN,NL,3,7,50,0,0,0,19,194,65,22,5,30,59,0.266,3.06,5.0,4,1.0,0,279.0,42,22,3.0,1.0,5.0
allenne01,1983,1,NYN,NL,2,7,21,4,1,1,2,162,57,27,6,36,32,0.278,4.5,5.0,2,0.0,0,246.0,9,29,4.0,1.0,7.0
allenne01,1983,2,SLN,NL,10,6,25,18,4,2,0,365,122,50,6,48,74,0.265,3.7,4.0,6,1.0,1,516.0,3,55,5.0,1.0,14.0
allenne01,1984,1,SLN,NL,9,6,57,1,0,0,3,357,105,47,6,49,66,0.239,3.55,9.0,6,0.0,0,495.0,18,54,4.0,2.0,11.0
allenne01,1985,2,NYA,AL,1,0,17,0,0,0,1,88,26,9,1,13,16,0.234,2.76,0.0,2,0.0,0,124.0,10,9,0.0,0.0,3.0
allenne01,1985,1,SLN,NL,1,4,23,1,0,0,2,87,32,18,3,17,10,0.283,5.59,6.0,1,1.0,1,135.0,13,22,1.0,3.0,3.0
allenne01,1986,1,CHA,AL,7,2,22,17,2,2,0,339,101,48,8,38,57,0.244,3.82,1.0,4,2.0,0,466.0,1,50,5.0,7.0,5.0
allenne01,1987,1,CHA,AL,0,7,15,10,0,0,0,149,74,39,6,26,26,0.365,7.07,0.0,1,2.0,0,236.0,2,40,3.0,2.0,8.0
allenne01,1987,2,NYA,AL,0,1,8,1,0,0,0,74,23,10,2,10,16,0.242,3.65,1.0,0,0.0,0,106.0,4,12,1.0,0.0,1.0
allenne01,1988,1,NYA,AL,5,3,41,2,0,1,0,352,121,50,14,37,61,0.268,3.84,7.0,2,2.0,0,504.0,10,51,7.0,6.0,8.0
allenne01,1989,1,CLE,AL,0,1,3,0,0,0,0,9,8,5,1,0,0,0.5,15.0,0.0,0,0.0,0,17.0,1,5,0.0,1.0,0.0
allgeni01,2021,1,TOR,AL,0,0,1,0,0,0,0,3,0,0,0,0,0,0.0,0.0,0.0,0,0.0,0,3.0,1,0,0.0,0.0,0.0
allisda01,1991,1,OAK,AL,1,1,11,0,0,0,0,33,16,9,0,5,4,0.381,7.36,1.0,0,0.0,0,49.0,4,9,1.0,1.0,3.0
allisdo01,1878,1,PRO,NL,0,0,1,0,0,0,0,15,11,1,0,1,0,,1.8,,0,,0,26.0,1,5,,,
allisma01,1911,1,SLA,AL,2,1,3,3,3,0,0,79,24,6,0,5,2,0.25,2.05,,0,2.0,0,102.0,0,9,,,
allisma01,1912,1,SLA,AL,6,17,31,20,11,1,1,507,171,68,4,49,43,0.26,3.62,,7,6.0,1,691.0,7,102,,,
allisma01,1913,1,SLA,AL,1,3,11,4,3,0,0,154,52,13,0,13,12,0.28,2.28,,2,3.0,0,197.0,5,24,,,
almanar01,1999,1,FLO,NL,0,1,14,0,0,0,0,47,8,3,1,9,20,0.154,1.72,1.0,0,1.0,1,64.0,2,4,1.0,1.0,1.0
almanar01,2000,1,FLO,NL,4,2,67,0,0,0,0,139,38,25,3,43,46,0.228,4.86,6.0,1,2.0,0,216.0,8,27,2.0,2.0,2.0
almanar01,2001,1,FLO,NL,2,2,52,0,0,0,0,123,34,22,8,26,45,0.23,4.83,1.0,2,0.0,0,178.0,8,24,1.0,3.0,2.0
almanar01,2002,1,FLO,NL,3,2,51,0,0,0,2,137,36,22,8,23,57,0.224,4.34,1.0,2,0.0,1,190.0,10,22,3.0,3.0,4.0
almanar01,2003,1,FLO,NL,4,5,51,0,0,0,0,151,59,34,10,25,49,0.296,6.08,2.0,2,2.0,1,230.0,15,37,1.0,3.0,5.0
almanar01,2004,1,ATL,NL,1,1,13,0,0,0,0,35,9,8,3,7,13,0.2,6.17,2.0,0,1.0,1,54.0,5,8,0.0,1.0,0.0
almanar01,2005,1,ARI,NL,0,0,6,0,0,0,0,12,5,1,1,3,2,0.313,2.25,0.0,1,0.0,0,19.0,1,1,0.0,0.0,1.0
almanca01,1997,1,TOR,AL,0,1,4,0,0,0,0,10,1,1,1,1,4,0.091,2.7,0.0,0,0.0,0,12.0,2,1,0.0,0.0,0.0
almanca01,1998,1,TOR,AL,2,2,25,0,0,0,0,86,34,17,4,8,20,0.286,5.34,2.0,0,1.0,0,129.0,8,18,1.0,0.0,2.0
almanca01,1999,1,SDN,NL,0,0,28,0,0,0,0,112,48,31,6,15,30,0.316,7.47,2.0,2,3.0,0,173.0,11,32,2.0,1.0,6.0
almanca01,2000,1,SDN,NL,4,5,62,0,0,0,0,209,73,34,12,25,56,0.266,4.39,2.0,2,4.0,0,308.0,11,35,2.0,3.0,4.0
almanca01,2001,1,NYA,AL,0,1,10,0,0,0,0,32,14,4,2,2,6,0.333,3.38,1.0,0,0.0,0,46.0,7,4,1.0,1.0,1.0
almanca01,2002,1,CIN,NL,0,1,8,1,0,0,0,35,6,3,0,5,7,0.158,2.31,1.0,1,0.0,0,45.0,4,4,0.0,2.0,2.0
almanca01,2004,1,TEX,AL,7,3,67,0,0,0,0,218,66,30,8,19,44,0.244,3.72,4.0,1,4.0,0,298.0,18,32,2.0,3.0,8.0
almanca01,2005,1,TEX,AL,0,0,6,0,0,0,0,15,10,8,2,7,3,0.435,14.4,0.0,4,1.0,0,33.0,2,8,0.0,2.0,0.0
almoned01,2003,1,NYN,NL,0,0,12,0,0,0,0,34,21,14,3,5,7,0.412,11.12,1.0,1,0.0,0,57.0,3,15,1.0,0.0,3.0
almonhe01,1999,1,FLO,NL,0,2,15,0,0,0,0,45,20,7,1,6,8,0.339,4.2,2.0,2,0.0,0,67.0,6,7,1.0,1.0,2.0
almonhe01,2003,1,BOS,AL,0,1,7,0,0,0,0,23,9,7,1,7,6,0.31,8.22,1.0,1,0.0,0,39.0,4,7,1.0,2.0,0.0
almonhe01,2003,2,MON,NL,1,1,28,0,0,0,0,87,34,22,4,17,26,0.291,6.83,2.0,5,2.0,0,137.0,5,22,1.0,0.0,1.0
almonmi01,2015,1,KCA,AL,0,2,9,0,0,0,0,26,7,6,4,7,10,0.212,6.23,0.0,0,1.0,0,41.0,3,6,0.0,0.0,0.0
almonmi01,2017,1,KCA,AL,0,0,2,0,0,0,0,6,5,3,0,2,0,0.556,13.5,0.0,0,0.0,0,12.0,0,3,0.0,1.0,1.0
almonmi01,2018,1,LAA,AL,0,0,8,0,0,0,0,21,9,8,1,3,7,0.3,10.29,0.0,1,1.0,0,34.0,4,8,0.0,0.0,0.0
almonye01,2018,1,COL,NL,0,0,14,0,0,0,0,44,15,3,1,4,14,0.273,1.84,0.0,1,0.0,0,60.0,3,5,0.0,1.0,4.0
almonye01,2019,1,COL,NL,0,1,28,0,0,0,0,102,39,21,7,14,29,0.279,5.56,0.0,1,1.0,0,157.0,6,22,1.0,1.0,1.0
almonye01,2020,1,COL,NL,3,0,24,0,0,0,1,83,25,9,2,6,23,0.243,2.93,0.0,0,3.0,0,113.0,4,13,0.0,1.0,4.0
almonye01,2021,1,COL,NL,1,3,48,0,0,0,0,143,47,40,9,29,47,0.26,7.55,1.0,3,4.0,0,217.0,15,42,0.0,3.0,4.0
almonye01,2022,1,LAN,NL,0,0,33,0,0,0,1,106,18,4,2,10,33,0.15,1.02,1.0,0,4.0,0,135.0,3,4,0.0,1.0,4.0
almonye01,2023,1,LAN,NL,3,2,49,0,0,0,0,144,43,27,6,24,49,0.239,5.06,2.0,3,4.0,0,208.0,5,30,0.0,0.0,7.0
almonye01,2024,1,CHN,NL,1,0,17,0,0,0,1,47,9,6,1,8,20,0.161,3.45,1.0,1,2.0,0,67.0,2,7,0.0,1.0,0.0
almoral01,2021,1,NYN,NL,0,0,1,0,0,0,0,3,1,3,1,1,0,0.25,27.0,0.0,0,1.0,0,6.0,1,3,0.0,0.0,0.0
alomalu01,1950,1,CHA,AL,7,2,42,0,0,0,4,263,77,37,6,53,49,0.23,3.8,,3,1.0,1,388.0,21,44,,,
alomalu01,1951,1,CHA,AL,6,0,25,1,1,1,3,208,52,14,3,24,25,0.21,1.82,,0,2.0,0,273.0,11,14,,,
alomalu01,1952,1,CHA,AL,3,1,25,0,0,0,6,120,42,19,5,11,18,0.27,4.28,,0,1.0,0,167.0,15,20,,,
alomalu01,1953,1,CHA,AL,2,0,24,0,0,0,2,115,41,20,7,23,23,0.28,4.7,,2,0.0,1,173.0,8,20,,,
alouma01,1965,1,SFN,NL,0,0,1,0,0,0,0,6,3,0,0,1,3,0.33,0.0,0.0,0,0.0,0,10.0,1,0,,,
alstoga01,1996,1,COL,NL,1,0,6,0,0,0,0,18,9,6,1,3,5,0.375,9.0,0.0,1,1.0,0,30.0,4,6,0.0,2.0,1.0
altampo01,1982,1,PHI,NL,5,1,29,0,0,0,2,117,41,18,2,14,26,0.281,4.15,3.0,1,1.0,0,169.0,14,19,4.0,4.0,3.0
altampo01,1983,1,PHI,NL,2,3,31,0,0,0,0,124,38,17,9,15,24,0.255,3.7,3.0,2,2.0,1,173.0,11,18,6.0,1.0,5.0
altampo01,1984,1,CHN,NL,0,0,5,0,0,0,0,34,8,6,2,1,7,0.195,4.76,0.0,1,0.0,0,43.0,2,6,0.0,1.0,0.0
altavda01,2016,1,SEA,AL,0,0,15,0,0,0,0,37,11,1,0,1,10,0.244,0.73,0.0,1,1.0,0,48.0,7,1,0.0,1.0,1.0
altavda01,2017,1,SEA,AL,1,1,41,0,0,0,0,140,43,22,9,20,52,0.242,4.24,1.0,9,1.0,0,203.0,13,27,0.0,4.0,3.0
altavda01,2018,1,SEA,AL,3,2,22,0,0,0,0,62,11,6,2,15,23,0.162,2.61,0.0,4,2.0,0,85.0,3,7,0.0,0.0,3.0
altavda01,2019,1,SEA,AL,2,1,17,0,0,0,0,44,9,9,1,12,18,0.18,5.52,1.0,2,0.0,0,64.0,3,9,1.0,1.0,1.0
altavda01,2020,2,SDN,NL,1,1,9,0,0,0,0,26,6,3,0,5,10,0.2,3.12,0.0,2,0.0,0,35.0,2,3,0.0,0.0,2.0
altavda01,2020,1,SEA,AL,1,2,13,0,0,0,1,35,12,10,3,7,14,0.255,7.71,0.0,0,0.0,0,54.0,5,11,0.0,0.0,0.0
altavda01,2021,1,SDN,NL,0,0,2,0,0,0,0,4,1,1,1,0,2,0.2,6.75,0.0,0,0.0,0,5.0,1,1,0.0,0.0,0.0
altavda01,2024,1,KCA,AL,0,1,5,1,0,0,0,11,5,6,1,3,5,0.294,14.73,0.0,0,1.0,0,21.0,0,6,0.0,0.0,0.0
altener01,1920,1,DET,AL,0,1,14,1,0,0,0,69,40,23,2,9,4,0.39,9.0,,0,1.0,0,112.0,7,27,,,
altheaa01,2019,1,PHI,NL,0,0,1,0,0,0,0,3,2,1,0,0,2,0.4,9.0,0.0,0,0.0,0,5.0,1,1,0.0,0.0,0.0
altroni01,1898,1,LS3,NL,3,3,11,7,6,0,0,210,89,35,2,21,13,,4.5,,5,3.0,0,314.0,4,54,,,
altroni01,1902,1,BOS,AL,0,2,3,2,1,0,1,54,19,4,0,7,5,,2.0,,0,1.0,0,78.0,1,13,,,
altroni01,1903,1,BOS,AL,0,1,1,1,1,0,0,24,13,8,0,4,3,,9.0,,0,0.0,0,40.0,0,10,,,
altroni01,1903,2,CHA,AL,4,3,12,8,6,1,0,213,59,17,3,19,19,,2.15,,2,3.0,0,283.0,3,35,,,
altroni01,1904,1,CHA,AL,19,14,38,36,31,6,1,921,274,101,2,48,87,,2.96,,7,3.0,0,1194.0,2,117,,,
altroni01,1905,1,CHA,AL,23,12,38,34,31,3,0,947,274,66,3,63,97,,1.88,,6,2.0,0,1228.0,4,89,,,
altroni01,1906,1,CHA,AL,20,13,38,30,25,4,0,863,269,66,0,42,99,,2.06,,5,3.0,0,1119.0,7,95,,,
altroni01,1907,1,CHA,AL,7,13,30,21,15,1,2,641,210,61,3,31,61,,2.57,,4,2.0,0,843.0,7,76,,,
altroni01,1908,1,CHA,AL,5,7,23,13,8,1,2,408,127,41,2,18,21,,2.71,,2,2.0,1,532.0,7,55,,,
altroni01,1909,1,CHA,AL,0,1,1,1,1,0,0,27,16,5,0,1,2,,5.0,,0,0.0,0,34.0,0,6,,,
altroni01,1909,2,WS1,AL,1,3,9,5,2,0,0,114,55,23,0,5,9,,5.45,,0,1.0,0,171.0,4,23,,,
altroni01,1912,1,WS1,AL,0,1,1,0,0,0,0,3,1,2,0,2,0,0.2,18.0,,0,0.0,0,6.0,0,2,,,
altroni01,1913,1,WS1,AL,0,0,4,0,0,0,0,27,7,5,0,4,2,0.18,5.0,,0,1.0,0,43.0,2,5,,,
altroni01,1914,1,WS1,AL,0,0,1,0,0,0,0,3,3,0,0,0,0,0.75,0.0,,0,0.0,0,5.0,1,0,,,
altroni01,1915,1,WS1,AL,0,0,1,0,0,0,1,9,7,3,0,1,2,0.43,9.0,,0,0.0,0,17.0,1,4,,,
altroni01,1918,1,WS1,AL,1,2,5,3,1,0,0,72,24,8,1,6,5,0.27,3.0,,0,1.0,0,105.0,2,11,,,
altroni01,1919,1,WS1,AL,0,0,1,0,0,0,0,0,4,0,0,0,0,1.0,,,0,0.0,0,4.0,0,4,,,
altroni01,1924,1,WS1,AL,0,0,1,0,0,0,0,6,4,0,0,0,0,0.5,0.0,,0,0.0,0,8.0,1,1,,,
alvarab01,2004,1,BOS,AL,0,1,1,1,0,0,0,15,8,5,2,5,2,0.4,9.0,0.0,0,0.0,0,25.0,0,5,0.0,0.0,0.0
alvarab01,2005,1,BOS,AL,0,0,2,0,0,0,0,7,6,4,1,0,1,0.462,15.43,0.0,0,0.0,0,13.0,1,4,0.0,0.0,0.0
alvarab01,2006,1,BOS,AL,0,0,1,0,0,0,0,9,5,4,2,2,2,0.385,12.0,0.0,0,0.0,0,15.0,0,4,0.0,0.0,1.0
alvarda01,2014,1,NYN,NL,0,0,4,0,0,0,0,4,4,2,1,0,1,0.5,13.5,0.0,0,0.0,0,8.0,0,2,0.0,0.0,0.0
alvarda01,2015,1,NYN,NL,1,0,6,0,0,0,0,11,5,5,2,1,2,0.333,12.27,0.0,0,2.0,1,19.0,0,5,1.0,0.0,0.0
alvarda01,2016,1,ATL,NL,3,1,16,0,0,0,0,45,11,5,3,5,28,0.2,3.0,2.0,4,1.0,0,61.0,4,5,0.0,0.0,1.0
alvarda01,2016,2,TEX,AL,0,0,10,0,0,0,0,35,17,10,3,2,13,0.362,7.71,0.0,1,2.0,0,52.0,5,11,0.0,1.0,3.0
alvarda01,2017,1,TEX,AL,2,0,20,0,0,0,0,49,19,5,1,14,17,0.292,2.76,0.0,2,1.0,1,82.0,3,8,0.0,2.0,2.0
alvared01,2024,1,NYN,NL,0,0,1,0,0,0,0,3,1,0,0,0,1,0.25,0.0,0.0,0,1.0,0,5.0,1,0,0.0,0.0,0.0
alvarhe01,2011,1,TOR,AL,1,3,10,10,0,0,0,191,64,25,8,8,40,0.262,3.53,0.0,2,4.0,0,259.0,0,26,1.0,2.0,7.0
alvarhe01,2012,1,TOR,AL,9,14,31,31,1,1,0,562,216,101,29,54,79,0.29,4.85,2.0,3,3.0,1,807.0,0,110,2.0,4.0,30.0
alvarhe01,2013,1,MIA,NL,5,6,17,17,1,1,0,308,90,41,2,27,57,0.237,3.59,1.0,4,7.0,1,418.0,0,42,0.0,4.0,11.0
alvarhe01,2014,1,MIA,NL,12,7,30,30,3,3,0,561,198,55,14,33,111,0.275,2.65,3.0,4,8.0,0,772.0,0,65,7.0,4.0,24.0
alvarhe01,2015,1,MIA,NL,0,4,4,4,0,0,0,67,28,16,1,7,9,0.311,6.45,1.0,3,0.0,1,102.0,0,18,4.0,1.0,1.0
alvarhe01,2017,1,PHI,NL,0,1,3,3,0,0,0,44,14,7,2,11,6,0.25,4.3,1.0,0,0.0,1,67.0,0,7,0.0,0.0,2.0
alvarjo01,1981,1,ATL,NL,0,0,1,0,0,0,0,6,0,0,0,0,2,0.0,0.0,0.0,0,0.0,0,6.0,1,0,0.0,0.0,0.0
alvarjo01,1982,1,ATL,NL,0,0,7,0,0,0,0,23,8,4,1,2,6,0.308,4.7,1.0,1,0.0,0,29.0,2,4,1.0,0.0,1.0
alvarjo01,1988,1,ATL,NL,5,6,60,0,0,0,3,307,88,34,7,53,81,0.24,2.99,12.0,4,6.0,1,436.0,23,34,8.0,3.0,9.0
alvarjo01,1989,1,ATL,NL,3,3,30,0,0,0,2,151,44,16,4,24,45,0.237,2.86,2.0,2,1.0,1,217.0,12,18,5.0,1.0,5.0
alvarjo02,2013,1,DET,AL,1,5,14,6,0,0,0,116,42,25,7,16,31,0.28,5.82,1.0,0,2.0,1,172.0,0,26,2.0,2.0,4.0
alvarjo02,2014,1,LAA,AL,0,0,2,0,0,0,0,2,1,0,0,0,1,0.333,0.0,0.0,0,0.0,0,3.0,1,0,0.0,0.0,0.0
alvarjo02,2015,1,LAA,AL,4,3,64,0,0,0,0,201,58,26,5,23,59,0.228,3.49,4.0,1,5.0,0,283.0,18,29,0.0,1.0,7.0
alvarjo02,2016,1,LAA,AL,1,3,64,0,0,0,0,172,71,22,4,15,51,0.298,3.45,4.0,2,1.0,0,256.0,12,29,1.0,1.0,5.0
alvarjo02,2017,1,LAA,AL,0,3,64,0,0,0,1,146,50,21,7,12,45,0.263,3.88,5.0,1,0.0,0,203.0,12,23,1.0,0.0,5.0
alvarjo02,2018,1,LAA,AL,6,4,76,0,0,0,1,189,51,19,3,22,59,0.217,2.71,2.0,1,2.0,0,261.0,5,20,2.0,0.0,6.0
alvarjo02,2019,1,PHI,NL,3,4,67,1,0,0,1,177,66,22,8,18,51,0.284,3.36,4.0,3,1.0,0,255.0,11,25,1.0,3.0,5.0
alvarjo02,2020,1,PHI,NL,0,0,8,0,0,0,0,19,7,1,0,3,6,0.292,1.42,0.0,0,0.0,0,27.0,1,1,0.0,0.0,0.0
alvarjo02,2021,1,SFN,NL,5,2,67,1,0,0,0,194,53,17,2,19,42,0.217,2.37,1.0,1,0.0,0,266.0,12,23,1.0,1.0,3.0
alvarjo02,2022,1,SFN,NL,2,1,21,0,0,0,1,46,17,9,3,9,15,0.27,5.28,1.0,1,2.0,0,76.0,6,10,1.0,0.0,1.0
alvarjo03,2017,1,TBA,AL,0,3,35,0,0,0,0,89,24,12,1,9,29,0.216,3.64,1.0,2,0.0,0,123.0,6,12,2.0,1.0,1.0
alvarjo03,2018,1,TBA,AL,1,6,70,0,0,0,8,192,42,17,1,29,80,0.183,2.39,4.0,2,1.0,0,263.0,17,21,2.0,2.0,3.0
alvarjo03,2019,1,TBA,AL,1,6,35,1,0,0,7,90,29,16,2,27,39,0.254,4.8,3.0,8,0.0,0,146.0,16,18,3.0,2.0,3.0
alvarjo03,2020,1,TBA,AL,0,0,9,0,0,0,0,27,9,6,2,6,13,0.25,6.0,0.0,3,2.0,0,45.0,3,7,0.0,1.0,1.0
alvarjo03,2021,1,PHI,NL,7,1,64,0,0,0,5,167,42,26,5,47,68,0.213,4.2,5.0,9,7.0,1,251.0,10,30,0.0,0.0,9.0
alvarjo03,2022,1,PHI,NL,4,2,59,0,0,0,2,153,38,18,2,24,81,0.203,3.18,4.0,5,1.0,0,214.0,8,21,1.0,1.0,4.0
alvarjo03,2023,1,PHI,NL,0,2,42,0,0,0,10,124,30,8,3,18,64,0.196,1.74,1.0,3,0.0,0,172.0,12,15,1.0,0.0,1.0
alvarjo03,2024,1,PHI,NL,2,5,66,0,0,0,13,185,49,28,6,28,63,0.215,4.09,1.0,4,1.0,0,258.0,21,30,0.0,1.0,5.0
alvarju01,1999,1,ANA,AL,0,1,8,0,0,0,0,9,1,1,0,4,4,0.111,3.0,0.0,1,0.0,0,14.0,1,1,1.0,0.0,0.0
alvarju01,2000,1,ANA,AL,0,0,11,0,0,0,0,18,14,9,3,7,2,0.467,13.5,1.0,1,0.0,0,38.0,3,9,0.0,1.0,1.0
alvarju01,2002,1,TEX,AL,0,4,52,0,0,0,0,119,35,21,7,21,30,0.241,4.76,0.0,0,3.0,1,173.0,12,22,2.0,2.0,4.0
alvarju01,2003,1,FLO,NL,0,0,9,0,0,0,0,35,8,4,2,8,6,0.216,3.09,1.0,0,1.0,0,46.0,3,4,0.0,0.0,3.0
alvarrj01,2014,1,SDN,NL,0,0,10,0,0,0,0,24,3,1,0,5,9,0.115,1.13,1.0,1,1.0,0,33.0,4,1,0.0,1.0,0.0
alvarrj01,2015,1,OAK,AL,0,0,21,0,0,0,0,60,27,22,7,13,23,0.318,9.9,1.0,5,0.0,0,100.0,11,23,0.0,2.0,0.0
alvarrj01,2022,1,NYN,NL,0,1,1,0,0,0,0,7,4,3,2,3,2,0.4,11.57,0.0,0,0.0,0,13.0,0,3,0.0,0.0,0.0
alvarta01,1995,1,MON,NL,1,5,8,8,0,0,0,112,46,28,2,14,17,0.297,6.75,0.0,1,3.0,0,173.0,0,30,1.0,0.0,3.0
alvarta01,1996,1,MON,NL,2,1,11,5,0,0,0,63,19,7,0,12,9,0.235,3.0,1.0,0,1.0,0,96.0,3,10,2.0,0.0,1.0
alvarvi01,2002,1,LAN,NL,0,1,4,1,0,0,0,31,9,5,1,2,7,0.237,4.35,0.0,0,0.0,0,40.0,1,5,0.0,0.0,2.0
alvarvi01,2003,1,LAN,NL,0,1,5,0,0,0,0,17,9,8,1,6,3,0.391,12.71,0.0,0,1.0,0,31.0,3,8,1.0,0.0,2.0
alvarwi01,1989,1,TEX,AL,0,1,1,1,0,0,0,0,3,3,2,2,0,1.0,,0.0,0,0.0,0,5.0,0,3,0.0,0.0,0.0
alvarwi01,1991,1,CHA,AL,3,2,10,9,2,1,0,169,47,22,9,29,32,0.23,3.51,0.0,2,0.0,0,237.0,0,26,3.0,1.0,9.0
alvarwi01,1992,1,CHA,AL,5,3,34,9,0,0,1,301,103,58,12,65,66,0.272,5.2,2.0,2,4.0,0,455.0,4,64,3.0,4.0,13.0
alvarwi01,1993,1,CHA,AL,15,8,31,31,1,1,0,623,168,68,14,122,155,0.23,2.95,8.0,2,7.0,1,877.0,0,78,13.0,6.0,24.0
alvarwi01,1994,1,CHA,AL,12,8,24,24,2,1,0,485,147,62,16,62,108,0.241,3.45,1.0,3,0.0,0,682.0,0,72,6.0,3.0,13.0
alvarwi01,1995,1,CHA,AL,8,11,29,29,3,0,0,525,171,84,21,93,118,0.258,4.32,4.0,1,2.0,2,769.0,0,96,6.0,5.0,16.0
alvarwi01,1996,1,CHA,AL,15,10,35,35,0,0,0,652,216,102,21,97,181,0.258,4.22,3.0,2,4.0,0,946.0,0,106,5.0,2.0,18.0
alvarwi01,1997,1,CHA,AL,9,8,22,22,2,1,0,437,126,49,9,55,110,0.232,3.03,1.0,4,3.0,0,613.0,0,61,6.0,5.0,10.0
alvarwi01,1997,2,SFN,NL,4,3,11,11,0,0,0,199,54,33,9,36,69,0.224,4.48,3.0,1,1.0,1,283.0,0,36,4.0,1.0,5.0
alvarwi01,1998,1,TBA,AL,6,14,25,25,0,0,0,428,130,75,18,68,107,0.239,4.73,0.0,4,9.0,0,624.0,0,78,1.0,2.0,9.0
alvarwi01,1999,1,TBA,AL,9,9,28,28,1,0,0,480,159,75,22,79,128,0.26,4.22,1.0,3,6.0,0,703.0,0,92,3.0,3.0,25.0
alvarwi01,2002,1,TBA,AL,2,3,23,10,0,0,1,225,80,44,13,36,56,0.272,5.28,3.0,2,4.0,0,339.0,3,47,2.0,3.0,3.0
alvarwi01,2003,1,LAN,NL,6,2,21,12,1,1,1,285,80,25,5,23,82,0.231,2.37,1.0,1,5.0,0,377.0,2,27,2.0,1.0,8.0
alvarwi01,2004,1,LAN,NL,7,6,40,15,0,0,1,362,109,54,12,31,102,0.244,4.03,2.0,1,5.0,0,499.0,6,56,11.0,5.0,7.0
alvarwi01,2005,1,LAN,NL,1,4,21,2,0,0,0,72,31,15,7,7,16,0.316,5.63,0.0,0,0.0,0,109.0,3,15,2.0,2.0,1.0
alzolad01,2019,1,CHN,NL,1,1,4,2,0,0,0,37,13,10,4,9,13,0.26,7.3,0.0,0,1.0,0,60.0,1,10,0.0,0.0,0.0
alzolad01,2020,1,CHN,NL,1,1,6,4,0,0,0,64,12,7,1,13,29,0.169,2.95,0.0,1,1.0,0,87.0,0,8,0.0,2.0,2.0
alzolad01,2021,1,CHN,NL,5,13,29,21,0,0,1,377,112,64,25,34,128,0.236,4.58,2.0,2,5.0,3,519.0,1,66,5.0,1.0,7.0
alzolad01,2022,1,CHN,NL,2,1,6,0,0,0,0,40,9,5,1,2,19,0.184,3.38,0.0,0,1.0,0,52.0,1,5,0.0,0.0,0.0
alzolad01,2023,1,CHN,NL,2,5,58,0,0,0,22,192,52,19,5,13,67,0.225,2.67,0.0,0,5.0,2,253.0,38,23,1.0,3.0,8.0
alzolad01,2024,1,CHN,NL,1,4,18,0,0,0,4,52,19,9,6,6,13,0.279,4.67,0.0,0,1.0,0,75.0,11,13,0.0,0.0,1.0
amarial01,2015,1,SDN,NL,0,0,1,0,0,0,0,1,0,0,0,0,0,0.0,0.0,0.0,0,0.0,0,1.0,1,0,0.0,0.0,0.0
amarial01,2016,1,SDN,NL,0,0,1,0,0,0,0,1,0,0,0,0,0,0.0,0.0,0.0,0,0.0,0,1.0,1,0,0.0,0.0,0.0
ambrihe01,2010,1,CLE,AL,0,2,34,0,0,0,0,145,68,30,10,17,37,0.338,5.59,1.0,4,1.0,0,224.0,20,31,2.0,3.0,6.0
ambrihe01,2012,1,HOU,NL,1,1,18,0,0,0,0,58,14,9,0,11,22,0.206,4.19,2.0,4,2.0,0,83.0,2,9,2.0,0.0,2.0
ambrihe01,2013,1,HOU,AL,2,4,43,0,0,0,2,109,50,23,8,14,27,0.325,5.7,1.0,4,1.0,0,171.0,10,28,0.0,2.0,6.0
ambrihe01,2014,1,SDN,NL,0,0,1,0,0,0,0,6,2,1,0,2,1,0.286,4.5,0.0,0,0.0,0,9.0,0,2,0.0,0.0,1.0
amesre01,1903,1,NY1,NL,2,0,2,2,2,1,0,42,5,2,0,8,14,,1.29,,0,0.0,0,52.0,0,2,,,
amesre01,1904,1,NY1,NL,4,6,16,13,11,1,3,345,94,29,2,38,93,,2.27,,6,3.0,0,464.0,3,44,,,
amesre01,1905,1,NY1,NL,22,8,34,31,21,2,0,788,220,80,2,105,198,,2.74,,30,3.0,0,1064.0,3,113,,,
amesre01,1906,1,NY1,NL,12,10,31,25,15,1,1,610,166,60,1,93,156,,2.66,,7,3.0,0,840.0,6,79,,,
amesre01,1907,1,NY1,NL,10,12,39,26,17,2,1,700,184,56,4,108,146,,2.16,,20,10.0,0,959.0,8,93,,,
amesre01,1908,1,NY1,NL,7,4,18,15,5,0,1,343,96,23,0,27,81,,1.81,,2,1.0,0,441.0,2,35,,,
amesre01,1909,1,NY1,NL,15,10,34,27,20,2,1,732,217,73,2,81,156,,2.69,,13,4.0,0,986.0,6,109,,,
amesre01,1910,1,NY1,NL,12,11,33,23,13,3,0,571,161,47,3,63,94,,2.22,,9,6.0,0,747.0,5,78,,,
amesre01,1911,1,NY1,NL,11,10,34,23,13,1,2,615,170,61,0,54,118,0.22,2.68,,8,4.0,0,822.0,5,80,,,
amesre01,1912,1,NY1,NL,11,5,33,22,9,2,2,537,194,49,3,35,83,0.28,2.46,,9,4.0,0,744.0,8,82,,,
amesre01,1913,2,CIN,NL,11,13,31,24,12,1,2,562,185,60,7,70,80,0.26,2.88,,9,5.0,0,789.0,5,82,,,
amesre01,1913,1,NY1,NL,2,1,8,5,2,0,1,125,35,10,0,8,30,0.24,2.16,,3,1.0,0,157.0,2,11,,,
amesre01,1914,1,CIN,NL,15,23,47,36,18,3,6,891,274,87,8,94,128,0.24,2.64,,12,6.0,0,1241.0,10,125,,,
amesre01,1915,1,CIN,NL,2,4,17,7,4,1,1,204,82,34,2,24,26,0.31,4.5,,3,0.0,0,293.0,5,39,,,
amesre01,1915,2,SLN,NL,9,3,15,14,8,2,1,340,93,31,1,32,48,0.22,2.46,,2,0.0,1,457.0,1,35,,,
amesre01,1916,1,SLN,NL,11,16,45,22,10,2,8,684,225,67,3,57,98,0.26,2.64,,9,5.0,0,948.0,17,100,,,
amesre01,1917,1,SLN,NL,15,10,43,19,10,2,3,627,189,63,2,57,62,0.24,2.71,,5,3.0,0,847.0,17,75,,,
amesre01,1918,1,SLN,NL,9,14,27,25,17,0,1,620,192,53,1,52,68,0.25,2.31,,5,5.0,0,844.0,2,75,,,
amesre01,1919,2,PHI,NL,0,2,3,2,1,0,1,48,26,11,0,3,4,0.4,6.19,,1,0.0,0,71.0,1,12,,,
amesre01,1919,1,SLN,NL,3,5,23,7,1,0,1,210,88,38,1,25,19,0.31,4.89,,3,1.0,0,314.0,10,44,,,
amesst01,2013,1,MIA,NL,0,1,4,0,0,0,0,12,6,2,0,2,4,0.375,4.5,1.0,0,0.0,0,19.0,3,2,1.0,0.0,1.0
amoledo01,1897,1,BLN,NL,4,4,11,7,6,0,0,210,67,20,0,17,19,,2.57,,2,6.0,0,291.0,4,34,,,
amoledo01,1898,1,WAS,NL,0,6,7,5,4,0,0,148,83,43,0,22,11,,7.84,,2,6.0,0,253.0,1,57,,,
amorvi01,1955,1,CHN,NL,0,1,4,0,0,0,0,18,11,3,0,3,3,0.4,4.5,1.0,1,0.0,1,31.0,3,3,,,
amorvi01,1957,1,CIN,NL,1,2,9,4,1,0,0,82,39,18,2,10,9,0.34,5.93,1.0,0,2.0,0,130.0,2,19,,,
anckewa01,1915,1,PHA,AL,0,0,4,1,0,0,0,53,19,7,1,17,4,0.27,3.57,,2,3.0,0,88.0,3,10,,,
anderal02,1986,1,MIN,AL,3,6,21,10,1,0,0,253,106,52,11,30,51,0.316,5.55,3.0,2,1.0,2,371.0,3,54,2.0,3.0,10.0
anderal02,1987,1,MIN,AL,1,0,4,2,0,0,0,37,20,15,3,10,3,0.392,10.95,2.0,0,0.0,0,61.0,0,15,0.0,0.0,6.0
anderal02,1988,1,MIN,AL,16,9,30,30,3,1,0,607,199,55,14,37,83,0.261,2.45,1.0,1,7.0,4,815.0,0,70,3.0,5.0,25.0
anderal02,1989,1,MIN,AL,17,10,33,33,4,1,0,590,214,83,15,53,69,0.275,3.8,1.0,5,7.0,0,846.0,0,97,4.0,5.0,21.0
anderal02,1990,1,MIN,AL,7,18,31,31,5,1,0,566,214,95,20,39,82,0.289,4.53,1.0,4,5.0,3,797.0,0,106,4.0,8.0,19.0
anderal02,1991,1,MIN,AL,5,11,29,22,2,0,0,403,148,74,24,42,51,0.281,4.96,4.0,3,5.0,0,584.0,4,82,4.0,6.0,9.0
anderbi01,1925,1,BSN,NL,0,0,2,0,0,0,0,8,5,3,0,2,1,0.5,10.13,,0,0.0,0,14.0,2,3,,,
anderbo01,1957,1,CHN,NL,0,1,8,0,0,0,0,49,20,14,2,8,7,0.31,7.71,1.0,0,1.0,1,76.0,2,16,,,
anderbo01,1958,1,CHN,NL,3,3,17,8,2,0,0,197,61,29,3,29,51,0.25,3.97,1.0,1,1.0,0,275.0,4,29,,,
anderbo01,1959,1,CHN,NL,12,13,37,36,7,1,0,706,245,108,21,77,113,0.27,4.13,3.0,4,5.0,3,1004.0,1,117,,,
anderbo01,1960,1,CHN,NL,9,11,38,30,5,0,1,611,201,93,26,68,115,0.25,4.11,8.0,9,7.0,0,868.0,3,105,,,
anderbo01,1961,1,CHN,NL,7,10,57,12,1,0,8,456,162,72,14,56,96,0.27,4.26,11.0,4,2.0,0,659.0,21,85,,,
anderbo01,1962,1,CHN,NL,2,7,57,4,0,0,4,323,111,60,9,60,82,0.26,5.02,5.0,8,5.0,0,492.0,16,70,,,
anderbo01,1963,1,DET,AL,3,1,32,3,0,0,0,180,58,22,5,21,38,0.25,3.3,2.0,4,6.0,0,260.0,15,28,,,
anderbr02,1993,1,CAL,AL,0,0,4,1,0,0,0,34,11,5,1,2,4,0.256,3.97,0.0,0,0.0,0,45.0,3,5,0.0,0.0,2.0
anderbr02,1994,1,CAL,AL,7,5,18,18,0,0,0,305,120,59,13,27,47,0.3,5.22,0.0,5,5.0,5,441.0,0,63,3.0,6.0,10.0
anderbr02,1995,1,CAL,AL,6,8,18,17,1,0,0,299,110,65,24,30,45,0.282,5.87,2.0,1,3.0,3,433.0,0,66,5.0,5.0,8.0
anderbr02,1996,1,CLE,AL,3,1,10,9,0,0,0,154,58,28,9,14,21,0.296,4.91,1.0,2,0.0,0,215.0,0,29,2.0,3.0,4.0
anderbr02,1997,1,CLE,AL,4,2,8,8,0,0,0,144,55,25,7,11,22,0.301,4.69,0.0,1,0.0,0,199.0,0,28,0.0,5.0,4.0
anderbr02,1998,1,ARI,NL,12,13,32,32,2,1,0,624,221,100,39,24,95,0.274,4.33,2.0,3,4.0,6,845.0,0,109,8.0,3.0,15.0
anderbr02,1999,1,ARI,NL,8,2,31,19,2,1,1,390,144,66,18,28,75,0.279,4.57,3.0,0,1.0,2,549.0,4,69,4.0,0.0,10.0
anderbr02,2000,1,ARI,NL,11,7,33,32,2,0,0,640,226,96,38,39,104,0.275,4.05,7.0,1,3.0,4,876.0,0,101,6.0,6.0,25.0
anderbr02,2001,1,ARI,NL,4,9,29,22,1,0,0,400,156,77,25,30,55,0.295,5.2,2.0,2,1.0,1,571.0,1,93,7.0,4.0,14.0
anderbr02,2002,1,ARI,NL,6,11,35,24,0,0,0,468,174,83,23,32,81,0.284,4.79,3.0,2,1.0,5,659.0,1,86,6.0,8.0,13.0
anderbr02,2003,1,CLE,AL,9,10,25,24,0,0,0,444,162,61,21,32,72,0.282,3.71,3.0,2,4.0,1,623.0,0,88,2.0,10.0,17.0
anderbr02,2003,2,KCA,AL,5,1,7,7,2,1,0,149,50,22,6,11,15,0.272,3.99,0.0,1,0.0,0,198.0,0,22,1.0,2.0,8.0
anderbr02,2004,1,KCA,AL,6,12,35,26,2,1,0,498,217,104,33,53,70,0.32,5.64,4.0,2,1.0,0,745.0,2,123,5.0,7.0,22.0
anderbr02,2005,1,KCA,AL,1,2,6,6,0,0,0,92,39,23,7,4,17,0.305,6.75,1.0,0,0.0,1,133.0,0,24,0.0,1.0,2.0
anderbr04,2009,1,OAK,AL,11,11,30,30,1,1,0,526,180,79,20,45,150,0.265,4.06,1.0,0,3.0,1,735.0,0,94,4.0,4.0,24.0
anderbr04,2010,1,OAK,AL,7,6,19,19,0,0,0,337,112,35,6,22,75,0.257,2.8,2.0,4,7.0,2,470.0,0,41,3.0,2.0,12.0
anderbr04,2011,1,OAK,AL,3,6,13,13,1,0,0,250,86,37,8,25,61,0.27,4.0,1.0,0,7.0,1,356.0,0,40,4.0,1.0,8.0
anderbr04,2012,1,OAK,AL,4,2,6,6,0,0,0,105,29,10,1,7,25,0.225,2.57,1.0,1,1.0,0,137.0,0,11,0.0,0.0,3.0
anderbr04,2013,1,OAK,AL,1,4,16,5,0,0,3,134,51,30,5,21,46,0.287,6.04,1.0,0,0.0,0,200.0,4,32,1.0,0.0,6.0
anderbr04,2014,1,COL,NL,1,3,8,8,0,0,0,130,44,14,1,13,29,0.267,2.91,3.0,0,0.0,0,180.0,0,18,1.0,1.0,6.0
anderbr04,2015,1,LAN,NL,10,9,31,31,1,0,0,541,194,74,18,46,116,0.278,3.69,2.0,4,2.0,2,750.0,0,82,3.0,2.0,23.0
anderbr04,2016,1,LAN,NL,1,2,4,3,0,0,0,34,25,15,4,4,5,0.446,11.91,0.0,2,0.0,0,62.0,0,15,1.0,1.0,0.0
anderbr04,2017,1,CHN,NL,2,2,6,6,0,0,0,66,34,20,2,12,16,0.347,8.18,0.0,1,0.0,0,111.0,0,22,0.0,1.0,2.0
anderbr04,2017,2,TOR,AL,2,2,7,7,0,0,0,100,39,19,3,9,22,0.302,5.13,0.0,1,0.0,0,140.0,0,19,0.0,2.0,5.0
anderbr04,2018,1,OAK,AL,4,5,17,17,0,0,0,241,90,40,10,13,47,0.285,4.48,0.0,3,2.0,0,333.0,0,42,2.0,0.0,9.0
anderbr04,2019,1,OAK,AL,13,9,31,31,0,0,0,528,181,76,20,49,90,0.265,3.89,2.0,4,4.0,0,743.0,0,80,4.0,4.0,17.0
anderbr04,2020,1,MIL,NL,4,4,10,10,0,0,0,141,50,22,6,10,32,0.27,4.21,0.0,0,4.0,0,202.0,0,24,0.0,3.0,5.0
anderbr04,2021,1,MIL,NL,4,9,24,24,0,0,0,288,102,45,11,28,58,0.276,4.22,0.0,0,2.0,2,409.0,0,52,5.0,5.0,14.0
anderbu01,1982,1,CLE,AL,3,4,25,5,1,0,0,242,84,30,4,30,44,0.268,3.35,2.0,4,1.0,0,353.0,12,37,5.0,4.0,9.0
anderbu01,1983,1,CLE,AL,1,6,39,1,0,0,7,205,64,31,8,32,32,0.255,4.08,6.0,4,0.0,0,290.0,27,34,5.0,2.0,10.0
anderch01,2014,1,ARI,NL,9,7,21,21,0,0,0,343,117,51,16,40,105,0.268,4.01,2.0,4,2.0,0,486.0,0,56,4.0,4.0,9.0
anderch01,2015,1,ARI,NL,6,6,27,27,0,0,0,458,158,73,18,40,111,0.272,4.3,2.0,3,7.0,0,640.0,0,75,3.0,9.0,15.0
anderch01,2016,1,MIL,NL,9,11,31,30,0,0,0,455,155,74,28,53,120,0.266,4.39,0.0,4,4.0,0,647.0,1,83,4.0,3.0,12.0
anderch01,2017,1,MIL,NL,12,4,25,25,0,0,0,424,113,43,14,41,133,0.22,2.74,1.0,0,7.0,0,569.0,0,47,5.0,2.0,11.0
anderch01,2018,1,MIL,NL,9,8,30,30,0,0,0,474,131,69,30,57,128,0.228,3.93,0.0,1,7.0,0,644.0,0,71,4.0,1.0,13.0
anderch01,2019,1,MIL,NL,8,4,32,27,0,0,0,417,126,65,23,50,124,0.24,4.21,2.0,1,8.0,1,592.0,1,67,6.0,2.0,6.0
anderch01,2020,1,TOR,AL,1,2,10,7,0,0,0,101,45,27,11,10,38,0.315,7.22,0.0,1,1.0,0,154.0,0,29,0.0,0.0,2.0
anderch01,2021,1,PHI,NL,2,4,14,9,0,0,0,144,51,36,10,20,35,0.268,6.75,1.0,0,3.0,0,215.0,2,36,1.0,1.0,2.0
anderch01,2022,1,CIN,NL,2,4,9,7,0,0,0,72,17,17,3,15,23,0.205,6.38,0.0,0,3.0,0,103.0,1,18,0.0,2.0,1.0
anderch01,2023,2,COL,NL,1,6,17,17,0,0,0,244,88,52,17,32,62,0.282,5.75,0.0,1,7.0,0,354.0,0,53,1.0,2.0,9.0
anderch01,2023,1,TBA,AL,0,0,2,0,0,0,1,15,2,0,0,1,2,0.118,0.0,0.0,0,0.0,0,18.0,2,0,0.0,0.0,0.0
anderch01,2024,1,BOS,AL,0,2,27,1,0,0,3,156,46,28,10,19,35,0.231,4.85,1.0,2,3.0,0,224.0,22,34,1.0,2.0,1.0
anderch01,2024,2,TEX,AL,0,0,2,0,0,0,0,19,9,7,2,2,7,0.321,9.95,0.0,1,1.0,0,31.0,1,7,0.0,0.0,0.0
anderco01,2015,1,CLE,AL,7,3,15,15,1,0,0,274,77,31,9,24,44,0.231,3.05,1.0,0,1.0,1,365.0,0,32,3.0,3.0,8.0
anderco01,2016,1,CLE,AL,2,5,19,9,0,0,0,182,85,45,13,13,54,0.333,6.68,3.0,5,1.0,0,270.0,2,45,0.0,1.0,4.0
anderco01,2019,1,CLE,AL,0,1,5,2,0,0,0,26,12,9,1,8,9,0.333,9.35,0.0,3,1.0,0,46.0,2,9,1.0,0.0,0.0
andercr01,1961,1,SLN,NL,4,3,25,0,0,0,1,116,38,14,3,12,21,0.25,3.26,0.0,3,1.0,0,164.0,13,15,,,
andercr01,1962,1,NYN,NL,3,17,50,14,2,0,4,394,150,78,18,63,62,0.27,5.35,2.0,8,5.0,0,617.0,20,108,,,
andercr01,1963,1,NYN,NL,0,2,3,2,0,0,0,28,17,9,0,3,6,0.36,8.68,0.0,1,0.0,0,51.0,0,15,,,
andercr01,1964,1,NYN,NL,0,1,4,1,0,0,0,39,21,8,0,3,5,0.38,5.54,0.0,0,0.0,0,61.0,1,9,,,
anderda01,1889,1,PHI,NL,0,1,5,2,1,0,0,69,30,19,2,14,8,,7.43,,1,0.0,0,112.0,3,21,,,
anderda01,1890,1,PHI,NL,1,1,3,2,1,0,0,58,31,16,0,11,7,,7.45,,1,1.0,0,100.0,0,25,,,
anderda01,1890,2,PIT,NL,2,11,13,13,13,0,0,324,116,56,2,49,41,,4.67,,4,7.0,0,493.0,0,84,,,
anderdr02,2017,1,PHI,NL,0,0,2,0,0,0,0,7,6,6,0,1,2,0.5,23.14,0.0,0,0.0,0,14.0,1,7,0.0,1.0,0.0
anderdr02,2018,1,PHI,NL,0,1,5,1,0,0,0,38,17,7,0,2,11,0.309,4.97,0.0,0,2.0,0,59.0,1,7,0.0,0.0,1.0
anderdr02,2019,1,PHI,NL,0,0,2,0,0,0,0,18,6,5,1,6,6,0.25,7.5,2.0,0,0.0,0,30.0,1,5,0.0,0.0,0.0
anderdr02,2020,1,CHA,AL,0,1,1,0,0,0,0,4,4,6,2,2,2,0.5,40.5,0.0,1,0.0,0,10.0,0,6,0.0,0.0,0.0
anderdr02,2021,1,TEX,AL,1,1,9,1,0,0,0,66,20,8,1,6,9,0.238,3.27,0.0,1,1.0,0,91.0,3,8,0.0,0.0,2.0
anderfr01,1909,1,BOS,AL,0,0,1,1,0,0,0,24,3,1,0,1,5,,1.13,,0,0.0,0,27.0,0,3,,,
anderfr01,1913,1,BOS,AL,0,6,10,8,4,0,0,172,84,38,0,21,32,0.35,5.97,,3,1.0,0,249.0,1,51,,,
anderfr01,1914,1,BUF,FL,13,15,37,28,21,2,0,781,243,89,8,64,144,9.99,3.08,,9,2.0,1,1040.0,7,115,,,
anderfr01,1915,1,BUF,FL,19,13,36,28,14,5,0,720,192,67,5,72,142,9.99,2.51,,4,3.0,0,938.0,5,80,,,
anderfr01,1916,1,NY1,NL,9,13,38,27,13,2,2,564,206,71,7,38,98,0.27,3.4,,9,5.0,0,806.0,5,99,,,
anderfr01,1917,1,NY1,NL,8,8,38,18,8,1,3,486,122,26,1,34,69,0.2,1.44,,5,2.0,0,632.0,15,40,,,
anderfr01,1918,1,NY1,NL,4,2,18,4,2,1,3,212,62,21,1,17,24,0.24,2.67,,1,2.0,0,286.0,10,27,,,
andergr01,2023,1,TEX,AL,2,1,26,0,0,0,0,107,38,20,5,14,30,0.277,5.05,1.0,1,1.0,0,154.0,2,20,0.0,2.0,3.0
andergr01,2024,1,TEX,AL,0,1,23,0,0,0,1,80,33,24,11,10,29,0.303,8.1,3.0,0,1.0,0,120.0,10,24,0.0,0.0,4.0
anderia01,2020,1,ATL,NL,3,2,6,6,0,0,0,97,21,7,1,14,41,0.172,1.95,0.0,4,2.0,0,138.0,0,11,0.0,0.0,1.0
anderia01,2021,1,ATL,NL,9,5,24,24,0,0,0,385,105,51,16,53,124,0.221,3.58,2.0,7,1.0,0,535.0,0,51,5.0,1.0,11.0
anderia01,2022,1,ATL,NL,10,6,22,22,0,0,0,335,115,62,12,54,97,0.264,5.0,0.0,4,1.0,0,493.0,0,63,0.0,2.0,9.0
anderja01,2003,1,NYA,AL,1,0,22,0,0,0,0,62,23,11,3,14,9,0.28,4.79,4.0,3,2.0,0,100.0,12,13,0.0,2.0,2.0
anderja01,2003,2,NYN,NL,0,0,6,0,0,0,0,32,10,6,2,5,7,0.256,5.06,1.0,0,1.0,0,47.0,2,6,0.0,2.0,1.0
anderja01,2004,1,CLE,AL,0,0,1,0,0,0,0,3,1,5,1,4,1,0.25,45.0,1.0,0,0.0,0,8.0,0,5,0.0,0.0,0.0
anderja01,2005,1,NYA,AL,1,0,3,0,0,0,0,17,4,5,0,7,2,0.2,7.94,1.0,0,0.0,0,27.0,1,5,0.0,0.0,1.0
anderji02,1999,1,PIT,NL,2,1,13,4,0,0,0,88,25,13,2,16,13,0.234,3.99,2.0,4,1.0,0,127.0,2,15,2.0,1.0,6.0
anderji02,2000,1,PIT,NL,5,11,27,26,1,0,0,432,169,84,13,58,73,0.294,5.25,2.0,6,7.0,0,648.0,0,94,5.0,3.0,23.0
anderji02,2001,1,PIT,NL,9,17,34,34,1,0,0,619,232,117,15,83,89,0.287,5.1,14.0,6,11.0,1,922.0,0,123,11.0,9.0,29.0
anderji02,2002,1,PIT,NL,8,13,28,25,1,0,0,422,167,85,20,63,47,0.299,5.44,5.0,4,5.0,0,636.0,1,91,5.0,4.0,18.0
anderji02,2003,1,CIN,NL,1,5,8,7,0,0,0,116,60,38,8,14,13,0.359,8.84,1.0,0,0.0,0,184.0,1,39,0.0,3.0,2.0
anderji02,2004,2,BOS,AL,0,0,5,0,0,0,0,18,10,4,0,3,3,0.4,6.0,0.0,1,0.0,0,28.0,2,4,0.0,0.0,3.0
anderji02,2004,1,CHN,NL,0,0,7,0,0,0,1,29,9,5,0,3,3,0.243,4.66,0.0,1,2.0,0,42.0,2,5,0.0,0.0,1.0
anderjo02,1958,1,PHI,NL,0,0,5,1,0,0,0,48,26,14,5,4,9,0.36,7.88,0.0,0,1.0,0,78.0,3,17,,,
anderjo02,1960,1,BAL,AL,0,0,4,0,0,0,0,14,8,7,0,4,1,0.44,13.5,0.0,0,0.0,0,26.0,2,7,,,
anderjo02,1962,2,HOU,NL,0,0,10,0,0,0,0,53,26,10,1,3,6,0.33,5.09,1.0,1,0.0,0,81.0,1,12,,,
anderjo02,1962,1,SLN,NL,0,0,5,0,0,0,1,19,4,1,0,3,3,0.18,1.42,2.0,1,0.0,0,26.0,1,1,,,
anderju01,2018,1,LAA,AL,3,3,57,0,0,0,4,166,42,25,3,40,67,0.214,4.07,3.0,9,4.0,1,241.0,10,25,0.0,0.0,9.0
anderju01,2019,1,LAA,AL,3,0,54,0,0,0,1,141,42,29,6,32,60,0.232,5.55,0.0,4,1.0,0,217.0,7,32,1.0,2.0,1.0
anderju01,2024,1,CHA,AL,1,2,56,0,0,0,1,160,48,26,5,32,57,0.234,4.39,1.0,1,3.0,0,242.0,14,29,1.0,1.0,3.0
anderla01,1974,1,ML4,AL,0,0,2,0,0,0,0,7,2,0,0,1,3,0.25,0.0,0.0,1,0.0,0,9.0,2,0,0.0,0.0,0.0
anderla01,1975,1,ML4,AL,1,0,8,1,1,1,0,91,36,17,3,6,13,0.298,5.04,0.0,6,0.0,0,128.0,2,18,0.0,1.0,5.0
anderla01,1977,1,CHA,AL,1,3,6,0,0,0,0,26,10,9,1,15,7,0.286,9.35,4.0,4,0.0,0,54.0,4,10,3.0,1.0,0.0
anderla02,1975,1,CLE,AL,0,0,3,0,0,0,0,17,4,3,0,2,4,0.2,4.76,0.0,2,0.0,0,23.0,1,3,0.0,1.0,1.0
anderla02,1977,1,CLE,AL,0,1,11,0,0,0,0,43,10,5,1,9,8,0.2,3.14,3.0,1,0.0,0,62.0,7,7,3.0,0.0,1.0
anderla02,1979,1,CLE,AL,0,0,8,0,0,0,0,50,25,14,3,4,7,0.357,7.56,0.0,0,0.0,0,77.0,4,14,1.0,2.0,2.0
anderla02,1981,1,SEA,AL,3,3,41,0,0,0,5,203,57,20,4,18,40,0.228,2.66,2.0,0,2.0,0,273.0,23,27,0.0,3.0,5.0
anderla02,1982,1,SEA,AL,0,0,40,1,0,0,1,239,100,53,16,23,32,0.311,5.99,1.0,2,4.0,0,354.0,14,56,2.0,3.0,9.0
anderla02,1983,1,PHI,NL,1,0,17,0,0,0,0,79,19,7,0,9,14,0.2,2.39,1.0,1,0.0,1,106.0,4,7,1.0,1.0,1.0
anderla02,1984,1,PHI,NL,3,7,64,0,0,0,4,272,85,24,5,25,54,0.248,2.38,6.0,2,0.0,1,376.0,25,32,4.0,4.0,4.0
