name_last,name_first,key_mlbam,key_retro,key_bbref,key_fangraphs,mlb_played_first,mlb_played_last
ramírez,hanley,434670,ramih003,ramirha01,8001,2005.0,2019.0
sipp,tony,448609,sippt001,sippto01,8280,2009.0,2019.0
vogelsong,ryan,285064,voger001,vogelry01,1011,2000.0,2016.0
ramos,wilson,467092,ramow001,ramoswi01,1433,2010.0,2021.0
pacheco,jordan,457574,pachj001,pachejo01,2677,2011.0,2016.0
chavez,jesse,445926,chavj001,chaveje01,5448,2008.0,2025.0
hayes,brett,451109,hayeb001,hayesbr01,4293,2009.0,2015.0
danks,jordan,458668,dankj002,danksjo02,9187,2012.0,2015.0
price,david,456034,pricd001,priceda01,3184,2008.0,2022.0
peguero,carlos,451713,peguc001,pegueca01,8760,2011.0,2015.0
billingsley,chad,451532,billc001,billich01,5842,2006.0,2015.0
cueto,johnny,456501,cuetj001,cuetojo01,6893,2008.0,2024.0
crisp,coco,424825,crisc001,crispco01,1572,2002.0,2016.0
gregg,kevin,276514,gregk001,greggke01,1793,2003.0,2015.0
tábata,josé,467798,tabaj002,tabatjo01,2411,2010.0,2015.0
longoria,evan,446334,longe001,longoev01,9368,2008.0,2023.0
lecure,sam,459967,lecus001,lecursa01,4664,2010.0,2015.0
de jesús,iván,474443,dejei002,dejesiv02,9886,2011.0,2016.0
blanton,joe,430599,blanj001,blantjo01,4849,2004.0,2017.0
wilson,josh,425543,wilsj003,wilsojo03,2102,2005.0,2015.0
webb,ryan,444436,webbr001,webbry01,7474,2009.0,2016.0
rondón,héctor,444468,rondh001,rondohe01,2391,2013.0,2020.0
lester,jon,452657,lestj001,lestejo01,4930,2006.0,2021.0
mayberry,john,460055,maybj001,maybejo02,3390,2009.0,2015.0
rodríguez,sean,446481,rodrs002,rodrise01,6589,2008.0,2020.0
swisher,nick,430897,swisn001,swishni01,4599,2004.0,2015.0
upton,justin,457708,uptoj001,uptonju01,5222,2007.0,2022.0
rasmus,cory,474284,rasmc002,rasmuco02,2413,2013.0,2016.0
sandoval,pablo,467055,sandp001,sandopa01,5409,2008.0,2021.0
kintzler,brandon,445213,kintb001,kintzbr01,9939,2010.0,2021.0
buchholz,clay,453329,buchc001,buchhcl01,3543,2007.0,2019.0
jones,garrett,434540,joneg002,jonesga02,2714,2007.0,2015.0
morrow,brandon,453344,morrb001,morrobr01,9346,2007.0,2018.0
blackmon,charlie,453568,blacc001,blackch02,7859,2011.0,2024.0
nova,iván,467100,novai001,novaiv01,1994,2010.0,2020.0
fowler,dexter,451594,fowld001,fowlede01,4062,2008.0,2021.0
beltré,adrian,134181,belta001,beltrad01,639,1998.0,2018.0
pelfrey,mike,460059,pelfm001,pelfrmi01,5203,2006.0,2017.0
weaver,jered,450308,weavj003,weaveje02,4235,2006.0,2017.0
putnam,zach,474029,putnz001,putnaza01,9080,2011.0,2017.0
capuano,chris,425626,capuc001,capuach01,1701,2003.0,2016.0
belisle,matt,279571,belim001,belisma01,1837,2003.0,2018.0
colón,bartolo,112526,colob001,colonba01,375,1997.0,2018.0
ramos,cesár,459987,ramoc001,ramosce01,3357,2009.0,2016.0
ziegler,brad,446899,ziegb001,zieglbr01,7293,2008.0,2018.0
hernández,roberto,433584,carmf001,carmofa01,3273,2006.0,2016.0
saunders,michael,459431,saunm001,saundmi01,9981,2009.0,2017.0
ellsbury,jacoby,453056,ellsj001,ellsbja01,4727,2007.0,2017.0
harrell,lucas,449173,harrl002,harrelu01,7541,2010.0,2017.0
pridie,jason,445095,pridj001,pridija01,4611,2008.0,2015.0
ishikawa,travis,448170,ishit001,ishiktr01,4793,2006.0,2015.0
jay,jon,445055,jay-j001,jayjo02,5227,2010.0,2021.0
carrasco,carlos,471911,carrc003,carraca01,6632,2009.0,2026.0
peterson,shane,451089,petes002,petersh01,7423,2013.0,2017.0
ramírez,aramis,133380,ramia001,ramirar01,1002,1998.0,2015.0
fields,josh,451661,fielj002,fieldjo03,5070,2013.0,2018.0
arencibia,j. p.,450317,arenj001,arencjp01,697,2010.0,2015.0
jepsen,kevin,448178,jepsk001,jepseke01,6475,2008.0,2018.0
neshek,pat,450212,neshp001,neshepa01,4682,2006.0,2019.0
dejesus,david,430203,dejed001,dejesda01,1825,2003.0,2015.0
teagarden,taylor,460003,teagt001,teagata01,5199,2008.0,2015.0
guyer,brandon,446386,guyeb001,guyerbr01,2636,2011.0,2018.0
atchison,scott,425786,atchs001,atchisc01,2642,2004.0,2015.0
iribarren,hernán,454975,iribh001,iribahe01,4177,2008.0,2016.0
soto,geovany,434567,sotog001,sotoge01,3707,2005.0,2017.0
verlander,justin,434378,verlj001,verlaju01,8700,2005.0,2026.0
ciriaco,pedro,465674,cirip001,ciriape01,5278,2010.0,2015.0
hamels,cole,430935,hamec001,hamelco01,4972,2006.0,2020.0
williams,jerome,425532,willj003,willije01,1137,2003.0,2016.0
díaz,jumbo,471822,diazj005,diazju03,3397,2014.0,2017.0
phillips,brandon,408252,philb001,phillbr01,791,2002.0,2018.0
hernandez,david,456696,hernd002,hernada01,4259,2009.0,2019.0
ross,cody,425496,rossc001,rossco01,1760,2003.0,2015.0
young,eric,458913,youne003,younger03,7158,2009.0,2018.0
arias,joaquín,435078,ariaj001,ariasjo01,3817,2006.0,2015.0
beimel,joe,346847,beimj001,beimejo01,979,2001.0,2015.0
happ,j. a.,457918,happj001,happja01,7410,2007.0,2021.0
herrera,elián,467070,herre001,herreel01,5432,2012.0,2015.0
danks,john,433579,dankj001,danksjo01,6329,2007.0,2016.0
stults,eric,445590,stule002,stulter01,8011,2006.0,2015.0
mccann,brian,435263,mccab002,mccanbr01,4810,2005.0,2019.0
tolleson,shawn,474521,tolls002,tollesh01,10481,2012.0,2016.0
wolf,randy,150116,wolfr001,wolfra02,976,1999.0,2015.0
pierzynski,a. j.,150229,piera001,pierza.01,746,1998.0,2016.0
johnson,kelly,430637,johnk003,johnske05,2234,2005.0,2016.0
cruz,rhiner,462480,cruzr001,cruzrh01,711,2012.0,2018.0
masset,nick,434665,massn001,masseni01,7267,2006.0,2015.0
hagadone,nick,444935,hagan001,hagadni01,1351,2011.0,2015.0
kelly,don,430603,kelld001,kellydo01,2216,2007.0,2016.0
cabrera,everth,465784,cabre001,cabreev01,8155,2009.0,2015.0
henderson,jim,449104,hendj001,hendeji01,6653,2012.0,2016.0
pino,yohan,464416,pinoy001,pinoyo01,6955,2014.0,2015.0
romine,andrew,461865,romia001,rominan01,1159,2010.0,2021.0
broxton,jonathan,455009,broxj001,broxtjo01,4759,2005.0,2017.0
pérez,óliver,424144,pereo002,perezol01,1514,2002.0,2022.0
thornton,matt,407819,thorm001,thornma01,1918,2004.0,2016.0
buehrle,mark,279824,buehm001,buehrma01,225,2000.0,2015.0
balester,collin,444446,balec001,balesco01,6883,2008.0,2015.0
hill,aaron,431094,hilla001,hillaa01,6104,2005.0,2017.0
ethier,andre,444843,ethia001,ethiean01,6265,2006.0,2017.0
worley,vance,474699,worlv001,worleva01,6435,2010.0,2017.0
kazmar,sean,453527,kazms002,kazmase01,7349,2008.0,2021.0
rodriguez,fernando,451775,rodrf004,rodrife02,7558,2009.0,2016.0
ortiz,david,120074,ortid001,ortizda01,745,1997.0,2016.0
marcum,shaun,451788,marcs001,marcush01,6204,2005.0,2015.0
bourgeois,jason,430652,bourj001,bourgja01,2225,2008.0,2015.0
zobrist,ben,450314,zobrb001,zobribe01,7435,2006.0,2019.0
mann,brandon,448167,mannb001,mannbr01,5172,2018.0,2018.0
hughes,phil,461833,hughp001,hugheph01,7450,2007.0,2018.0
kendrick,howie,435062,kendh001,kendrho01,4229,2006.0,2020.0
napoli,mike,435063,napom001,napolmi01,3057,2006.0,2017.0
young,delmon,430321,yound003,youngde03,2140,2006.0,2015.0
doolittle,sean,448281,dools001,doolise01,1581,2012.0,2022.0
alburquerque,al,456379,albua001,albural01,6324,2011.0,2017.0
tulowitzki,troy,453064,tulot001,tulowtr01,3531,2006.0,2019.0
feldman,scott,444857,felds001,feldmsc01,6283,2005.0,2017.0
delabar,steve,447755,delas001,delabst01,11827,2011.0,2016.0
johnson,chris,453400,johnc003,johnsch05,1191,2009.0,2016.0
kinsler,ian,435079,kinsi001,kinslia01,6195,2006.0,2019.0
wilhelmsen,tom,452666,wilht001,wilheto01,9975,2011.0,2017.0
abad,fernando,472551,abadf001,abadfe01,4994,2010.0,2023.0
suzuki,kurt,435559,suzuk001,suzukku01,8259,2007.0,2022.0
cuddyer,michael,150212,cuddm001,cuddymi01,1534,2001.0,2015.0
moss,brandon,461235,mossb001,mossbr01,4467,2007.0,2017.0
valbuena,luis,472528,valbl001,valbulu01,4969,2008.0,2018.0
choo,shin-soo,425783,choos001,choosh01,3174,2005.0,2020.0
casilla,santiago,433586,garcj002,garcija01,2873,2004.0,2018.0
hardy,j. j.,429666,hardj003,hardyjj01,3797,2005.0,2017.0
loney,james,425766,lonej001,loneyja01,4556,2006.0,2016.0
mauer,joe,408045,mauej001,mauerjo01,1857,2004.0,2018.0
madson,ryan,425492,madsr001,madsory01,1852,2003.0,2018.0
hanigan,ryan,452672,hanir001,hanigry01,4952,2007.0,2017.0
santana,ervin,429722,sante001,santaer01,3200,2005.0,2021.0
sabathia,cc,282332,sabac001,sabatc.01,404,2001.0,2019.0
blanco,andrés,433217,blana001,blancan01,1907,2004.0,2017.0
torres,carlos,448614,torrc001,torreca01,7624,2009.0,2019.0
joyce,matt,459964,joycm001,joycema01,3353,2008.0,2021.0
tsao,chin-hui,425835,tsaoc001,tsaoch01,1776,2003.0,2016.0
saltalamacchia,jarrod,457454,saltj001,saltaja01,5557,2007.0,2018.0
crawford,carl,408307,crawc002,crawfca02,1201,2002.0,2016.0
gonzález,carlos,471865,gonzc001,gonzaca01,7287,2008.0,2019.0
moore,adam,446192,moora001,mooread01,9362,2009.0,2018.0
leblanc,wade,453281,leblw001,leblawa01,5221,2008.0,2021.0
wieters,matt,446308,wietm001,wietema01,4298,2009.0,2020.0
martínez,víctor,400121,martv001,martivi01,393,2002.0,2018.0
wright,wesley,449079,wrigw001,wrighwe01,5960,2008.0,2015.0
harang,aaron,421685,haraa001,haranaa01,1451,2002.0,2015.0
aviles,mike,449107,avilm001,avilemi01,5986,2008.0,2017.0
santos,sergio,435045,sants001,santose01,4734,2010.0,2015.0
hernández,félix,433587,hernf002,hernafe02,4772,2005.0,2019.0
mercer,jordy,474568,mercj002,mercejo03,6547,2012.0,2021.0
gomes,brandon,460156,gomeb001,gomesbr01,2267,2011.0,2015.0
dominguez,chris,458689,domic001,dominch01,9718,2014.0,2015.0
luebke,cory,458537,luebc001,luebkco01,1984,2010.0,2016.0
liz,radhames,467785,liz-r001,lizra01,5843,2007.0,2015.0
bogusevic,brian,460131,bogub001,bogusbr01,4719,2010.0,2015.0
albers,andrew,452027,albea001,alberan01,7853,2013.0,2021.0
van slyke,scott,475100,vanss001,vanslsc01,4365,2012.0,2017.0
wilson,c. j.,450351,wilsc004,wilsocj01,3580,2005.0,2015.0
cozart,zack,446359,cozaz001,cozarza01,2616,2011.0,2019.0
bonifácio,emilio,466988,bonie001,bonifem01,4054,2007.0,2020.0
montero,miguel,471083,montm001,montemi01,3364,2006.0,2018.0
gordon,alex,460086,gorda001,gordoal01,5209,2007.0,2020.0
breslow,craig,444520,bresc001,breslcr01,4363,2005.0,2017.0
aardsma,david,430911,aardd001,aardsda01,1902,2004.0,2015.0
guerra,junior,448855,guerj003,guerrju02,5702,2015.0,2021.0
robinson,shane,453203,robis001,robinsh01,4249,2009.0,2018.0
lackey,john,407793,lackj001,lackejo01,1507,2002.0,2017.0
gimenez,chris,460269,gimec001,gimench01,7324,2009.0,2018.0
deduno,sam,465679,dedus001,dedunsa01,5285,2010.0,2015.0
uggla,dan,462564,uggld001,ugglada01,3442,2006.0,2015.0
barmes,clint,425549,barmc001,barmecl01,1830,2003.0,2015.0
pence,hunter,452254,pench001,pencehu01,8252,2007.0,2020.0
scherzer,max,453286,schem001,scherma01,3137,2008.0,2026.0
corporán,carlos,449786,corpc001,corpoca01,5587,2009.0,2015.0
wainwright,adam,425794,waina001,wainwad01,2233,2005.0,2023.0
jiménez,ubaldo,434622,jimeu001,jimenub01,3374,2006.0,2017.0
upton,b. j.,425834,uptob001,uptonbj01,5015,2004.0,2016.0
mcgehee,casey,431171,mcgec001,mcgehca01,6086,2008.0,2016.0
santana,carlos,467793,santc002,santaca01,2396,2010.0,2026.0
kirkman,michael,457779,kirkm001,kirkmmi01,9877,2010.0,2016.0
o'sullivan,sean,457711,osuls001,osullse01,9137,2009.0,2016.0
bernier,doug,448674,bernd001,bernido01,4518,2008.0,2015.0
rodney,fernando,407845,rodnf001,rodnefe01,494,2002.0,2019.0
lindblom,josh,458676,lindj004,lindbjo01,7882,2011.0,2021.0
benoit,joaquín,276542,benoj001,benoijo01,1437,2001.0,2017.0
jones,adam,430945,jonea003,jonesad01,6368,2006.0,2019.0
dyson,sam,473879,dysos001,dysonsa01,11710,2012.0,2019.0
lohse,kyle,346798,lohsk001,lohseky01,739,2001.0,2016.0
jackson,austin,457706,jacka001,jacksau01,9848,2010.0,2018.0
thayer,dale,445612,thayd001,thayeda01,5032,2009.0,2015.0
cedeño,xavier,458584,cedex001,cedenxa01,36,2011.0,2019.0
molleken,dustin,451783,molld001,molledu01,6200,2016.0,2016.0
qualls,chad,430589,qualc001,quallch01,2170,2004.0,2017.0
peña,brayan,430910,penab002,penabr01,3231,2005.0,2016.0
cabrera,melky,466320,cabrm002,cabreme01,4022,2005.0,2019.0
pedroia,dustin,456030,pedrd001,pedrodu01,8370,2006.0,2019.0
russell,james,460701,russj003,russeja02,4089,2010.0,2016.0
street,huston,434718,streh001,streehu01,8258,2005.0,2017.0
weeks,rickie,430001,weekr001,weeksri01,1849,2003.0,2017.0
carroll,scott,453222,carrs001,carrosc02,888,2014.0,2016.0
morse,mike,434604,morsm001,morsemi01,3035,2005.0,2017.0
johnson,jim,462382,johnj010,johnsji04,3656,2006.0,2018.0
reimold,nolan,460099,reimn001,reimono01,3441,2009.0,2016.0
grilli,jason,276351,grilj001,grillja01,521,2000.0,2017.0
espinosa,danny,457787,espid001,espinda01,9219,2010.0,2017.0
posey,buster,457763,poseb001,poseybu01,9166,2009.0,2021.0
walker,neil,435522,walkn001,walkene01,7539,2009.0,2020.0
lind,adam,452252,linda001,lindad01,8027,2006.0,2017.0
headley,chase,452104,headc001,headlch01,4720,2007.0,2018.0
orlando,paulo,449181,orlap001,orlanpa01,8628,2015.0,2018.0
betancourt,rafael,429783,betar001,betanra01,177,2003.0,2015.0
ellis,a. j.,454560,ellia001,ellisaj01,5677,2008.0,2018.0
gómez,héctor,467143,gomeh001,gomezhe01,2264,2011.0,2015.0
rodríguez,wandy,434643,rodrw002,rodriwa01,2586,2005.0,2015.0
bard,daniel,453268,bardd001,bardda01,7115,2009.0,2023.0
pearce,steve,456665,pears001,pearcst01,9957,2007.0,2019.0
duke,zach,435043,dukez001,dukeza01,3840,2005.0,2019.0
fuld,sam,453539,fulds001,fuldsa01,8254,2007.0,2015.0
hunter,torii,116338,huntt001,hunteto01,731,1997.0,2015.0
gonzalez,gio,461829,gonzg003,gonzagi01,7448,2008.0,2020.0
venable,will,461416,venaw001,venabwi01,211,2008.0,2016.0
lincecum,tim,453311,linct001,linceti01,5705,2007.0,2016.0
nathan,joe,150274,nathj001,nathajo01,1122,1999.0,2016.0
floyd,gavin,425856,floyg001,floydga01,3886,2004.0,2016.0
mcgowan,dustin,430661,mcgod001,mcgowdu01,8600,2005.0,2017.0
león,arcenio,455376,leona002,leonar02,8846,2017.0,2017.0
martin,russell,431145,martr004,martiru01,4616,2006.0,2019.0
kemp,matt,461314,kempm001,kempma01,5631,2006.0,2020.0
morneau,justin,408047,mornj001,morneju01,1737,2003.0,2016.0
simón,alfredo,430580,simoa001,simonal01,2155,2008.0,2016.0
wright,david,431151,wrigd002,wrighda03,3787,2004.0,2018.0
span,denard,452655,spand001,spande01,8347,2008.0,2018.0
noesí,héctor,456051,noesh001,noesihe01,3292,2011.0,2019.0
ruiz,carlos,434563,ruizc001,ruizca01,2579,2006.0,2017.0
jackson,edwin,429719,jacke001,jacksed01,1841,2003.0,2019.0
snyder,brandon,474319,snydb003,snydebr03,9856,2010.0,2018.0
plouffe,trevor,461858,plout001,plouftr01,7462,2010.0,2018.0
mcbride,matt,473724,mcbrm002,mcbrima02,9373,2012.0,2016.0
janssen,casey,445163,jansc001,janssca01,7355,2006.0,2015.0
gutiérrez,franklin,429711,gutif001,gutiefr01,3255,2005.0,2017.0
marquis,jason,150302,marqj001,marquja01,105,2000.0,2015.0
hart,corey,430611,hartc001,hartco01,1945,2004.0,2015.0
parra,manny,448159,parrm001,parrama01,4279,2007.0,2015.0
rollins,jimmy,276519,rollj001,rolliji01,971,2000.0,2016.0
loewen,adam,429400,loewa001,loewead01,2134,2006.0,2016.0
burnett,sean,430634,burns001,burnese01,1886,2004.0,2016.0
doubront,félix,467094,doubf001,doubrfe01,1478,2010.0,2015.0
surkamp,eric,474668,surke001,surkaer01,2540,2011.0,2016.0
baker,jeff,425557,bakej001,bakerje03,2073,2005.0,2015.0
de la rosa,jorge,407822,delaj001,rosajo01,2047,2004.0,2018.0
strop,pedro,467008,strop001,stroppe01,4070,2009.0,2021.0
schafer,jordan,457788,schaj002,schafjo02,9883,2009.0,2015.0
wright,steven,453214,wrigs001,wrighst01,8185,2013.0,2019.0
bruce,jay,457803,brucj001,bruceja01,9892,2008.0,2021.0
braun,ryan,460075,braur002,braunry02,3410,2007.0,2020.0
molina,yadier,425877,moliy001,molinya01,7007,2004.0,2022.0
davis,rajai,434658,davir003,davisra01,3708,2006.0,2019.0
mattheus,ryan,458919,mattr001,matthry01,7169,2011.0,2015.0
werth,jayson,150029,wertj001,werthja01,1327,2002.0,2017.0
francis,jeff,433585,franj003,francje01,4684,2004.0,2015.0
francoeur,jeff,425796,franj004,francje02,4792,2005.0,2016.0
florimón,pedro,465753,florp001,floripe01,8385,2011.0,2018.0
boesch,brennan,453269,boesb001,boescbr01,914,2010.0,2015.0
rosario,alberto,451705,rosaa002,rosaral01,7125,2016.0,2017.0
perkins,glen,450282,perkg001,perkigl01,8041,2006.0,2017.0
soria,joakim,465657,sorij001,soriajo01,6941,2007.0,2021.0
hill,rich,448179,hillr001,hillri01,4806,2005.0,2025.0
stauffer,tim,431162,staut001,staufti01,6432,2005.0,2015.0
smith,chris,434672,smitc002,smithch08,4544,2008.0,2017.0
ryan,brendan,453895,ryanb002,ryanbr01,6073,2007.0,2016.0
callaspo,alberto,430948,calla001,callaal01,3336,2006.0,2015.0
barney,darwin,446381,barnd001,barneda01,2430,2010.0,2017.0
carlyle,buddy,234194,carlb001,carlybu01,2010,1999.0,2015.0
field,thomas,474494,fielt001,fieldth01,6262,2011.0,2015.0
arrieta,jake,453562,arrij001,arrieja01,4153,2010.0,2021.0
chacín,jhoulys,468504,chacj001,chacijh01,2608,2009.0,2022.0
sizemore,grady,429713,sizeg001,sizemgr01,2197,2004.0,2015.0
wilson,bobby,435064,wilsb002,wilsobo02,6564,2008.0,2019.0
laffey,aaron,444836,laffa001,laffeaa01,6248,2007.0,2015.0
mccarthy,brandon,435221,mccab001,mccarbr01,4662,2005.0,2018.0
aybar,erick,430947,aybae001,aybarer01,4082,2006.0,2017.0
rasmus,colby,458675,rasmc001,rasmuco01,9893,2009.0,2018.0
cabrera,asdrúbal,452678,cabra002,cabreas01,4962,2007.0,2021.0
brown,brooks,453156,browb005,brownbr02,5679,2014.0,2015.0
gorzelanny,tom,452733,gorzt001,gorzeto01,6244,2005.0,2016.0
bush,matt,456713,bushm001,bushma01,1246,2016.0,2023.0
howard,ryan,429667,howar001,howarry01,2154,2004.0,2016.0
anderson,brett,474463,andeb004,anderbr04,8223,2009.0,2021.0
stubbs,drew,453211,stubd001,stubbdr01,9328,2009.0,2017.0
thompson,aaron,457744,thoma003,thompaa01,999,2011.0,2015.0
coghlan,chris,458085,coghc001,coghlch01,6878,2009.0,2017.0
ohlendorf,ross,456027,ohler001,ohlenro01,8268,2007.0,2016.0
jaime,juan,462089,jaimj001,jaimeju01,6127,2014.0,2015.0
votto,joey,458015,vottj001,vottojo01,4314,2007.0,2023.0
jaso,john,444379,jasoj001,jasojo01,5887,2008.0,2017.0
dorn,danny,457760,dornd001,dornda01,1050,2015.0,2015.0
redmond,todd,445170,redmt002,redmoto01,9943,2012.0,2015.0
chen,bruce,136600,chenb001,chenbr01,769,1998.0,2015.0
byrd,marlon,407781,byrdm001,byrdma01,950,2002.0,2016.0
broadway,mike,458678,broam001,broadmi01,9894,2015.0,2016.0
jiménez,césar,462945,jimec002,jimence01,3762,2006.0,2015.0
logan,boone,457429,logab001,loganbo02,5525,2006.0,2018.0
ross,david,424325,rossd001,rossda01,1551,2002.0,2016.0
ríos,alex,425567,riosa002,riosal01,2090,2004.0,2015.0
morales,franklin,462985,moraf001,moralfr01,5088,2007.0,2016.0
edwards,jon,457754,edwaj001,edwarjo02,1483,2014.0,2019.0
janish,paul,457926,janip001,janispa01,7412,2008.0,2017.0
matusz,brian,451085,matub001,matusbr01,2646,2009.0,2016.0
fielder,prince,425902,fielp001,fieldpr01,4613,2005.0,2016.0
howell,j. p.,434442,howej003,howeljp01,8245,2005.0,2017.0
gomes,jonny,430404,gomej001,gomesjo01,1845,2003.0,2015.0
ruggiano,justin,448605,ruggj001,ruggiju01,7620,2007.0,2017.0
morris,bryan,457768,morrb002,morribr01,10234,2012.0,2017.0
blevins,jerry,460283,blevj001,blevije01,7841,2007.0,2019.0
blanco,grégor,453923,blang001,blancgr01,3123,2008.0,2018.0
balfour,grant,346797,balfg001,balfogr01,718,2001.0,2015.0
belt,brandon,474832,beltb001,beltbr01,10264,2011.0,2023.0
lópez,javier,425657,lopej002,lopezja02,1663,2003.0,2016.0
canó,robinson,429664,canor001,canoro01,3269,2005.0,2022.0
cain,matt,430912,cainm001,cainma01,4732,2005.0,2017.0
bastardo,antonio,455374,basta001,bastaan01,8844,2009.0,2017.0
garcía,luis,472610,garcl005,garcilu03,6984,2013.0,2026.0
tomlin,josh,458708,tomlj001,tomlijo01,9388,2010.0,2021.0
rivera,rené,425784,river003,riverre01,3648,2004.0,2021.0
frasor,jason,430630,frasj002,frasoja01,1906,2004.0,2015.0
frazier,todd,453943,frazt001,frazito01,785,2011.0,2021.0
arroyo,bronson,276520,arrob001,arroybr01,978,2000.0,2017.0
kendrick,kyle,452718,kendk001,kendrky01,6230,2007.0,2017.0
mathis,jeff,425772,mathj001,mathije01,3448,2005.0,2021.0
parnell,bobby,458730,parnb001,parnebo01,9926,2008.0,2016.0
vargas,jason,450306,vargj001,vargaja01,8044,2005.0,2019.0
peralta,jhonny,425509,peraj001,peraljh01,1738,2003.0,2017.0
de aza,alejandro,457477,deaza001,deazaal01,3371,2007.0,2017.0
lobatón,josé,446653,lobaj001,lobatjo01,4243,2009.0,2021.0
jennings,desmond,457775,jennd002,jennide01,1965,2010.0,2016.0
wang,chien-ming,425426,wangc001,wangch01,2074,2005.0,2016.0
murphy,david,461815,murpd005,murphda07,6035,2006.0,2015.0
varvaro,anthony,460008,varva001,varvaan01,2385,2010.0,2015.0
raburn,ryan,430605,rabur001,raburry01,2218,2004.0,2017.0
maldonado,martín,455117,maldm001,maldoma01,6887,2011.0,2025.0
butera,drew,460077,buted001,buterdr01,3411,2010.0,2021.0
coke,phil,457435,cokep001,cokeph01,5535,2008.0,2016.0
kluber,corey,446372,klubc001,klubeco01,2429,2011.0,2023.0
duda,lucas,446263,dudal001,dudalu01,2502,2010.0,2019.0
cabrera,miguel,408234,cabrm001,cabremi01,1744,2003.0,2023.0
hammel,jason,434628,hammj002,hammeja01,4538,2006.0,2018.0
tuiasosopo,matt,449168,tuiam001,tuiasma01,8272,2008.0,2016.0
mateo,marcos,456496,matem001,mateoma01,6869,2010.0,2015.0
hudson,tim,218596,hudst001,hudsoti01,921,1999.0,2015.0
iannetta,chris,455104,iannc001,iannech01,8267,2006.0,2019.0
bourn,michael,456422,bourm001,bournmi01,6387,2006.0,2016.0
smith,seth,452234,smits002,smithse01,7331,2007.0,2017.0
clippard,tyler,461325,clipt001,clippty01,5640,2007.0,2022.0
gallardo,yovani,451596,gally001,gallayo01,8173,2007.0,2018.0
brignac,reid,458582,brigr001,brignre01,8380,2008.0,2016.0
rodriguez,alex,121347,rodra001,rodrial01,1274,1994.0,2016.0
garcía,jaime,448802,garcj004,garcija02,8137,2008.0,2018.0
villanueva,carlos,453646,villc001,villaca01,4138,2006.0,2016.0
cotts,neal,425840,cottn001,cottsne01,1797,2003.0,2015.0
peralta,joel,407908,peraj002,peraljo01,2332,2005.0,2016.0
maybin,cameron,457727,maybc001,maybica01,5223,2007.0,2021.0
hamilton,josh,285078,hamij003,hamiljo03,1875,2007.0,2015.0
blanks,kyle,452035,blank002,blankky01,49,2009.0,2015.0
young,chris,432934,younc003,youngch03,3196,2004.0,2017.0
kensing,logan,434137,kensl001,kensilo01,6166,2004.0,2016.0
castillo,welington,456078,castw002,castiwe01,3256,2010.0,2019.0
trumbo,mark,444432,trumm001,trumbma01,6876,2010.0,2019.0
kennedy,ian,453178,kenni001,kenneia01,6986,2007.0,2023.0
parker,blake,453284,parkb001,parkebl01,5224,2012.0,2021.0
andrus,elvis,462101,andre001,andruel01,8709,2009.0,2023.0
pennington,cliff,460060,pennc001,pennicl01,3395,2008.0,2018.0
bloomquist,willie,217100,bloow001,bloomwi01,1066,2002.0,2015.0
jansen,kenley,445276,jansk001,janseke01,3096,2010.0,2026.0
bautista,josé,430832,bautj002,bautijo02,1887,2004.0,2018.0
prado,martín,445988,pradm001,pradoma01,3312,2006.0,2019.0
reynolds,mark,448602,reynm001,reynoma01,7619,2007.0,2019.0
bailey,homer,456701,bailh001,baileho02,8362,2007.0,2020.0
davis,wade,451584,daviw001,daviswa01,7441,2009.0,2021.0
cecil,brett,446399,cecib001,cecilbr01,2660,2009.0,2018.0
desmond,ian,435622,desmi001,desmoia01,6885,2009.0,2019.0
flande,yohan,456071,flany001,flandyo01,5057,2014.0,2016.0
albers,matt,458006,albem001,alberma01,4300,2006.0,2019.0
sánchez,aníbal,434671,sanca004,sanchan01,3284,2006.0,2022.0
peralta,david,444482,perad001,peralda01,2136,2014.0,2024.0
rodríguez,francisco,408061,rodrf003,rodrifr03,1642,2002.0,2017.0
petit,gregorio,463610,petig001,petitgr01,3812,2008.0,2018.0
solano,donovan,456781,solad001,solando01,8623,2012.0,2025.0
mujica,edward,465629,mujie001,mujiced01,3970,2006.0,2017.0
núñez,eduardo,456488,nunee002,nunezed02,6848,2010.0,2020.0
nolasco,ricky,445060,nolar001,nolasri01,3830,2006.0,2017.0
denorfia,chris,456121,denoc001,denorch01,4400,2005.0,2015.0
gonzález,adrián,408236,gonza003,gonzaad01,1908,2004.0,2018.0
escobar,alcides,444876,escoa003,escobal02,6310,2008.0,2022.0
fister,doug,450729,fistd001,fistedo01,9425,2009.0,2018.0
flowers,tyler,452095,flowt001,flowety01,9134,2009.0,2020.0
roe,chaz,475054,roe-c001,roech01,9866,2013.0,2021.0
boyer,blaine,430641,boyeb001,boyerbl01,2237,2005.0,2018.0
lewis,colby,407890,lewic001,lewisco01,1259,2002.0,2016.0
martin,chris,455119,martc007,martich02,11847,2014.0,2026.0
venters,jonny,458924,ventj001,ventejo01,7175,2010.0,2019.0
manship,jeff,453249,mansj001,manshje01,6865,2009.0,2016.0
pagán,ángel,434636,pagaa001,paganan01,2918,2006.0,2016.0
teixeira,mark,407893,teixm001,teixema01,1281,2003.0,2016.0
cain,lorenzo,456715,cainl001,cainlo01,9077,2010.0,2022.0
infante,omar,408299,infao001,infanom01,1609,2002.0,2016.0
adduci,jim,451192,adduj002,adducji02,6448,2013.0,2019.0
parra,gerardo,467827,parrg001,parrage01,8553,2009.0,2021.0
wilson,justin,458677,wilsj004,wilsoju10,4301,2012.0,2025.0
petit,yusmeiro,433589,petiy001,petityu01,4020,2006.0,2021.0
hughes,jared,453172,hughj001,hugheja02,9325,2011.0,2020.0
johnson,reed,407862,johnr008,johnsre02,1702,2003.0,2015.0
markakis,nick,455976,markn001,markani01,5930,2006.0,2020.0
liriano,francisco,434538,lirif001,liriafr01,3201,2005.0,2019.0
carter,chris,474892,cartc002,cartech02,9911,2010.0,2017.0
detwiler,ross,446321,detwr001,detwiro01,2859,2007.0,2022.0
guthrie,jeremy,425386,guthj001,guthrje01,2072,2004.0,2017.0
socolovich,miguel,462515,socom001,socolmi01,6697,2012.0,2018.0
dunn,mike,445197,dunnm002,dunnmi01,9948,2009.0,2019.0
huff,david,453307,huffd001,huffda01,4257,2009.0,2016.0
machi,jean,466948,machj002,machije01,3220,2012.0,2017.0
maxwell,justin,452239,maxwj002,maxweju01,6827,2007.0,2015.0
papelbon,jonathan,449097,papej001,papeljo01,5975,2005.0,2016.0
pujols,albert,405395,pujoa001,pujolal01,1177,2001.0,2022.0
o'flaherty,eric,447714,oflae001,oflaher01,5746,2006.0,2017.0
victorino,shane,425664,victs001,victosh01,1677,2003.0,2015.0
schumaker,skip,435401,schus001,schumsk01,3704,2005.0,2015.0
morton,charlie,450203,mortc002,mortoch02,4676,2008.0,2025.0
shields,james,448306,shiej002,shielja02,7059,2006.0,2018.0
lowe,mark,450275,lowem002,lowema01,7416,2006.0,2016.0
granderson,curtis,434158,granc001,grandcu01,4747,2004.0,2019.0
affeldt,jeremy,346793,affej001,affelje01,583,2002.0,2015.0
greinke,zack,425844,greiz001,greinza01,1943,2004.0,2023.0
frieri,ernesto,457117,friee001,frierer01,5178,2009.0,2017.0
easley,ed,446225,easle001,easleed01,2487,2015.0,2015.0
conger,hank,474233,congh001,congeha01,2505,2010.0,2016.0
watson,tony,453265,watst001,watsoto01,3132,2011.0,2021.0
hochevar,luke,460024,hochl001,hochelu01,6943,2007.0,2016.0
ondrusek,logan,446185,ondrl001,ondrulo01,3677,2010.0,2016.0
eveland,dana,445968,eveld001,evelada01,5508,2005.0,2016.0
encarnación,edwin,429665,encae001,encared01,2151,2005.0,2020.0
gonzález,miguel,456068,gonzm003,gonzami03,7024,2012.0,2018.0
axford,john,446099,axfoj001,axforjo01,9059,2009.0,2021.0
drew,stephen,452220,drews001,drewst01,4251,2006.0,2017.0
peavy,jake,408241,peavj001,peavyja01,1051,2002.0,2016.0
navarro,dioner,425900,navad001,navardi01,3179,2004.0,2016.0
miller,andrew,453192,milla002,millean01,6785,2006.0,2021.0
harrison,matt,457448,harrm001,harrima01,5551,2008.0,2015.0
torres,alex,456776,torra002,torreal01,7038,2011.0,2015.0
haren,dan,429717,hared001,harenda01,1757,2003.0,2015.0
kazmir,scott,431148,kazms001,kazmisc01,4897,2004.0,2021.0
suzuki,ichiro,400085,suzui001,suzukic01,1101,2001.0,2019.0
cordier,erik,449170,corde001,cordier01,4086,2014.0,2015.0
mcgee,jake,459429,mcgej001,mcgeeja01,7550,2010.0,2022.0
reyes,josé,408314,reyej001,reyesjo01,1736,2003.0,2018.0
chirinos,robinson,455139,chirr001,chiriro01,3142,2011.0,2022.0
herrera,jonathan,468406,herrj002,herrejo03,4182,2008.0,2015.0
burnett,a. j.,150359,burna001,burnea.01,512,1999.0,2015.0
lynn,lance,458681,lynnl001,lynnla01,2520,2011.0,2024.0
johnson,dan,430681,johnd004,johnsda06,2167,2005.0,2015.0
motte,jason,435400,mottj001,motteja01,5861,2008.0,2017.0
cervelli,francisco,465041,cervf001,cervefr01,5275,2008.0,2020.0
stewart,chris,455755,stewc001,stewach01,3878,2006.0,2018.0
laird,gerald,408042,lairg001,lairdge01,1698,2003.0,2015.0
piña,manny,444489,pinam001,pinama01,2829,2011.0,2023.0
gardner,brett,458731,gardb001,gardnbr01,9927,2008.0,2021.0
mccutchen,andrew,457705,mccua001,mccutan01,9847,2009.0,2026.0
morales,kendrys,434778,morak001,moralke01,8610,2006.0,2019.0
laroche,adam,425560,laroa001,larocad01,1904,2004.0,2015.0
narveson,chris,429780,narvc001,narvech01,2141,2006.0,2016.0
guerra,javy,457915,guerj002,guerrja01,7407,2011.0,2021.0
medlen,kris,450665,medlk001,medlekr01,9417,2009.0,2018.0
young,chris,455759,younc004,youngch04,3882,2006.0,2018.0
davis,chris,448801,davic003,davisch02,9272,2008.0,2020.0
estrada,marco,462136,estrm001,estrama01,1118,2008.0,2019.0
weeks,jemile,457789,weekj001,weeksje01,2498,2011.0,2016.0
hundley,nick,460026,hundn001,hundlni01,3376,2008.0,2019.0
swarzak,anthony,461872,swara001,swarzan01,7466,2009.0,2021.0
ogando,alexi,468396,ogana001,ogandal01,10261,2010.0,2018.0
dickey,r. a.,285079,dickr001,dicker.01,1245,2001.0,2017.0
beltrán,carlos,136860,beltc001,beltrca01,589,1998.0,2017.0
griffin,a. j.,456167,grifa002,griffaj01,11132,2012.0,2017.0
butler,billy,456714,butlb003,butlebi03,7399,2007.0,2016.0
bailey,andrew,457732,baila001,bailean01,1368,2009.0,2017.0
kratz,erik,456124,krate001,kratzer01,4403,2010.0,2020.0
turner,justin,457759,turnj001,turneju01,5235,2009.0,2025.0
volstad,chris,458690,volsc001,volstch01,9901,2008.0,2018.0
melancon,mark,453343,melam001,melanma01,4264,2009.0,2022.0
gómez,carlos,460576,gomec002,gomezca01,4881,2007.0,2019.0
romak,jamie,457449,romaj003,romakja01,5552,2014.0,2015.0
rogers,esmil,469134,rogee002,rogeres01,6317,2009.0,2015.0
utley,chase,400284,utlec001,utleych01,1679,2003.0,2018.0
peña,ramiro,455369,penar002,penara02,8841,2009.0,2016.0
uribe,juan,346874,uribj002,uribeju01,454,2001.0,2016.0
holliday,matt,407812,hollm001,hollima01,1873,2004.0,2018.0
cruz,nelson,443558,cruzn002,cruzne02,2434,2005.0,2023.0
choate,randy,329092,choar001,choatra01,813,2000.0,2015.0
vólquez,edinson,450172,volqe001,volqued01,3990,2005.0,2020.0
richard,clayton,453385,richc002,richacl01,3551,2008.0,2019.0
hawkins,latroy,115629,hawkl001,hawkila01,729,1995.0,2015.0
petricka,jake,502593,petrj001,petrija01,10534,2013.0,2021.0
kiekhefer,dean,518883,kiekd001,kiekhde01,10529,2016.0,2018.0
miller,justin,502522,millj006,milleju02,8580,2014.0,2021.0
zimmermann,jordan,519455,zimmj003,zimmejo02,4505,2009.0,2021.0
otero,dan,519096,oterd001,oteroda01,7385,2012.0,2019.0
ynoa,rafael,501255,ynoar001,ynoara01,2832,2014.0,2016.0
nava,daniel,537953,navad002,navada01,5450,2010.0,2017.0
cowgill,collin,518577,cowgc001,cowgico01,7250,2011.0,2016.0
barnes,brandon,488681,barnb002,barnebr02,629,2012.0,2018.0
lowrie,jed,476704,lowrj001,lowrije01,4418,2008.0,2022.0
green,grant,502205,greeg002,greengr01,10053,2013.0,2017.0
may,trevor,543507,may-t001,maytr01,6398,2014.0,2023.0
davis,khris,501981,davik003,daviskh01,9112,2013.0,2021.0
mesoraco,devin,519023,mesod001,mesorde01,5666,2011.0,2018.0
puello,césar,527049,puelc001,puellce01,7216,2017.0,2020.0
romo,sergio,489265,romos001,romose01,9817,2008.0,2022.0
ross,tyson,475115,rosst001,rossty01,7872,2010.0,2019.0
lemahieu,dj,518934,lemad001,lemahdj01,9874,2011.0,2025.0
morrison,logan,489149,morrl001,morrilo01,9205,2010.0,2020.0
duensing,brian,488846,duenb001,duensbr01,4064,2009.0,2018.0
lucroy,jonathan,518960,lucrj001,lucrojo01,7870,2010.0,2021.0
kelley,shawn,518875,kells001,kellesh01,7773,2009.0,2019.0
gomes,yan,543228,gomey001,gomesya01,9627,2012.0,2024.0
gómez,jeanmar,491646,gomej002,gomezje01,9033,2010.0,2019.0
peña,francisco,506747,penaf001,penafr01,8298,2014.0,2018.0
aguilar,jesús,542583,aguij001,aguilje01,11342,2014.0,2023.0
blair,carson,542942,blaic001,blairca01,5429,2015.0,2015.0
medina,yoervis,500721,mediy001,medinyo01,10498,2013.0,2015.0
jackson,jay,543351,jackj001,jacksja01,7432,2015.0,2024.0
kershaw,clayton,477132,kersc001,kershcl01,2036,2008.0,2025.0
maurer,brandon,543506,maurb001,maurebr01,4878,2013.0,2018.0
pérez,hernán,541650,pereh001,perezhe01,5751,2012.0,2021.0
beeler,dallas,542923,beeld001,beeleda01,11471,2014.0,2015.0
de la cruz,joel,503444,delaj003,delacjo01,12825,2016.0,2016.0
de la rosa,rubby,523989,delar003,delarru01,3862,2011.0,2017.0
chatwood,tyler,543022,chatt001,chatwty01,4338,2011.0,2021.0
withrow,chris,519437,withc001,withrch01,7161,2013.0,2016.0
castro,ángel,502162,casta004,castran01,3243,2015.0,2015.0
worth,danny,519445,wortd001,worthda01,198,2010.0,2016.0
blash,jabari,518466,blasj001,blashja01,11247,2016.0,2018.0
rizzo,anthony,519203,rizza001,rizzoan01,3473,2011.0,2024.0
rosales,adam,489267,rosaa001,rosalad01,9682,2008.0,2018.0
gurka,jason,543261,gurkj001,gurkaja01,8007,2015.0,2017.0
jungmann,taylor,543380,jungt001,jungmta01,13119,2015.0,2017.0
reynolds,matt,519186,reynm002,reynoma02,8887,2010.0,2016.0
gamboa,eddie,543195,gambe001,gamboed01,6911,2016.0,2016.0
hand,brad,543272,handb001,handbr01,9111,2011.0,2023.0
nicasio,juan,504379,nicaj001,nicasju01,7731,2011.0,2020.0
bolsinger,mike,502211,bolsm001,bolsimi01,11137,2014.0,2017.0
marte,starling,516782,marts002,martest01,9241,2012.0,2026.0
martínez,josé,500874,martj008,martijo08,7996,2016.0,2020.0
meyer,alex,543542,meyea001,meyeral01,12833,2015.0,2017.0
rondón,bruce,541652,rondb001,rondobr01,5766,2013.0,2018.0
álvarez,henderson,506693,alvah001,alvarhe01,5669,2011.0,2017.0
leon,arnold,504186,leona001,leonar01,5595,2015.0,2016.0
murphy,daniel,502517,murpd006,murphda08,4316,2008.0,2020.0
vizcaíno,arodys,527055,vizca001,vizcaar01,5498,2011.0,2022.0
ozuna,marcell,542303,ozunm001,ozunama01,10324,2013.0,2026.0
marrero,chris,502029,marrc001,marrech01,2852,2011.0,2017.0
ottavino,adam,493603,ottaa001,ottavad01,1247,2010.0,2025.0
solano,jhonatan,500207,solaj002,solanjh01,7515,2012.0,2015.0
strickland,hunter,519326,strih001,strichu01,7836,2014.0,2025.0
guilmet,preston,543258,guilp001,guilmpr01,7303,2013.0,2021.0
graterol,juan,492802,gratj001,grateju01,5398,2016.0,2019.0
amarista,alexi,506560,amara001,amarial01,9063,2011.0,2017.0
miller,brad,543543,millb002,millebr02,12775,2013.0,2023.0
gosewisch,tuffy,488912,goset001,gosewtu01,5277,2013.0,2017.0
higashioka,kyle,543309,higak001,higasky01,5517,2017.0,2026.0
tillman,chris,501957,tillc001,tillmch01,5279,2009.0,2018.0
desclafani,anthony,543101,desca001,desclan01,13050,2014.0,2025.0
quackenbush,kevin,534812,quack001,quackke01,12360,2014.0,2021.0
álvarez,pedro,476883,alvap001,alvarpe01,2495,2010.0,2018.0
hernández,gorkys,491676,herng001,hernago01,4146,2012.0,2019.0
lee,dae-ho,493193,lee-d004,leeda02,18722,2016.0,2016.0
jiménez,a. j.,543362,jimea001,jimenaj01,7077,2017.0,2017.0
moncrief,carlos,519037,moncc001,moncrca01,7511,2017.0,2017.0
caminero,arquimedes,491708,camia001,caminar01,8992,2013.0,2016.0
cosart,jarred,543054,cosaj001,cosarja01,10304,2013.0,2017.0
hayes,drew,502457,hayed001,hayesdr01,10528,2016.0,2016.0
chisenhall,lonnie,502082,chisl001,chiselo01,7571,2011.0,2018.0
sucre,jesús,491696,sucrj001,sucreje01,5942,2013.0,2019.0
hatcher,chris,501822,hatcc002,hatchch02,3299,2010.0,2018.0
liriano,rymer,542642,lirir001,liriary01,4779,2014.0,2017.0
conley,adam,543045,conla001,conlead01,14457,2015.0,2021.0
porcello,rick,519144,porcr001,porceri01,2717,2009.0,2020.0
house,t. j.,543334,houst002,housetj01,9121,2014.0,2017.0
mcgough,scott,543518,mcgos001,mcgousc01,12056,2015.0,2025.0
moore,matt,519043,moorm003,moorema02,1890,2011.0,2024.0
robinson,clint,519208,robic001,robincl01,6908,2012.0,2016.0
miley,wade,489119,milew001,mileywa01,8779,2011.0,2025.0
colón,christian,518568,coloc002,colonch01,11145,2014.0,2020.0
venditte,pat,519381,vendp001,vendipa01,7108,2015.0,2020.0
revere,ben,519184,reveb001,reverbe01,4712,2010.0,2017.0
jordan,taylor,518863,jordt001,jordata01,10466,2013.0,2015.0
d'arnaud,travis,518595,darnt001,darnatr01,7739,2013.0,2026.0
romine,austin,519222,romia002,rominau01,5491,2011.0,2022.0
anderson,chase,502624,andec001,anderch01,6895,2014.0,2024.0
freeman,freddie,518692,freef001,freemfr01,5361,2010.0,2026.0
terdoslavich,joey,519345,terdj001,terdojo01,10593,2013.0,2015.0
schafer,logan,502582,schal001,schaflo01,7937,2011.0,2016.0
storen,drew,519322,stord001,storedr01,6983,2010.0,2017.0
carpenter,david,502304,carpd001,carpeda01,3959,2011.0,2019.0
sánchez,adrián,506703,sanca007,sanchad01,11338,2017.0,2021.0
boxberger,brad,502202,boxbb001,boxbebr01,10133,2012.0,2023.0
rosario,wilin,501647,rosaw001,rosarwi01,8002,2011.0,2015.0
galvis,freddy,520471,galvf001,galvifr01,6609,2012.0,2021.0
axelrod,dylan,518420,axeld001,axelrdy01,9303,2011.0,2015.0
lombardozzi,steve,543459,lombs002,lombast02,5422,2011.0,2017.0
armstrong,shawn,542888,armss001,armstsh01,12857,2015.0,2026.0
davis,taylor,543089,davit004,davista01,12782,2017.0,2021.0
burns,billy,542993,burnb002,burnsbi02,12701,2014.0,2017.0
beckham,tim,542921,beckt001,beckhti01,7949,2013.0,2022.0
rojas,miguel,500743,rojam002,rojasmi02,7802,2014.0,2026.0
colabello,chris,499624,colac001,colabch01,13051,2013.0,2016.0
smith,will,519293,smitw002,smithwi04,8048,2012.0,2024.0
gentry,craig,502226,gentc001,gentrcr01,9571,2009.0,2018.0
galloway,isaac,543194,galli001,gallois01,5238,2018.0,2019.0
garza,matt,490063,garzm001,garzama01,3340,2006.0,2017.0
tejada,rubén,514913,tejar001,tejadru01,5519,2010.0,2019.0
feliz,neftalí,491703,felin001,felizne01,18,2009.0,2021.0
melville,tim,543532,melvt001,melviti01,9149,2016.0,2019.0
drake,oliver,543118,drako001,drakeol01,8823,2015.0,2020.0
cashner,andrew,488768,casha001,cashnan01,8782,2010.0,2019.0
zagurski,mike,489448,zagum001,zagurmi01,9683,2007.0,2018.0
norris,bud,502032,norrb001,norribu01,9492,2009.0,2018.0
hunter,tommy,488984,huntt002,hunteto02,1157,2008.0,2023.0
gillespie,cole,502261,gillc002,gilleco01,5888,2010.0,2016.0
bourjos,peter,488721,bourp001,bourjpe01,2578,2010.0,2019.0
hardy,blaine,543278,hardb001,hardybl01,6499,2014.0,2021.0
hendriks,liam,521230,hendl001,hendrli01,3548,2011.0,2025.0
hicks,john,543308,hickj001,hicksjo02,12547,2015.0,2021.0
burriss,emmanuel,502034,burre001,burriem01,2917,2008.0,2016.0
cruz,fernando,518585,cruzf002,cruzfe01,7048,2022.0,2026.0
donaldson,josh,518626,donaj001,donaljo02,5038,2010.0,2023.0
cardullo,stephen,506924,cards001,cardust01,11204,2016.0,2017.0
phelps,david,475479,pheld001,phelpda01,6316,2012.0,2022.0
escobar,yunel,488862,escoy001,escobyu01,4191,2007.0,2017.0
quintana,jose,500779,quinj001,quintjo01,11423,2012.0,2026.0
jennings,dan,543359,jennd003,jennida01,8073,2012.0,2019.0
huffman,chad,502151,huffc001,huffmch01,5311,2010.0,2017.0
britton,zack,502154,britz001,brittza01,3240,2011.0,2022.0
minor,mike,501985,minom001,minormi01,10021,2010.0,2022.0
grandal,yasmani,518735,grany001,grandya01,11368,2012.0,2024.0
crawford,brandon,543063,crawb001,crawfbr01,5343,2011.0,2024.0
craig,allen,501800,craia001,craigal01,3433,2010.0,2015.0
duffy,danny,518633,duffd001,duffyda01,3542,2011.0,2021.0
cole,taylor,518566,colet001,coleta01,11964,2017.0,2019.0
decker,jaff,543094,deckj001,deckeja01,7945,2013.0,2017.0
negrón,kristopher,502117,negrk001,negrokr01,5306,2012.0,2019.0
hague,matt,518755,hagum001,haguema01,7772,2012.0,2015.0
o'day,darren,503285,odayd001,odayda01,3321,2008.0,2022.0
bibens-dirkx,austin,502212,bibea001,bibenau01,9559,2017.0,2018.0
arcia,francisco,516472,arcif001,arciafr01,10286,2018.0,2018.0
parrino,andy,519107,parra001,parrian01,3972,2011.0,2015.0
peralta,wily,503449,peraw001,peralwi01,7738,2012.0,2022.0
arcia,oswaldo,542455,arcio001,arciaos01,10306,2013.0,2016.0
magill,matt,543483,magim001,magilma01,3950,2013.0,2020.0
rzepczynski,marc,519240,rzepm001,rzepcma01,6612,2009.0,2018.0
guaipe,mayckol,515052,guaim001,guaipma01,11663,2015.0,2016.0
harris,mitch,518771,harrm002,harrimi03,4530,2015.0,2015.0
cabrera,ramón,541608,cabrr001,cabrera01,10327,2015.0,2016.0
fryer,eric,518700,fryee001,fryerer01,8145,2011.0,2017.0
garcía,avisaíl,541645,garca003,garciav01,5760,2012.0,2024.0
pomeranz,drew,519141,pomed001,pomerdr01,11426,2011.0,2026.0
freese,david,501896,freed001,freesda01,9549,2009.0,2019.0
pérez,carlos,542208,perec003,perezca02,10642,2015.0,2023.0
gose,anthony,543238,gosea001,gosean01,5097,2012.0,2024.0
kelly,joe,523260,kellj001,kellyjo05,9761,2012.0,2024.0
scribner,evan,519267,scrie001,scribev01,7525,2011.0,2017.0
hoover,j. j.,543331,hoovj002,hoovejj01,9037,2012.0,2018.0
moustakas,mike,519058,mousm001,moustmi01,4892,2011.0,2023.0
teherán,julio,527054,tehej001,teherju01,6797,2011.0,2024.0
nelson,jimmy,519076,nelsj004,nelsoji02,10547,2013.0,2021.0
brown,domonic,502126,browd004,browndo01,3154,2010.0,2015.0
schlitter,brian,489295,schlb001,schlibr01,3599,2010.0,2019.0
andriese,matt,542882,andrm001,andrima01,12022,2015.0,2024.0
álvarez,josé,501625,alvaj003,alvarjo02,5358,2013.0,2022.0
archer,chris,502042,archc001,archech01,6345,2012.0,2022.0
parmelee,chris,476633,parmc001,parmech01,2554,2011.0,2016.0
flynn,brian,543169,flynb001,flynnbr01,12027,2013.0,2019.0
jeffress,jeremy,502026,jeffj001,jeffrje01,9490,2010.0,2020.0
osuna,roberto,532077,osunr001,osunaro01,13764,2015.0,2020.0
hernández,césar,514917,hernc005,hernace02,10556,2013.0,2022.0
barnette,tony,501817,barnt002,barneto01,3555,2016.0,2019.0
bettis,chad,518452,bettc001,bettich01,10587,2013.0,2019.0
chapman,kevin,502087,chapk002,chapmke02,11240,2013.0,2016.0
gagnon,drew,543193,gagnd001,gagnodr01,12545,2018.0,2019.0
lagares,juan,501571,lagaj001,lagarju01,5384,2013.0,2022.0
dykstra,allan,488852,dyksa001,dykstal01,9113,2015.0,2015.0
hunter,cedric,501986,huntc001,huntece01,2833,2011.0,2016.0
aoki,nori,493114,aokin001,aokino01,13075,2012.0,2017.0
cishek,steve,518553,cishs001,cishest01,6483,2010.0,2022.0
beckham,gordon,493596,beckg001,beckhgo01,9015,2009.0,2019.0
anderson,tyler,542881,andet002,anderty01,12880,2016.0,2025.0
gaviglio,sam,543208,gavis001,gavigsa01,12778,2017.0,2020.0
infante,greg,500872,infag001,infangr01,9119,2010.0,2018.0
dickson,brandon,505447,dickb001,dicksbr01,6979,2011.0,2021.0
castro,simón,501563,casts002,castrsi01,9243,2013.0,2017.0
kelly,ryan,502462,kellr001,kellyry01,4858,2015.0,2015.0
mahtook,mikie,543484,mahtm001,mahtomi01,13130,2015.0,2019.0
ramírez,josé,542432,ramij004,ramirjo02,10171,2014.0,2018.0
castellanos,humberto,528748,casth002,castehu01,21183,2020.0,2024.0
samardzija,jeff,502188,samaj001,samarje01,3254,2008.0,2020.0
colomé,alex,517008,coloa001,colomal01,6661,2013.0,2023.0
darvish,yu,506433,darvy001,darviyu01,13074,2012.0,2025.0
walden,marcus,519393,waldm002,waldema01,8004,2018.0,2020.0
mcfarland,t. j.,519008,mcfat001,mcfartj01,3237,2013.0,2025.0
lyles,jordan,543475,lylej001,lylesjo01,7593,2011.0,2024.0
hatley,marcus,502281,hatlm001,hatlema01,4002,2015.0,2015.0
holland,greg,518813,hollg001,hollagr01,7196,2010.0,2022.0
cahill,trevor,502239,cahit001,cahiltr01,6249,2009.0,2021.0
heston,chris,518790,hestc001,hestoch01,10302,2014.0,2017.0
barrett,aaron,502578,barra001,barreaa01,11243,2014.0,2020.0
brach,brad,542960,bracb001,brachbr01,6627,2011.0,2021.0
grimm,justin,518748,grimj002,grimmju01,11720,2012.0,2022.0
herrera,kelvin,516969,herrk001,herreke01,6033,2011.0,2020.0
valdez,césar,491624,valdc003,valdece01,9013,2010.0,2022.0
navarro,efren,519068,navae001,navaref01,9854,2011.0,2018.0
gale,rocky,502570,galer002,galero01,10533,2015.0,2019.0
lobstein,kyle,543456,lobsk001,lobstky01,9178,2014.0,2021.0
vogt,stephen,519390,vogts001,vogtst01,5000,2012.0,2022.0
souza,steven,519306,souzs001,souzast01,5667,2014.0,2022.0
dietrich,derek,518618,dietd001,dietrde01,10542,2013.0,2020.0
goldschmidt,paul,502671,goldp001,goldspa01,9218,2011.0,2026.0
carpenter,ryan,543001,carpr001,carpery01,12699,2018.0,2019.0
avila,alex,488671,avila001,avilaal01,7476,2009.0,2021.0
smith,joe,501925,smitj002,smithjo05,3281,2007.0,2022.0
adleman,tim,534947,adlet001,adlemti01,10968,2016.0,2017.0
peña,ariel,516414,penaa003,penaar01,10240,2015.0,2016.0
dean,pat,534737,deanp001,deanpa02,11350,2016.0,2016.0
castro,starlin,516770,casts001,castrst01,4579,2010.0,2021.0
pham,tommy,502054,phamt001,phamth01,2967,2014.0,2026.0
heyward,jason,518792,heywj001,heywaja01,4940,2010.0,2025.0
espino,paolo,502179,espip001,espinpa01,8246,2017.0,2024.0
culberson,charlie,518586,culbc001,culbech01,3298,2012.0,2023.0
kozma,pete,518902,kozmp001,kozmape01,2539,2011.0,2021.0
gee,dillon,518716,gee-d001,geedi01,7396,2010.0,2017.0
moylan,peter,493247,moylp001,moylape01,4891,2006.0,2018.0
federowicz,tim,543148,fedet001,federti01,8609,2011.0,2019.0
wood,travis,475243,woodt004,woodtr01,9884,2010.0,2017.0
warren,adam,476589,warra001,warread01,9029,2012.0,2019.0
norris,derek,519083,norrd001,norride01,6867,2012.0,2017.0
cisnero,josé,542585,cisnj001,cisnejo01,6399,2013.0,2024.0
adcock,nathan,502264,adcon001,adcocna01,3282,2011.0,2015.0
lafromboise,bobby,489039,lafrb001,lafrobo01,7758,2013.0,2015.0
bass,anthony,542914,bassa001,bassan01,7982,2011.0,2023.0
santana,danny,542454,santd001,santada01,10322,2014.0,2021.0
layne,tommy,518927,laynt001,layneto01,7501,2012.0,2017.0
araújo,elvis,542587,araue001,araujel01,12854,2015.0,2016.0
smoak,justin,475253,smoaj001,smoakju01,9054,2010.0,2020.0
gonzález,marwin,503556,gonzm002,gonzama01,5497,2012.0,2022.0
ashley,nevin,502213,ashln001,ashlene01,3274,2015.0,2015.0
grossman,robbie,543257,grosr001,grossro01,5254,2013.0,2024.0
pirela,josé,517369,pirej001,pireljo01,5485,2014.0,2019.0
karns,nate,501992,karnn001,karnsna01,12638,2013.0,2019.0
mariñez,jhan,501697,marij001,marinjh01,5830,2010.0,2018.0
middlebrooks,will,519025,middw001,middlwi01,7002,2012.0,2017.0
carrera,ezequiel,485567,carre001,carreez01,9048,2011.0,2017.0
burgos,enrique,542609,burge002,burgoen02,3895,2015.0,2016.0
sánchez,héctor,516949,sanch002,sanchhe01,10289,2011.0,2017.0
cruz,tony,488810,cruzt002,cruzto03,2802,2011.0,2018.0
chamberlain,joba,501955,chamj002,chambjo03,2692,2007.0,2016.0
gillaspie,conor,543216,gillc001,gillaco01,9009,2008.0,2017.0
jiménez,luis,499864,jimel002,jimenlu02,6341,2013.0,2015.0
dolis,rafael,503569,dolir001,dolisra01,4185,2011.0,2021.0
sierra,moisés,501213,sierm001,sierrmo01,6050,2012.0,2018.0
dominguez,matt,518625,domim001,dominma01,4903,2011.0,2016.0
méndez,román,542669,mendr002,mendero01,10307,2014.0,2015.0
carpenter,david,518526,carpd002,carpeda02,9244,2012.0,2015.0
freeman,mike,502273,freem002,freemmi01,11241,2016.0,2021.0
font,wilmer,521655,fontw001,fontwi01,5257,2012.0,2020.0
ramírez,erasmo,541640,ramie004,ramirer02,10314,2012.0,2025.0
marimón,sugar ray,516970,maris001,marimsu01,6027,2015.0,2015.0
kimbrel,craig,518886,kimbc001,kimbrcr01,6655,2010.0,2026.0
solís,sammy,519301,solis001,solissa01,11457,2015.0,2018.0
schugel,a. j.,519263,schua001,schugaj01,11432,2015.0,2017.0
brigham,jake,502010,brigj001,brighja01,2851,2015.0,2015.0
stanton,giancarlo,519317,stanm004,stantmi03,4949,2010.0,2026.0
koehler,tom,543408,koeht001,koehlto01,6570,2012.0,2017.0
pressly,ryan,519151,presr001,pressry01,7005,2013.0,2025.0
inciarte,ender,542255,incie001,inciaen01,4922,2014.0,2022.0
pestano,vinnie,502260,pestv001,pestavi01,4782,2010.0,2015.0
cook,ryan,475857,cookr001,cookry01,8855,2011.0,2018.0
bleier,richard,542947,bleir001,bleieri01,7803,2016.0,2023.0
marte,kelvin,517629,martk002,marteke02,5200,2016.0,2016.0
mccann,james,543510,mccaj001,mccanja02,12859,2014.0,2026.0
yates,kirby,489446,yatek001,yateski01,9073,2014.0,2025.0
johnson,steve,489002,johns001,johnsst02,4053,2012.0,2016.0
wilkins,andy,519421,wilka002,wilkian01,11251,2014.0,2016.0
campbell,eric,493472,campe001,campber01,6938,2014.0,2021.0
báez,pedro,520980,baezp001,baezpe01,5420,2014.0,2022.0
wada,tsuyoshi,493159,wadat001,wadats01,13046,2014.0,2015.0
rondon,jorge,504083,rondj001,rondojo01,5791,2014.0,2016.0
león,sandy,506702,leons001,leonsa01,5273,2012.0,2025.0
cobb,alex,502171,cobba001,cobbal01,6562,2011.0,2024.0
beliveau,jeff,542924,belij001,belivje01,8504,2012.0,2018.0
martinez,j. d.,502110,martj006,martijd02,6184,2011.0,2024.0
oh,seunghwan,493200,oh--s001,ohse01,18719,2016.0,2019.0
hahn,jesse,534910,hahnj001,hahnje01,13287,2014.0,2025.0
leake,mike,502190,leakm001,leakemi01,10130,2010.0,2019.0
szczur,matt,519333,szczm001,szczuma01,11255,2014.0,2018.0
harvey,matt,518774,harvm001,harvema01,11713,2012.0,2021.0
freeman,sam,518693,frees001,freemsa01,6832,2012.0,2020.0
scheppers,tanner,489294,schet001,schepta01,10267,2012.0,2017.0
kelly,casey,543391,kellc001,kellyca01,9174,2012.0,2025.0
fien,casey,502272,fienc001,fienca01,3926,2009.0,2017.0
collmenter,josh,518567,collj001,collmjo01,7312,2011.0,2017.0
pimentel,stolmy,516935,pimes001,pimenst01,6415,2013.0,2015.0
pérez,eury,516811,peree003,perezeu01,10299,2012.0,2015.0
herrmann,chris,543302,herrc001,herrmch01,9284,2012.0,2019.0
shoemaker,matt,533167,shoem001,shoemma01,4776,2013.0,2021.0
valencia,danny,502143,valed001,valenda01,6364,2010.0,2018.0
germen,gonzalez,542674,germg001,germego01,5876,2013.0,2016.0
adrianza,ehire,501303,adrie001,adriaeh01,8418,2013.0,2024.0
friedrich,christian,543184,friec001,friedch01,7942,2012.0,2016.0
castro,jason,488771,castj006,castrja01,8722,2010.0,2022.0
buss,nick,502544,bussn001,bussni01,6835,2013.0,2016.0
kontos,george,502004,kontg001,kontoge01,9486,2011.0,2018.0
castillo,fabio,503566,castf003,castifa01,2826,2017.0,2017.0
almonte,abraham,501659,almoa001,almonab01,5486,2013.0,2023.0
gibson,kyle,502043,gibsk002,gibsoky01,10123,2013.0,2025.0
hood,destin,543329,hoodd001,hoodde01,9887,2016.0,2016.0
ibarra,edgar,500891,ibare001,ibarred01,5195,2015.0,2015.0
olivera,héctor,493343,olivh001,olivehe01,17528,2015.0,2016.0
ramírez,alexei,493351,ramia003,ramiral03,5133,2008.0,2016.0
centeno,juan,518542,centj001,centeju01,7168,2013.0,2019.0
williams,jackson,519425,willj005,willija01,8524,2014.0,2015.0
brantley,michael,488726,branm003,brantmi02,4106,2009.0,2023.0
pineda,michael,501381,pinem001,pinedmi01,5372,2011.0,2022.0
joseph,caleb,543376,josec002,josepca01,7087,2014.0,2020.0
eovaldi,nathan,543135,eovan001,eovalna01,9132,2011.0,2026.0
escobar,eduardo,500871,escoe001,escobed01,6153,2011.0,2023.0
rodríguez,ronny,500135,rodrr009,rodriro03,11875,2018.0,2019.0
paredes,edward,487675,paree002,pareded02,4168,2017.0,2018.0
hendricks,kyle,543294,hendk001,hendrky01,12049,2014.0,2025.0
boshers,buddy,542953,boshb001,boshebu01,8490,2013.0,2019.0
álvarez,dario,516714,alvad001,alvarda01,14239,2014.0,2017.0
alexander,scott,518397,alexs001,alexasc02,10591,2015.0,2025.0
broxton,keon,542979,broxk001,broxtke01,9253,2015.0,2019.0
clemens,paul,518560,clemp002,clemepa02,8037,2013.0,2016.0
thames,eric,519346,thame001,thameer01,3711,2011.0,2020.0
hynes,colt,518833,hynec001,hynesco01,7560,2013.0,2015.0
luetge,lucas,476595,luetl001,luetglu01,8337,2012.0,2023.0
dyson,jarrod,502481,dysoj001,dysonja01,4866,2010.0,2021.0
lambo,andrew,518911,lamba001,lamboan01,5386,2013.0,2016.0
gilmartin,sean,543219,gilms001,gilmase01,12781,2015.0,2020.0
santiago,héctor,502327,santh001,santihe01,4026,2011.0,2021.0
gurriel,yuli,493329,gurry001,gourryu01,19198,2016.0,2025.0
guerra,deolis,500610,guerd001,guerrde01,8410,2015.0,2021.0
salas,fernando,477569,salaf001,salasfe01,4971,2010.0,2019.0
drabek,kyle,475138,drabk001,drabeky01,4359,2010.0,2016.0
d'arnaud,chase,488818,darnc001,darnach01,6652,2011.0,2018.0
eibner,brett,518649,eibnb001,eibnebr01,11369,2016.0,2020.0
smolinski,jake,519295,smolj002,smolija01,5408,2014.0,2018.0
wood,blake,502028,woodb004,woodbl01,1345,2010.0,2018.0
de fratus,justin,518603,defrj001,defraju01,4955,2011.0,2015.0
céspedes,yoenis,493316,cespy001,cespeyo01,13110,2012.0,2020.0
wallace,brett,477165,wallb001,wallabr01,8434,2010.0,2016.0
partch,curtis,489197,partc001,partccu01,1333,2013.0,2016.0
pérez,martín,527048,perem004,perezma02,6902,2012.0,2026.0
lollis,ryan,489067,lollr001,lolliry01,6623,2015.0,2015.0
mchugh,collin,543521,mchuc001,mchugco01,7531,2012.0,2023.0
teaford,everett,501870,teafe001,teafoev01,3732,2011.0,2015.0
harris,will,501789,harrw002,harriwi10,3192,2012.0,2021.0
mckenry,michael,502374,mckem001,mckenmi01,9628,2010.0,2016.0
hicks,aaron,543305,hicka001,hicksaa01,5297,2013.0,2024.0
pérez,salvador,521692,peres002,perezsa02,7304,2011.0,2026.0
masterson,justin,475416,mastj001,masteju01,2038,2008.0,2015.0
joseph,corban,543377,josec001,josepco01,5503,2013.0,2019.0
gray,sonny,543243,grays001,grayso01,12768,2013.0,2026.0
badenhop,burke,488674,badeb001,badenbu01,9736,2008.0,2015.0
coleman,dusty,543038,coled002,colemdu01,8979,2015.0,2017.0
cron,c. j.,543068,cronc002,croncj01,12546,2014.0,2023.0
holland,derek,502706,holld003,hollade01,4141,2009.0,2021.0
holt,tyler,534627,holtt001,holtty01,11391,2014.0,2016.0
rasmussen,rob,519169,rasmr001,rasmuro01,11250,2014.0,2015.0
lake,junior,516809,lakej001,lakeju01,4672,2013.0,2016.0
ramírez,j. c.,500724,ramij002,ramirjc01,8302,2013.0,2019.0
niese,jonathon,477003,niesj001,niesejo01,4424,2008.0,2016.0
workman,brandon,519443,workb001,workmbr01,11428,2013.0,2021.0
zimmerman,ryan,475582,zimmr001,zimmery01,4220,2005.0,2021.0
delgado,randall,517414,delgr001,delgara01,5985,2011.0,2018.0
boscán,wilfredo,517448,boscw001,boscawi01,7655,2016.0,2016.0
marte,jefry,527043,martj007,marteje01,5107,2015.0,2018.0
sale,chris,519242,salec001,salech01,10603,2010.0,2026.0
salazar,danny,517593,salad001,salazda01,5867,2013.0,2019.0
rupp,cameron,519237,ruppc001,ruppca01,11146,2013.0,2017.0
jones,nate,518858,jonen001,jonesna01,4696,2012.0,2021.0
brantly,rob,542963,branr002,brantro01,10655,2012.0,2025.0
marks,justin,476123,markj001,marksju01,10265,2014.0,2017.0
graham,j. r.,543242,grahj002,grahajr01,12042,2015.0,2016.0
oberholtzer,brett,519085,oberb001,oberhbr01,3855,2013.0,2016.0
walden,jordan,477229,waldj001,waldejo01,3271,2010.0,2015.0
gregerson,luke,502381,gregl001,gregelu01,4090,2009.0,2019.0
lamarre,ryan,534606,lamar001,lamarry01,10700,2015.0,2021.0
mazzoni,cory,543508,mazzc001,mazzoco01,12537,2015.0,2018.0
segura,jean,516416,seguj002,segurje01,5933,2012.0,2023.0
avilán,luis,501593,avill001,avilalu01,2882,2012.0,2021.0
hellickson,jeremy,476451,hellj001,hellije01,4371,2010.0,2019.0
coulombe,danny,543056,could001,couloda01,13293,2014.0,2026.0
o'malley,shawn,502523,omals001,omallsh01,9629,2014.0,2016.0
mastroianni,darin,518991,mastd002,mastrda01,7316,2011.0,2016.0
sogard,eric,519299,sogae001,sogarer01,7927,2010.0,2021.0
heisey,chris,502317,heisc001,heisech01,3978,2010.0,2017.0
bumgarner,madison,518516,bumgm001,bumgama01,5524,2009.0,2023.0
mazzaro,vin,476570,mazzv001,mazzavi01,5231,2009.0,2016.0
farquhar,danny,543144,farqd001,farquda01,8501,2011.0,2018.0
tolleson,steven,476270,tolls001,tollest01,4450,2010.0,2015.0
herrmann,frank,497807,herrf001,herrmfr01,7960,2010.0,2016.0
cabral,césar,501627,cabrc001,cabrace01,6741,2013.0,2015.0
ramírez,neil,519166,ramin001,ramirne01,7677,2014.0,2019.0
diekman,jake,518617,diekj001,diekmja01,5003,2012.0,2024.0
moreland,mitch,519048,morem001,morelmi01,3086,2010.0,2021.0
lavarnway,ryan,543432,lavar001,lavarry01,8879,2011.0,2021.0
cole,gerrit,543037,coleg001,colege01,13125,2013.0,2024.0
peacock,brad,502748,peacb001,peacobr01,5401,2011.0,2021.0
snider,travis,501983,snidt001,snidetr01,2830,2008.0,2015.0
ravin,josh,502051,ravij001,ravinjo01,2951,2015.0,2018.0
locke,jeff,502046,lockj001,lockeje01,2929,2011.0,2017.0
baxter,mike,488689,baxtm001,baxtemi01,4464,2010.0,2015.0
paredes,jimmy,517370,parej002,paredji01,5481,2011.0,2016.0
hosmer,eric,543333,hosme001,hosmeer01,3516,2011.0,2023.0
lamb,john,543424,lambj002,lambjo02,8493,2015.0,2018.0
thole,josh,489365,tholj001,tholejo01,9689,2009.0,2016.0
cloyd,tyler,543031,cloyt001,cloydty01,8536,2012.0,2018.0
montero,jesús,524968,montj003,monteje01,5514,2011.0,2015.0
solarte,yangervis,500208,solay001,solarya01,5352,2014.0,2019.0
valdespin,jordany,518170,valdj002,valdejo02,5098,2012.0,2015.0
presley,alex,502100,presa001,preslal01,5305,2010.0,2017.0
ladendorf,tyler,502285,ladet001,ladenty01,3211,2015.0,2021.0
navarro,rey,519071,navar001,navarre01,6008,2015.0,2015.0
noonan,nick,519082,noonn001,noonani01,6880,2013.0,2016.0
díaz,dayán,500765,diazd001,diazda01,11543,2016.0,2017.0
descalso,daniel,518614,descd001,descada01,8392,2010.0,2019.0
reddick,josh,502210,reddj001,reddijo01,3892,2009.0,2021.0
betances,dellin,476454,betad001,betande01,6216,2011.0,2021.0
lawrie,brett,543434,lawrb002,lawribr01,5247,2011.0,2016.0
forsythe,logan,523253,forsl001,forsylo01,7185,2011.0,2020.0
alonso,yonder,475174,alony001,alonsyo01,2530,2010.0,2019.0
stock,robert,476594,stocr001,stockro01,6576,2018.0,2025.0
buchter,ryan,488748,buchr001,buchtry01,9456,2014.0,2021.0
kawasaki,munenori,493128,kawam001,kawasmu01,13047,2012.0,2016.0
uehara,koji,493157,uehak001,ueharko01,9227,2009.0,2017.0
kipnis,jason,543401,kipnj001,kipnija01,9776,2011.0,2020.0
brasier,ryan,518489,brasr001,brasiry01,5615,2013.0,2025.0
collins,tim,525768,collt001,colliti01,3164,2011.0,2019.0
figueroa,cole,502676,figuc001,figueco01,8790,2014.0,2016.0
ortega,rafael,542364,orter001,ortegra01,10323,2012.0,2024.0
gearrin,cory,518715,gearc001,gearrco01,7947,2011.0,2020.0
butler,joey,542994,butlj002,butlejo04,7799,2013.0,2015.0
domínguez,josé,523848,domij002,dominjo01,11571,2013.0,2016.0
kalish,ryan,501888,kalir001,kalisry01,6962,2010.0,2016.0
smoker,josh,519294,smokj001,smokejo01,10285,2016.0,2018.0
monell,johnny,476192,monej001,moneljo01,2783,2013.0,2015.0
coleman,louis,488786,colel001,colemlo01,9720,2011.0,2018.0
bethancourt,christian,542194,bethc001,bethach01,10028,2013.0,2024.0
bandy,jett,542908,bandj001,bandyje01,12508,2015.0,2018.0
tepesch,nick,519344,tepen001,tepesni01,11716,2013.0,2017.0
hudson,daniel,543339,hudsd001,hudsoda01,7146,2009.0,2024.0
martínez,michael,492841,martm003,martimi02,7358,2011.0,2017.0
thatcher,joe,491159,thatj001,thatcjo01,4620,2007.0,2015.0
davis,ike,477195,davii001,davisik02,8433,2010.0,2016.0
scruggs,xavier,489305,scrux001,scrugxa01,7409,2014.0,2016.0
bell,chad,518445,bellc003,bellch02,10297,2017.0,2018.0
adams,austin,542866,adama001,adamsau01,7411,2014.0,2019.0
dickerson,alex,543105,dicka001,dickeal01,12649,2015.0,2022.0
latos,mat,502009,latom001,latosma01,3815,2009.0,2017.0
burns,andy,542992,burna003,burnsan01,12779,2016.0,2021.0
telis,tomás,542513,telit001,telisto01,10067,2014.0,2018.0
recker,anthony,489232,recka001,reckean01,4063,2011.0,2017.0
elmore,jake,518653,elmoj001,elmorja01,7290,2012.0,2019.0
contreras,carlos,542266,contc001,contrca01,10386,2014.0,2015.0
mcallister,zach,502083,mcalz001,mcallza01,2895,2011.0,2023.0
rienzo,andré,516589,riena001,rienzan01,3507,2013.0,2015.0
clevenger,steve,502182,clevs001,clevest01,9542,2011.0,2016.0
moore,tyler,489138,moort002,moorety01,7244,2012.0,2017.0
flores,wilmer,527038,florw001,florewi01,5827,2013.0,2025.0
villar,jonathan,542340,villj001,villajo01,10071,2013.0,2022.0
robertson,david,502085,robed002,roberda08,8241,2008.0,2025.0
altuve,josé,514888,altuj001,altuvjo01,5417,2011.0,2026.0
flaherty,ryan,475247,flahr001,flahery01,7888,2012.0,2019.0
martín,rafael,514669,martr005,martira04,10258,2015.0,2016.0
berti,jon,542932,bertj001,bertijo01,12037,2018.0,2025.0
cervenka,hunter,543017,cervh001,cervehu01,10510,2016.0,2017.0
adames,cristhian,542436,adamc001,adamecr01,6013,2014.0,2019.0
brentz,bryce,518490,brenb002,brentbr01,10607,2014.0,2016.0
harrison,josh,543281,harrj002,harrijo05,8202,2011.0,2023.0
stammen,craig,489334,stamc001,stammcr01,7274,2009.0,2022.0
blazek,michael,518468,blazm001,blazemi01,9654,2013.0,2019.0
sanchez,tony,506997,sanct001,sanchto01,6178,2013.0,2017.0
frías,carlos,516910,friac001,friasca01,3547,2014.0,2016.0
kelly,merrill,518876,kellm002,kellyme01,11156,2019.0,2026.0
giavotella,johnny,543213,giavj001,giavojo01,6740,2011.0,2017.0
jankowski,jordan,543357,jankj001,jankojo01,13313,2017.0,2017.0
lough,david,518953,lougd001,loughda01,7215,2012.0,2016.0
furbush,charlie,518703,furbc001,furbuch01,1370,2011.0,2015.0
ranaudo,anthony,519168,ranaa001,ranauan01,11424,2014.0,2016.0
sadler,casey,594987,sadlc002,sadleca02,11209,2014.0,2021.0
cessa,luis,570666,cessl001,cessalu01,13345,2016.0,2023.0
neris,héctor,593576,nerih001,nerishe01,11804,2014.0,2025.0
