batter,yearID,age_bat,batted_ball_count,avg_launch_speed,avg_launch_angle,hard_hit_rate,avg_estimated_woba,avg_estimated_slg
112526,2015,210.0,13,89.76923076923077,-3.0,0.3076923076923077,0.15236842105263157,0.3170909090909091
112526,2016,215.0,8,86.5875,15.875,0.25,0.10392307692307692,0.39859999999999995
112526,2017,132.0,2,78.55000000000001,11.0,0.0,0.0555,0.13849999999999998
112526,2018,45.0,0,,,,0.0,
115629,2015,43.0,0,,,,0.0,
116338,2015,240.0,114,87.0421052631579,13.587719298245615,0.2807017543859649,0.3065974047619048,0.49138297872340425
120074,2015,240.0,102,94.11666666666666,14.323529411764707,0.5,0.4262536428571429,0.8782073170731708
120074,2016,246.0,129,88.06434108527132,16.767441860465116,0.3875968992248062,0.4723321794871795,0.8744597701149426
121347,2015,240.0,98,89.5204081632653,11.153061224489797,0.46938775510204084,0.3736008591549296,0.7339404761904762
121347,2016,164.0,62,86.07096774193548,16.806451612903224,0.3548387096774194,0.34901766666666667,0.6643684210526315
133380,2015,222.0,103,86.49417475728156,11.553398058252426,0.3300970873786408,0.26441541379310346,0.44111904761904763
134181,2015,180.0,132,88.13939393939395,10.090909090909092,0.3712121212121212,0.3467236299212598,0.5325242718446602
134181,2016,222.0,197,86.48832487309645,19.086294416243653,0.3096446700507614,0.35988952095808385,0.5486521739130434
134181,2017,114.0,91,80.48571428571428,21.076923076923077,0.21978021978021978,0.34902380303030306,0.506595744680851
134181,2018,234.0,132,84.21439393939393,19.477272727272727,0.2803030303030303,0.3005580530973451,0.479925
136860,2015,190.0,97,88.12268041237112,13.824742268041238,0.36082474226804123,0.32587076190476194,0.4827631578947369
136860,2016,234.0,173,87.60693641618496,16.109826589595375,0.34104046242774566,0.3476293071895425,0.5886583333333333
136860,2017,240.0,148,81.67364864864864,15.763513513513514,0.20270270270270271,0.2517983565891473,0.4504020618556701
150029,2015,108.0,58,88.7896551724138,18.03448275862069,0.3275862068965517,0.3355658888888889,0.6103125
150029,2016,222.0,139,85.51870503597122,20.56115107913669,0.26618705035971224,0.3133898235294118,0.4914318181818182
150029,2017,152.0,72,83.70833333333333,18.291666666666668,0.2638888888888889,0.33350626666666666,0.7158936170212765
150212,2015,216.0,79,84.20379746835444,10.49367088607595,0.25316455696202533,0.2377003411764706,0.40138983050847454
150229,2015,234.0,90,85.25666666666667,10.244444444444444,0.23333333333333334,0.3328073222222222,0.4620253164556962
150229,2016,240.0,75,83.70266666666666,8.2,0.29333333333333333,0.25683245161290325,0.3694259259259259
150302,2015,37.0,2,76.05,14.5,0.0,0.4755,0.556
150359,2015,190.0,7,82.85714285714286,2.857142857142857,0.42857142857142855,0.29575,0.6671666666666667
217100,2015,114.0,10,86.27000000000001,21.5,0.1,0.11608333333333336,0.17633333333333334
218596,2015,160.0,9,75.15555555555555,28.555555555555557,0.1111111111111111,0.2894,0.43144444444444446
276519,2015,222.0,112,85.18392857142858,14.133928571428571,0.21428571428571427,0.25816874590163935,0.377563829787234
276519,2016,114.0,65,79.87230769230769,19.861538461538462,0.12307692307692308,0.23348976271186442,0.29673684210526313
276520,2017,120.0,4,81.9,21.25,0.0,0.2577142857142857,0.542
282332,2019,39.0,2,76.95,-21.5,0.0,0.0,
285064,2015,190.0,9,79.58888888888889,-3.0,0.1111111111111111,0.1287857142857143,0.22922222222222224
285064,2016,78.0,3,77.93333333333334,15.333333333333334,0.0,0.0255,0.057
285078,2015,68.0,28,88.12142857142858,7.357142857142857,0.42857142857142855,0.2735201764705883,0.3819615384615385
285079,2017,258.0,22,71.66363636363636,4.045454545454546,0.0,0.13905555555555554,0.1758823529411765
346798,2015,148.0,4,84.175,3.5,0.25,0.1548,0.3096666666666667
346874,2015,216.0,97,86.0020618556701,12.02061855670103,0.27835051546391754,0.2690418348623853,0.40125974025974026
346874,2016,148.0,71,83.05915492957746,13.633802816901408,0.2112676056338028,0.27510234920634924,0.39331818181818184
400085,2015,252.0,82,84.66707317073171,4.682926829268292,0.18292682926829268,0.2796657912087912,0.32293055555555555
400085,2016,258.0,77,80.57012987012986,13.688311688311689,0.15584415584415584,0.31173039062499996,0.4118333333333333
400085,2017,264.0,56,79.97321428571429,8.928571428571429,0.125,0.29880787234042555,0.353972972972973
400085,2018,90.0,15,81.23333333333333,3.0,0.06666666666666667,0.239595625,0.3493636363636364
400121,2015,185.0,125,89.06639999999999,16.152,0.408,0.39294150862068966,0.636319587628866
400121,2016,228.0,158,85.54177215189873,20.537974683544302,0.3291139240506329,0.36414782222222225,0.6219207920792079
400121,2017,195.0,116,84.6094827586207,16.71551724137931,0.2672413793103448,0.336294793814433,0.5007662337662337
400121,2018,240.0,162,84.69074074074074,16.771604938271604,0.2037037037037037,0.3197449579831933,0.4974897959183674
400284,2015,185.0,76,85.85789473684211,12.052631578947368,0.3026315789473684,0.26101793406593404,0.40713333333333335
400284,2016,228.0,133,83.71353383458646,11.827067669172932,0.2556390977443609,0.3288086074074074,0.5222307692307693
400284,2017,234.0,90,81.54,18.788888888888888,0.12222222222222222,0.26866110666666665,0.4358076923076923
400284,2018,280.0,38,83.02631578947368,23.94736842105263,0.23684210526315788,0.266407375,0.4281739130434783
405395,2015,210.0,135,90.02296296296295,9.940740740740742,0.4074074074074074,0.3190486388888889,0.48964285714285716
405395,2016,216.0,163,87.4319018404908,17.319018404907975,0.3496932515337423,0.36884123489932885,0.6001592920353982
405395,2017,222.0,182,85.29175824175823,17.175824175824175,0.31868131868131866,0.2944513806451613,0.46273015873015877
405395,2018,190.0,187,85.02192513368985,17.454545454545453,0.31016042780748665,0.30362035460992903,0.47275423728813554
405395,2019,273.0,141,86.37375886524823,18.28368794326241,0.3475177304964539,0.3198941951219512,0.4924271844660194
405395,2021,246.0,104,86.52884615384616,12.461538461538462,0.28846153846153844,0.3113900156453881,0.51675
405395,2022,252.0,116,87.36379310344829,13.137931034482758,0.41379310344827586,0.4013581886478741,0.6812203389830509
407781,2015,190.0,96,83.43124999999999,11.010416666666666,0.23958333333333334,0.3152364655172414,0.5869583333333332
407781,2016,78.0,28,79.65714285714286,22.892857142857142,0.17857142857142858,0.24457327272727272,0.46846153846153843
407793,2015,222.0,11,85.80909090909091,-12.0,0.18181818181818182,0.16999127777777778,0.2550909090909091
407793,2016,228.0,14,85.22142857142856,11.714285714285714,0.2857142857142857,0.21564705882352941,0.5443
407793,2017,234.0,11,86.55454545454546,-6.181818181818182,0.2727272727272727,0.15546666666666667,0.395375
407812,2015,105.0,45,84.72444444444444,9.0,0.15555555555555556,0.271079568627451,0.34302777777777776
407812,2016,180.0,114,88.98421052631579,12.578947368421053,0.38596491228070173,0.30515645,0.4537195121951219
407812,2017,185.0,102,82.8735294117647,15.029411764705882,0.30392156862745096,0.3995483723404255,0.740046875
407812,2018,76.0,12,83.875,23.416666666666668,0.25,0.5360138461538462,0.5725
407822,2015,170.0,6,85.03333333333335,-7.666666666666667,0.5,0.13745454545454547,0.29683333333333334
407822,2016,175.0,11,77.37272727272726,-16.181818181818183,0.0,0.2702521,0.25183333333333335
407822,2018,74.0,1,62.7,-41.0,0.0,0.37426499999999996,0.066
407862,2015,39.0,6,95.95,10.5,0.8333333333333334,0.4486666666666667,0.714
407893,2015,175.0,104,89.42596153846154,14.067307692307692,0.375,0.3613741637931035,0.5955061728395061
407893,2016,216.0,98,87.71224489795918,18.714285714285715,0.3673469387755102,0.3051177075471698,0.567016393442623
407908,2016,40.0,1,72.7,57.0,0.0,0.0,
408042,2015,36.0,2,64.75,42.5,0.0,0.0215,0.030000000000000002
408045,2015,192.0,133,89.0375939849624,8.496240601503759,0.3458646616541353,0.3663445448275862,0.555803738317757
408045,2016,198.0,135,88.19185185185185,14.25925925925926,0.35555555555555557,0.3740611914893617,0.6058526315789473
408045,2017,204.0,143,84.94965034965034,11.965034965034965,0.3076923076923077,0.40883051162790696,0.6513186813186813
408045,2018,210.0,147,88.37891156462585,12.380952380952381,0.3673469387755102,0.3685487857142857,0.58975
408047,2015,102.0,47,88.23191489361702,13.936170212765957,0.3829787234042553,0.2902487450980392,0.4880487804878049
408047,2016,70.0,47,84.37446808510639,21.95744680851064,0.2765957446808511,0.34823060000000006,0.6265000000000001
408234,2015,128.0,87,93.17701149425287,15.195402298850574,0.47126436781609193,0.3900762258064516,0.5589705882352942
408234,2016,198.0,190,85.67,16.436842105263157,0.35789473684210527,0.39034119745222934,0.6954374999999999
408234,2017,170.0,125,86.336,17.288,0.344,0.3892351698113207,0.7211911764705882
408234,2018,105.0,57,88.97543859649123,21.350877192982455,0.38596491228070173,0.37316571428571427,0.6201428571428571
408234,2019,252.0,142,86.60140845070423,16.950704225352112,0.3028169014084507,0.350034248,0.5959368421052632
408234,2021,228.0,172,83.25755813953488,18.732558139534884,0.25,0.3210543522552628,0.5245714285714286
408234,2022,195.0,131,83.47480916030536,15.022900763358779,0.21374045801526717,0.26108443742239057,0.47095588235294117
408234,2023,280.0,113,83.84778761061946,10.061946902654867,0.21238938053097345,0.3314830031987279,0.4935
408236,2015,198.0,124,89.24435483870967,17.532258064516128,0.4032258064516129,0.4413213172413793,0.75759
408236,2016,204.0,169,85.76508875739644,11.242603550295858,0.2781065088757396,0.38584175,0.5603666666666667
408236,2017,140.0,62,83.09354838709677,8.290322580645162,0.24193548387096775,0.35148949019607845,0.4952051282051282
408236,2018,108.0,71,84.80985915492958,13.394366197183098,0.323943661971831,0.39363000000000004,0.5910212765957447
408241,2015,102.0,5,83.5,-3.2,0.4,0.295875,0.7967500000000001
408241,2016,140.0,5,83.52000000000001,28.4,0.0,0.232625,0.7616666666666667
408252,2015,204.0,144,86.32708333333333,13.902777777777779,0.2847222222222222,0.33562905882352945,0.4434677419354839
408252,2016,210.0,175,81.49542857142858,14.331428571428571,0.18285714285714286,0.33849460294117645,0.5515545454545455
408252,2017,216.0,193,77.57927461139896,13.968911917098445,0.17616580310880828,0.29486961224489794,0.3884354838709677
408252,2018,37.0,5,78.92,22.4,0.2,0.2928825,0.947
408299,2015,204.0,95,82.1421052631579,15.905263157894737,0.18947368421052632,0.2225268053097345,0.32532558139534884
408299,2016,70.0,31,83.8225806451613,9.387096774193548,0.16129032258064516,0.24108706666666666,0.33895652173913043
408307,2015,102.0,33,91.45454545454545,8.848484848484848,0.48484848484848486,0.34692286666666666,0.6712857142857143
408307,2016,105.0,33,80.24848484848485,6.090909090909091,0.18181818181818182,0.17128571428571426,0.2656818181818182
408314,2015,160.0,115,85.96347826086956,14.139130434782608,0.22608695652173913,0.28764825438596486,0.36490625
408314,2016,66.0,45,81.1,29.955555555555556,0.2222222222222222,0.29526527272727277,0.4042727272727273
408314,2017,204.0,134,81.13059701492537,20.791044776119403,0.20149253731343283,0.2780389658119658,0.3858901098901099
408314,2018,245.0,57,84.20526315789473,17.894736842105264,0.2807017543859649,0.2681651923076923,0.4383333333333334
421685,2015,185.0,5,81.42,-27.0,0.4,0.05590909090909091,0.13040000000000002
424144,2016,35.0,4,81.625,18.75,0.0,0.27549999999999997,0.34450000000000003
424325,2015,190.0,21,87.3952380952381,23.285714285714285,0.3333333333333333,0.2705895333333333,0.5842222222222222
424325,2016,234.0,47,81.66170212765957,21.19148936170213,0.19148936170212766,0.26647553488372094,0.4291379310344828
424825,2015,108.0,41,81.92682926829268,15.0,0.14634146341463414,0.19068744,0.2621470588235294
424825,2016,222.0,105,82.03999999999999,17.066666666666666,0.14285714285714285,0.26495896,0.3725753424657534
425496,2015,35.0,9,86.61111111111111,2.5555555555555554,0.3333333333333333,0.37709366666666666,0.5923333333333334
425509,2015,198.0,125,88.5048,13.792,0.344,0.3320827042253521,0.5963203883495145
425509,2016,136.0,72,85.79027777777777,11.722222222222221,0.3611111111111111,0.34943002898550724,0.6434166666666666
425509,2017,70.0,17,79.44117647058823,11.411764705882353,0.35294117647058826,0.2663684210526316,0.5511666666666667
425532,2015,136.0,8,81.55000000000001,-1.0,0.25,0.167,0.3531428571428572
425543,2015,68.0,8,75.75,12.625,0.125,0.23875,0.560875
425549,2015,216.0,49,82.31224489795919,15.489795918367347,0.20408163265306123,0.23658257627118645,0.3902777777777778
425557,2015,102.0,19,82.46315789473684,3.8947368421052633,0.15789473684210525,0.278,0.5497857142857143
425560,2015,216.0,83,88.8710843373494,16.240963855421686,0.3132530120481928,0.3496532641509434,0.6317826086956522
425567,2015,170.0,81,88.5962962962963,16.11111111111111,0.37037037037037035,0.29150570454545455,0.4530298507462686
425664,2015,175.0,35,83.0,15.371428571428572,0.2,0.23448215909090908,0.2823333333333334
425766,2015,155.0,88,86.47500000000001,10.181818181818182,0.2727272727272727,0.3131934893617021,0.4213205128205128
425766,2016,128.0,106,83.05283018867925,13.028301886792454,0.27358490566037735,0.33505851111111107,0.4679295774647887
425772,2015,160.0,22,84.66363636363636,5.2272727272727275,0.3181818181818182,0.28545096666666664,0.38249999999999995
425772,2016,165.0,24,81.65,29.958333333333332,0.25,0.25017391304347825,0.4326470588235294
425772,2017,170.0,42,79.46428571428571,17.476190476190474,0.11904761904761904,0.23331777272727272,0.3507741935483871
425772,2018,210.0,56,80.70357142857142,22.875,0.125,0.2127995918367347,0.3188846153846154
425772,2019,216.0,54,79.80925925925925,17.0,0.12962962962962962,0.16083120370370368,0.3776923076923077
425772,2021,38.0,4,67.0,44.0,0.0,0.1616666666666667,0.22433333333333336
425783,2015,198.0,95,89.56842105263158,10.526315789473685,0.4,0.2868544924242425,0.47801315789473686
425783,2016,102.0,60,86.28666666666666,12.083333333333334,0.4166666666666667,0.3861441549295775,0.6655
425783,2017,210.0,147,82.60000000000001,11.986394557823129,0.25170068027210885,0.3236054027777778,0.5212178217821782
425783,2018,252.0,156,84.14358974358974,15.205128205128204,0.2692307692307692,0.34186816993464053,0.6626562500000001
425783,2019,259.0,140,86.60714285714286,11.764285714285714,0.39285714285714285,0.3234815838926175,0.6471075268817204
425784,2015,192.0,57,85.42807017543859,20.56140350877193,0.3157894736842105,0.24044669333333332,0.4735102040816327
425784,2016,165.0,49,85.40408163265306,13.73469387755102,0.32653061224489793,0.29639882978723403,0.6562222222222223
425784,2017,204.0,63,82.82857142857142,19.793650793650794,0.36507936507936506,0.42131419642857143,0.77515
425784,2018,140.0,28,83.28571428571429,17.821428571428573,0.21428571428571427,0.20260869565217393,0.6068333333333333
425784,2019,72.0,12,80.55833333333334,12.083333333333334,0.25,0.3497295,0.452625
425784,2021,114.0,13,84.4076923076923,13.461538461538462,0.3076923076923077,0.4325755384615384,0.8695
425794,2015,34.0,2,79.55,20.5,0.0,0.016999999999999998,0.0285
425794,2016,210.0,9,84.12222222222222,20.88888888888889,0.3333333333333333,0.25230769230769234,0.6435
425794,2017,180.0,5,79.82000000000001,-1.2,0.2,0.22562500000000002,0.5567500000000001
425794,2019,228.0,11,82.2909090909091,16.818181818181817,0.09090909090909091,0.1390226923076923,0.21316666666666664
425794,2021,240.0,27,64.8,3.259259259259259,0.037037037037037035,0.15036363636363637,0.33
425796,2015,186.0,75,87.40666666666667,17.893333333333334,0.3333333333333333,0.2753037974683544,0.49613114754098364
425796,2016,192.0,73,84.52191780821919,8.657534246575343,0.273972602739726,0.2801598904109589,0.47613333333333335
425834,2015,124.0,38,87.46315789473684,12.894736842105264,0.39473684210526316,0.29669946153846155,0.59296875
425834,2016,192.0,111,84.03063063063063,17.936936936936938,0.3153153153153153,0.27549024615384615,0.5451643835616438
425844,2015,160.0,13,91.76153846153846,7.538461538461538,0.6153846153846154,0.41016723529411764,0.7953333333333333
425844,2016,165.0,6,78.43333333333332,28.333333333333332,0.0,0.05088888888888889,0.11683333333333334
425844,2017,204.0,19,81.66842105263159,4.052631578947368,0.21052631578947367,0.23115405882352943,0.3032142857142857
425844,2018,210.0,20,83.33,13.15,0.3,0.36823533333333336,0.5511538461538461
425844,2019,180.0,16,78.85,32.8125,0.1875,0.30892857142857144,0.94575
425877,2015,198.0,114,86.73070175438596,12.552631578947368,0.21052631578947367,0.29876086991869916,0.40434375
425877,2016,204.0,176,83.35681818181818,10.414772727272727,0.19886363636363635,0.32467790714285716,0.4162142857142857
425877,2017,210.0,165,84.19333333333333,19.266666666666666,0.2727272727272727,0.3632412158273381,0.6071770833333333
425877,2018,216.0,204,82.8421568627451,22.0,0.1715686274509804,0.3184617045454546,0.48720388349514565
425877,2019,222.0,110,83.41909090909091,17.60909090909091,0.22727272727272727,0.3023161919191919,0.43897142857142857
425877,2021,195.0,141,80.75390070921985,21.29787234042553,0.14893617021276595,0.3068726146462851,0.46121126760563386
425877,2022,200.0,100,81.38,17.87,0.17,0.2792936111111112,0.4179322033898305
425900,2015,155.0,42,85.53095238095237,14.476190476190476,0.21428571428571427,0.2949173571428571,0.44542424242424244
425900,2016,192.0,106,80.77924528301887,21.235849056603772,0.20754716981132076,0.22206004545454547,0.333758064516129
425902,2015,186.0,128,89.34140625,9.34375,0.3828125,0.34279805298013244,0.5031428571428572
425902,2016,128.0,98,82.78979591836735,18.591836734693878,0.2755102040816326,0.30945045192307685,0.5171666666666666
429400,2015,31.0,1,82.9,-21.0,0.0,0.076,0.086
429664,2015,198.0,139,91.02589928057554,7.359712230215828,0.460431654676259,0.3582821523178808,0.5832016806722689
429664,2016,204.0,186,87.2725806451613,13.005376344086022,0.3602150537634409,0.35501590476190475,0.6308120300751879
429664,2017,210.0,191,85.72094240837697,14.884816753926701,0.3089005235602094,0.37038163461538465,0.5475371900826447
429664,2018,144.0,90,88.37222222222222,16.88888888888889,0.34444444444444444,0.43592113924050635,0.6896885245901639
429664,2019,185.0,124,85.80000000000001,9.701612903225806,0.29838709677419356,0.2749337857142857,0.4824605263157895
429664,2022,80.0,32,82.009375,11.0625,0.3125,0.29163742028985506,0.42894444444444446
429665,2015,192.0,112,89.72857142857143,16.267857142857142,0.4375,0.3717045590551181,0.6508452380952381
429665,2016,198.0,188,86.39042553191489,22.414893617021278,0.2872340425531915,0.35294304022988504,0.59284375
429665,2017,204.0,154,81.58506493506493,13.902597402597403,0.2662337662337662,0.36924457894736845,0.7089545454545454
429665,2018,245.0,166,85.52650602409638,18.64457831325301,0.3072289156626506,0.4023706927710843,0.7264732142857142
429665,2019,216.0,118,86.2542372881356,19.5,0.3389830508474576,0.36796606363636364,0.7260144927536232
429666,2015,165.0,99,85.48181818181818,10.555555555555555,0.2828282828282828,0.22092594174757282,0.3555890410958904
429666,2016,136.0,97,86.95360824742268,21.072164948453608,0.30927835051546393,0.3325334,0.5053934426229508
429666,2017,105.0,56,83.3125,11.303571428571429,0.25,0.2120481935483871,0.3403555555555555
429667,2015,216.0,107,90.41028037383177,15.336448598130842,0.42990654205607476,0.3881552809917355,0.8227926829268294
429667,2016,222.0,73,88.03013698630137,13.95890410958904,0.410958904109589,0.3905806,0.9379411764705883
429711,2015,96.0,27,88.32592592592593,8.222222222222221,0.37037037037037035,0.38349439285714293,0.7528095238095238
429711,2016,198.0,72,88.07361111111112,14.930555555555555,0.3472222222222222,0.367307,0.7320476190476191
429711,2017,102.0,19,84.65789473684211,9.105263157894736,0.42105263157894735,0.40709940000000006,1.013818181818182
429713,2015,165.0,59,87.76271186440678,16.271186440677965,0.3220338983050847,0.3249288,0.5087115384615385
429717,2015,140.0,14,75.29285714285713,-8.357142857142858,0.14285714285714285,0.2572030714285714,0.3489
429719,2016,66.0,10,76.52000000000001,34.9,0.1,0.2643706666666667,0.248
429719,2017,68.0,6,73.96666666666667,13.166666666666666,0.16666666666666666,0.219,0.4945
429719,2019,36.0,2,66.75,5.5,0.0,0.0,
429722,2017,35.0,3,79.89999999999999,3.6666666666666665,0.0,0.11099999999999999,0.20950000000000002
429780,2015,34.0,0,,,,0.0,
430001,2015,99.0,13,85.70769230769231,11.846153846153847,0.38461538461538464,0.18394361904761905,0.25933333333333336
430001,2016,204.0,41,87.46341463414635,16.585365853658537,0.36585365853658536,0.42911555813953484,0.8641785714285716
430001,2017,105.0,19,80.85263157894737,19.63157894736842,0.21052631578947367,0.21655928,0.47963636363636364
430203,2015,216.0,61,87.99344262295082,12.360655737704919,0.29508196721311475,0.29159851515151514,0.41844000000000003
430321,2015,90.0,45,86.87555555555556,10.444444444444445,0.35555555555555557,0.2704498679245283,0.5152162162162162
430404,2015,210.0,29,90.12413793103448,9.0,0.4482758620689655,0.24247757142857143,0.37196296296296294
430580,2016,105.0,5,74.76,5.6,0.0,0.13726866666666668,0.087
430599,2015,35.0,1,74.5,-11.0,0.0,0.054,0.06
430599,2017,37.0,0,,,,0.692994,
430603,2016,36.0,11,83.07272727272726,8.272727272727273,0.18181818181818182,0.2997142857142857,0.3924285714285714
430605,2015,204.0,39,91.55897435897437,7.333333333333333,0.46153846153846156,0.41146952272727266,0.7680322580645161
430605,2016,210.0,52,86.86730769230768,14.346153846153847,0.38461538461538464,0.2405775849056604,0.5412121212121211
430605,2017,72.0,16,79.67500000000001,10.1875,0.1875,0.30099909999999996,0.48129999999999995
430611,2015,99.0,9,86.77777777777777,-2.7777777777777777,0.2222222222222222,0.19625,0.3772857142857143
430637,2015,198.0,67,86.94179104477612,14.73134328358209,0.373134328358209,0.38362098734177213,0.6649499999999999
430637,2016,204.0,69,82.77391304347826,13.710144927536232,0.2463768115942029,0.26116459420289856,0.40214
430652,2015,99.0,35,81.51714285714287,12.657142857142857,0.14285714285714285,0.2755473076923077,0.2931379310344827
430661,2015,33.0,0,,,,0.0,
430661,2016,34.0,0,,,,0.0,
430661,2017,105.0,0,,,,0.0,
430681,2015,36.0,11,76.19090909090909,11.090909090909092,0.18181818181818182,0.2574843,0.36571428571428566
430832,2015,210.0,115,88.4304347826087,10.71304347826087,0.41739130434782606,0.37810919310344826,0.6988295454545455
430832,2016,180.0,129,87.72868217054264,25.294573643410853,0.3643410852713178,0.37220709027777776,0.5859886363636364
430832,2017,222.0,145,81.13379310344828,17.082758620689656,0.20689655172413793,0.24455813548387098,0.3927159090909091
430832,2018,228.0,83,86.72771084337349,26.120481927710845,0.3493975903614458,0.3824352150537635,0.7235
430897,2015,140.0,63,87.93174603174604,7.031746031746032,0.31746031746031744,0.24586917333333333,0.339
430910,2015,165.0,71,84.94929577464788,8.661971830985916,0.1267605633802817,0.26640364788732396,0.3147619047619048
430910,2016,68.0,7,84.12857142857145,1.2857142857142858,0.0,0.27016666666666667,0.40759999999999996
430912,2015,62.0,2,89.55,1.5,0.0,0.05725,0.285
430912,2016,96.0,2,56.7,12.5,0.0,0.0,
430912,2017,99.0,1,73.0,9.0,0.0,0.0,
430935,2015,128.0,8,77.6875,8.125,0.25,0.14500000000000002,0.3875
430935,2016,33.0,3,75.56666666666666,-2.0,0.0,0.07,0.08
430935,2017,34.0,2,85.8,-11.0,0.5,0.07,0.11599999999999999
430935,2018,105.0,6,74.21666666666667,1.8333333333333333,0.0,0.08571428571428573,0.176
430935,2019,144.0,6,74.95,3.0,0.16666666666666666,0.2557142857142857,0.46699999999999997
430945,2015,180.0,141,89.58652482269504,15.00709219858156,0.3546099290780142,0.36774937762237764,0.6424181818181818
430945,2016,186.0,179,83.83072625698324,19.893854748603353,0.2569832402234637,0.3012062516129032,0.5061229508196722
430945,2017,192.0,196,81.08061224489795,17.01530612244898,0.1989795918367347,0.2757793741935484,0.40463247863247864
430945,2018,231.0,172,86.33953488372093,15.19186046511628,0.31976744186046513,0.3122248013245033,0.4915087719298245
430945,2019,238.0,171,83.34152046783626,17.80701754385965,0.28654970760233917,0.306097928057554,0.5472761904761906
430947,2015,186.0,130,84.26923076923077,4.984615384615385,0.2076923076923077,0.3047113461538462,0.43832692307692306
430947,2016,160.0,102,82.18921568627452,7.833333333333333,0.13725490196078433,0.25541112790697673,0.377921875
430947,2017,165.0,109,79.93211009174313,13.46788990825688,0.11926605504587157,0.28021252631578947,0.3638904109589041
430948,2015,160.0,81,82.16296296296296,16.444444444444443,0.14814814814814814,0.31272346153846153,0.348671875
431094,2015,165.0,66,88.69545454545454,8.696969696969697,0.36363636363636365,0.33455235135135136,0.4866346153846154
431094,2016,204.0,120,82.3775,17.875,0.18333333333333332,0.32700316504854365,0.43185365853658536
431094,2017,70.0,17,82.28235294117647,30.58823529411765,0.23529411764705882,0.45512387499999996,0.905111111111111
431145,2015,192.0,79,84.89113924050632,9.126582278481013,0.3037974683544304,0.2635809439252337,0.4866
431145,2016,198.0,103,85.5873786407767,9.077669902912621,0.34951456310679613,0.32627606504065043,0.6540135135135134
431145,2017,170.0,65,84.03846153846153,15.092307692307692,0.24615384615384617,0.3336735421686747,0.5214468085106383
431145,2018,210.0,80,87.9,11.375,0.375,0.31858952631578946,0.42841379310344824
431145,2019,252.0,72,83.61805555555556,11.319444444444445,0.2361111111111111,0.3659981898734177,0.5586666666666666
431148,2015,31.0,1,67.9,-24.0,0.0,0.0215,0.039
431148,2016,160.0,9,76.69999999999999,1.6666666666666667,0.0,0.06914285714285714,0.14900000000000002
431148,2021,37.0,0,,,,0.0,
431151,2015,66.0,38,89.03947368421052,20.263157894736842,0.34210526315789475,0.41271362790697674,0.7903548387096774
431151,2016,68.0,27,85.94814814814815,31.37037037037037,0.2962962962962963,0.41414443243243243,0.6649411764705883
431151,2018,36.0,1,80.0,69.0,0.0,0.344765,0.0
431171,2015,198.0,55,87.25454545454545,4.618181818181818,0.36363636363636365,0.2779276875,0.4220208333333333
431171,2016,68.0,26,84.01923076923077,11.692307692307692,0.23076923076923078,0.33875,0.5432941176470588
433217,2015,186.0,41,86.48536585365854,10.75609756097561,0.3170731707317073,0.39254671428571425,0.6797272727272727
433217,2016,160.0,37,83.30540540540541,12.72972972972973,0.24324324324324326,0.28571288571428577,0.3877272727272727
433217,2017,198.0,50,80.46,24.8,0.16,0.23811890476190473,0.43129032258064515
433584,2016,36.0,2,61.9,25.5,0.0,0.0,
433587,2018,32.0,3,75.56666666666666,-34.666666666666664,0.0,0.052500000000000005,0.059
433587,2019,33.0,1,49.6,-9.0,0.0,0.0,
433589,2015,31.0,1,87.8,-27.0,0.0,0.043,0.045
433589,2016,32.0,0,,,,,
434158,2015,204.0,100,88.285,16.08,0.38,0.36294575999999995,0.660113924050633
434158,2016,210.0,144,85.09791666666666,19.993055555555557,0.25,0.344593335483871,0.6104166666666667
434158,2017,216.0,129,82.4798449612403,21.589147286821706,0.23255813953488372,0.28799915789473685,0.4770985915492958
434158,2018,259.0,94,82.05851063829788,18.127659574468087,0.19148936170212766,0.3505374757281553,0.6042407407407407
434158,2019,266.0,74,81.67702702702704,16.35135135135135,0.17567567567567569,0.30249587654320986,0.6285952380952381
434378,2016,33.0,2,80.2,33.0,0.0,0.2776666666666667,0.48200000000000004
434378,2018,35.0,2,80.80000000000001,21.0,0.0,0.028666666666666663,0.0505
434538,2015,192.0,10,87.42999999999999,13.3,0.5,0.154,0.2802222222222222
434538,2016,132.0,8,88.675,10.875,0.25,0.2039090909090909,0.4027142857142857
434538,2018,35.0,1,102.4,5.0,1.0,0.545,0.671
434540,2015,102.0,17,91.32941176470588,8.235294117647058,0.4117647058823529,0.29563372,0.5060588235294118
434563,2015,216.0,71,86.0,7.985915492957746,0.2112676056338028,0.32152794186046507,0.4458666666666667
434563,2016,222.0,51,82.63725490196079,22.54901960784314,0.19607843137254902,0.3344310243902439,0.41671875
434563,2017,228.0,20,79.495,10.9,0.2,0.4329658260869565,0.8446666666666666
434567,2015,192.0,34,92.05,13.705882352941176,0.4411764705882353,0.422218652173913,0.8705925925925926
434567,2016,66.0,11,87.7090909090909,17.454545454545453,0.45454545454545453,0.3308224,0.4283333333333334
434567,2017,68.0,24,87.14583333333333,23.291666666666668,0.25,0.45285862499999996,0.9014375
434604,2015,165.0,52,91.83846153846154,4.576923076923077,0.46153846153846156,0.3650443188405797,0.7585
434604,2016,34.0,2,91.35,23.5,0.5,0.09866666666666667,0.346
434604,2017,35.0,8,92.9375,31.25,0.5,0.17766666666666667,0.4676666666666667
434622,2015,31.0,2,84.9,-18.0,0.0,0.106,0.12
434622,2017,66.0,1,82.9,-21.0,0.0,0.054,0.131
434628,2015,165.0,16,80.8625,8.1875,0.125,0.23833333333333334,0.38945454545454544
434628,2016,170.0,9,79.67777777777778,27.555555555555557,0.1111111111111111,0.0921111111111111,0.1735
434628,2017,35.0,2,50.35,-12.5,0.0,0.345,0.468
434636,2015,204.0,131,84.68320610687023,14.396946564885496,0.21374045801526717,0.309935830882353,0.44981730769230766
434636,2016,140.0,115,82.07391304347826,19.713043478260868,0.13043478260869565,0.28862896,0.3957901234567901
434658,2015,210.0,68,85.55588235294118,13.132352941176471,0.22058823529411764,0.24831044871794872,0.41696363636363637
434658,2016,216.0,113,82.98849557522125,17.56637168141593,0.3185840707964602,0.23915791428571428,0.39113043478260867
434658,2017,185.0,124,82.65564516129034,16.330645161290324,0.21774193548387097,0.2555633090909091,0.4081975308641975
434658,2018,266.0,68,80.04264705882352,16.323529411764707,0.22058823529411764,0.3067112962962963,0.448025641025641
434658,2019,78.0,6,85.8,14.0,0.3333333333333333,0.3367158333333333,0.5436666666666666
434670,2015,160.0,80,89.51,9.45,0.3625,0.2883960232558139,0.4648225806451613
434670,2016,198.0,129,86.86201550387598,11.968992248062015,0.3488372093023256,0.3850182142857143,0.692047619047619
434670,2017,204.0,137,82.08832116788321,19.751824817518248,0.25547445255474455,0.32831653658536586,0.5605
434670,2018,70.0,63,84.56825396825397,15.031746031746032,0.31746031746031744,0.3248028947368421,0.5322790697674418
434670,2019,36.0,18,84.51666666666667,8.055555555555555,0.2222222222222222,0.3189784210526316,0.8037000000000001
434671,2016,64.0,5,60.46,8.2,0.0,0.17066666666666666,0.389
434671,2018,136.0,6,72.68333333333334,3.5,0.0,0.018666666666666668,0.066
434671,2019,210.0,11,75.33636363636364,16.545454545454547,0.0,0.09872727272727273,0.23533333333333328
434672,2017,36.0,2,61.9,40.0,0.0,0.012,0.015
434778,2015,192.0,143,90.83076923076922,15.181818181818182,0.45454545454545453,0.37398938562091505,0.5957931034482759
434778,2016,198.0,134,89.29179104477612,16.53731343283582,0.44029850746268656,0.39649094696969694,0.7875376344086021
434778,2017,204.0,174,85.16494252873564,14.528735632183908,0.3390804597701149,0.34148304635761584,0.6655233644859813
434778,2018,210.0,125,86.45519999999999,14.48,0.384,0.3230523015873016,0.586433734939759
434778,2019,108.0,65,87.72307692307692,11.123076923076923,0.4,0.33492832142857143,0.461219512195122
435043,2018,35.0,1,71.3,27.0,0.0,0.0,
435062,2015,160.0,115,88.6008695652174,6.2956521739130435,0.3652173913043478,0.34231509174311925,0.4976741573033708
435062,2016,165.0,135,86.14814814814815,8.451851851851853,0.3037037037037037,0.2905704298245614,0.3969058823529412
435062,2017,136.0,90,83.66777777777779,6.544444444444444,0.2222222222222222,0.33628398684210525,0.5433818181818182
435062,2018,70.0,58,87.72068965517241,12.120689655172415,0.3448275862068966,0.3105980208333334,0.47652631578947363
435062,2019,180.0,101,87.78217821782178,12.029702970297029,0.36633663366336633,0.3836963536585366,0.6204285714285714
435063,2015,204.0,75,85.364,9.826666666666666,0.26666666666666666,0.25571521649484535,0.3869056603773585
435063,2016,210.0,145,84.89103448275861,21.579310344827586,0.2689655172413793,0.38685276351351355,0.8844025974025974
435063,2017,216.0,117,83.64786324786324,29.914529914529915,0.20512820512820512,0.2881965702479339,0.6247727272727273
435064,2015,160.0,24,77.46249999999999,1.875,0.16666666666666666,0.24422286666666668,0.36628571428571427
435064,2016,165.0,75,82.72666666666667,16.906666666666666,0.25333333333333335,0.27308842424242424,0.47591304347826086
435064,2018,105.0,50,78.48599999999999,17.48,0.14,0.23515108108108107,0.32348275862068965
435064,2019,36.0,17,72.4235294117647,31.764705882352942,0.058823529411764705,0.261255,0.457
435078,2015,124.0,12,76.34166666666667,14.25,0.08333333333333333,0.17015384615384613,0.24536363636363634
435079,2015,198.0,170,84.82235294117646,19.32941176470588,0.25882352941176473,0.3120823178807947,0.4251904761904762
435079,2016,204.0,177,83.59830508474576,19.322033898305083,0.23728813559322035,0.3404888012820513,0.5243043478260869
435079,2017,210.0,129,81.63798449612402,21.472868217054263,0.20155038759689922,0.33135616363636367,0.46818604651162793
435079,2018,252.0,171,84.12690058479532,21.140350877192983,0.21637426900584794,0.32711683823529414,0.45997169811320754
435079,2019,185.0,98,83.80510204081632,17.6734693877551,0.21428571428571427,0.2929474512195122,0.47893220338983056
435221,2015,32.0,0,,,,0.3434215,
435221,2016,66.0,0,,,,0.230204,
435221,2017,102.0,3,80.66666666666667,30.333333333333332,0.0,0.03233333333333333,0.253
435221,2018,105.0,5,63.7,15.0,0.0,0.005333333333333333,0.035
435263,2015,186.0,81,87.54074074074074,13.703703703703704,0.35802469135802467,0.2545050283018868,0.3635
435263,2016,192.0,142,85.44084507042253,19.507042253521128,0.29577464788732394,0.4051406721311475,0.6773636363636364
435263,2017,198.0,113,83.80619469026549,18.84070796460177,0.23893805309734514,0.37435696078431374,0.5384230769230769
435263,2018,170.0,51,83.31372549019608,31.58823529411765,0.17647058823529413,0.3002540425531915,0.4473548387096774
435263,2019,245.0,81,84.43086419753087,15.938271604938272,0.16049382716049382,0.29568881081081083,0.3825714285714285
435401,2015,210.0,42,82.95952380952382,0.5952380952380952,0.21428571428571427,0.24492990740740742,0.34008571428571427
435522,2015,180.0,127,88.7488188976378,15.181102362204724,0.33070866141732286,0.34025050359712233,0.555742268041237
435522,2016,155.0,133,84.16842105263157,19.834586466165412,0.2631578947368421,0.30590572807017546,0.49198717948717946
435522,2017,160.0,114,80.27280701754387,23.56140350877193,0.21052631578947367,0.2915995,0.4434657534246575
435522,2018,231.0,109,83.24036697247705,21.63302752293578,0.1926605504587156,0.3399608333333333,0.5056393442622951
435522,2019,238.0,89,83.38539325842697,21.741573033707866,0.20224719101123595,0.3581845319148936,0.6276379310344827
435559,2015,192.0,107,87.15514018691589,11.570093457943925,0.3177570093457944,0.26368693457943926,0.3772159090909091
435559,2016,198.0,93,84.32150537634408,18.559139784946236,0.25806451612903225,0.29634378571428577,0.4370151515151515
435559,2017,204.0,92,83.17717391304348,17.83695652173913,0.2826086956521739,0.3522849350649351,0.5506727272727272
435559,2018,245.0,121,83.62561983471075,17.94214876033058,0.2396694214876033,0.31611951086956525,0.4410704225352113
435559,2019,252.0,110,84.60636363636364,19.554545454545455,0.23636363636363636,0.32289893975903616,0.462972602739726
435559,2021,228.0,60,83.355,20.033333333333335,0.23333333333333334,0.22675102127659572,0.30255882352941177
435559,2022,156.0,38,82.26315789473684,24.94736842105263,0.15789473684210525,0.21554321794871795,0.3038823529411765
435622,2015,180.0,102,90.01274509803923,8.147058823529411,0.4215686274509804,0.31730982442748096,0.5520568181818182
435622,2016,186.0,177,85.84463276836158,5.19774011299435,0.3389830508474576,0.2840322717391304,0.5135867768595042
435622,2017,128.0,68,85.5264705882353,5.470588235294118,0.22058823529411764,0.2521452191780822,0.4726382978723404
435622,2018,231.0,159,84.50628930817611,5.666666666666667,0.2893081761006289,0.28735339160839163,0.44897
435622,2019,238.0,132,87.4598484848485,15.348484848484848,0.3409090909090909,0.37629063909774435,0.7228229166666668
443558,2015,210.0,100,92.665,10.8,0.47,0.3783641217391304,0.6602142857142856
443558,2016,216.0,183,87.94863387978143,17.18032786885246,0.3825136612021858,0.3775515060240964,0.858875
443558,2017,222.0,147,84.96326530612244,12.299319727891156,0.36054421768707484,0.4216629784172662,0.8477640449438203
443558,2018,266.0,155,88.41419354838709,13.264516129032257,0.38064516129032255,0.40477282758620686,0.7563069306930693
443558,2019,234.0,125,88.5792,16.832,0.408,0.4983750666666667,1.099320987654321
443558,2021,246.0,193,86.98704663212435,13.098445595854923,0.3626943005181347,0.43473258356413236,0.8110185185185186
443558,2022,252.0,178,84.22977528089888,10.084269662921349,0.3089887640449438,0.3747596546774809,0.710404255319149
443558,2023,172.0,44,84.18636363636364,12.068181818181818,0.2727272727272727,0.1648241176241176,0.4166956521739131
444379,2015,128.0,49,89.87346938775511,18.857142857142858,0.32653061224489793,0.47242635294117646,0.6685405405405405
444379,2016,198.0,122,82.62377049180328,10.065573770491802,0.27049180327868855,0.3436385,0.49054651162790697
444379,2017,204.0,85,79.0729411764706,19.305882352941175,0.2,0.33075427999999996,0.5844285714285714
444432,2015,174.0,112,87.75446428571429,12.464285714285714,0.33035714285714285,0.33883020454545454,0.6225217391304347
444432,2016,180.0,150,89.04933333333334,21.086666666666666,0.37333333333333335,0.3850713379310345,0.7837373737373736
444432,2017,155.0,133,87.00526315789475,21.330827067669173,0.3533834586466165,0.3642044262295082,0.6394269662921348
444432,2018,128.0,94,83.19680851063829,15.73404255319149,0.2553191489361702,0.31673783950617285,0.6412115384615386
444432,2019,66.0,13,86.23076923076923,13.153846153846153,0.38461538461538464,0.2556666666666667,0.35250000000000004
444468,2017,29.0,3,62.6,2.6666666666666665,0.0,0.108,0.131
444482,2015,168.0,106,89.61415094339623,10.084905660377359,0.36792452830188677,0.391544,0.6083720930232558
444482,2016,116.0,60,87.76833333333333,10.733333333333333,0.35,0.3499263015873016,0.5873409090909091
444482,2017,180.0,124,82.93064516129031,11.266129032258064,0.22580645161290322,0.3144914684684684,0.48874999999999996
444482,2018,217.0,162,87.46604938271605,13.5,0.3395061728395062,0.3669392176870749,0.6123962264150944
444482,2019,160.0,121,85.17438016528926,12.909090909090908,0.32231404958677684,0.3041589619047619,0.5088846153846154
444482,2021,204.0,131,82.71679389312976,7.282442748091603,0.22137404580152673,0.24144627134592156,0.36548648648648646
444482,2022,210.0,149,82.7744966442953,11.879194630872483,0.2483221476510067,0.25157420696551597,0.4224459459459459
444482,2023,252.0,135,81.89037037037038,9.318518518518518,0.2962962962962963,0.3343539995025526,0.51712
444482,2024,185.0,79,82.34810126582279,10.569620253164556,0.27848101265822783,0.2501575811318216,0.4525277777777778
444489,2016,58.0,22,86.26818181818182,17.454545454545453,0.2727272727272727,0.30823028571428573,0.3415
444489,2017,180.0,100,81.83099999999999,19.77,0.16,0.2381262298850575,0.5048333333333334
444489,2018,217.0,134,80.24925373134329,15.216417910447761,0.13432835820895522,0.3490489252336449,0.5487249999999999
444489,2019,224.0,56,81.46071428571429,12.839285714285714,0.17857142857142858,0.23706205357142857,0.39918750000000003
444489,2021,136.0,37,84.17567567567568,19.864864864864863,0.24324324324324326,0.27198301411259973,0.4227272727272728
444489,2022,35.0,11,80.96363636363637,13.0,0.18181818181818182,0.145,0.22299999999999995
444489,2023,36.0,6,73.21666666666667,33.5,0.0,0.25875000000000004,0.5020000000000001
444836,2015,30.0,1,82.5,17.0,0.0,0.0,
444843,2015,198.0,73,83.87397260273971,12.452054794520548,0.2602739726027397,0.32741433333333336,0.5342545454545454
444843,2017,35.0,11,76.15454545454546,25.545454545454547,0.09090909090909091,0.2754994,0.4275
444857,2016,33.0,0,,,,0.0,
444857,2017,136.0,12,74.56666666666666,14.666666666666666,0.0,0.10345454545454545,0.2852
444876,2015,174.0,141,84.96099290780141,12.950354609929079,0.19858156028368795,0.2900860344827586,0.38507499999999995
444876,2016,180.0,164,80.75365853658536,12.890243902439025,0.14634146341463414,0.2535361428571429,0.36803508771929827
444876,2017,186.0,170,80.19058823529413,17.270588235294117,0.17647058823529413,0.2415795797101449,0.3893125
444876,2018,224.0,151,79.40662251655628,15.56953642384106,0.1456953642384106,0.26897745833333336,0.40225263157894736
444876,2021,105.0,113,77.63274336283186,12.734513274336283,0.12389380530973451,0.34364961844809605,0.4920377358490566
444876,2022,72.0,42,73.53571428571429,23.19047619047619,0.09523809523809523,0.15374074074074073,0.2940588235294118
445055,2015,120.0,48,82.80416666666666,5.895833333333333,0.16666666666666666,0.25030655172413796,0.3535135135135135
445055,2016,124.0,100,81.958,10.63,0.2,0.2983300227272727,0.46105882352941174
445055,2017,192.0,129,80.02713178294573,12.589147286821705,0.17054263565891473,0.31506064150943397,0.43505263157894736
445055,2018,231.0,160,81.356875,8.779874213836479,0.125,0.2809986940298507,0.3822105263157895
445055,2019,68.0,47,76.84468085106383,11.170212765957446,0.1276595744680851,0.300305,0.5795416666666667
445095,2015,32.0,1,92.4,-3.0,0.0,0.1505,0.364
445197,2015,30.0,1,99.7,-13.0,1.0,0.168,0.187
445276,2017,60.0,1,99.9,-18.0,1.0,0.186,0.22
445590,2015,72.0,2,77.05,-35.5,0.0,0.05433333333333334,0.092
445988,2015,160.0,131,85.5381679389313,9.068702290076336,0.22137404580152673,0.2776003533834587,0.3541650485436893
445988,2016,198.0,154,84.45519480519481,14.772727272727273,0.22077922077922077,0.29729353623188404,0.40450892857142856
445988,2017,68.0,60,83.19,13.0,0.23333333333333334,0.2556850740740741,0.41763414634146334
445988,2018,140.0,54,81.64074074074075,13.833333333333334,0.16666666666666666,0.2556842857142857,0.4311315789473684
445988,2019,216.0,87,82.79885057471265,18.344827586206897,0.19540229885057472,0.27411690789473686,0.4266779661016949
446192,2018,68.0,2,98.45,19.5,0.5,0.352106,0.829
446225,2015,30.0,2,93.45,-6.0,0.5,0.476,0.121
446263,2015,174.0,93,90.32903225806452,15.333333333333334,0.3978494623655914,0.3189702950819672,0.5795466666666667
446263,2016,60.0,38,88.1263157894737,16.710526315789473,0.39473684210526316,0.45106904651162794,0.9049259259259259
446263,2017,155.0,88,86.56136363636364,24.579545454545453,0.36363636363636365,0.361561182795699,0.7683272727272726
446263,2018,160.0,96,82.95833333333333,21.84375,0.16666666666666666,0.30988234567901235,0.5702909090909091
446263,2019,66.0,19,84.22105263157896,31.63157894736842,0.15789473684210525,0.18406666666666668,0.38433333333333336
446308,2015,116.0,47,87.6531914893617,17.5531914893617,0.3191489361702128,0.31090510714285713,0.5675128205128205
446308,2016,180.0,120,83.4025,16.475,0.23333333333333334,0.29690748113207543,0.4358705882352941
446308,2017,186.0,121,79.39999999999999,16.446280991735538,0.1652892561983471,0.26538101030927835,0.46924999999999994
446308,2018,160.0,76,82.50394736842105,23.30263157894737,0.18421052631578946,0.27233068965517243,0.4108536585365854
446308,2019,198.0,53,85.89811320754718,19.41509433962264,0.32075471698113206,0.35913150000000005,0.759054054054054
446321,2019,33.0,1,98.0,-14.0,1.0,0.09,0.2
446321,2021,35.0,1,90.7,-66.0,0.0,0.0,
446334,2015,180.0,114,89.37456140350878,16.99122807017544,0.41228070175438597,0.4454449104477612,0.7957802197802197
446334,2016,186.0,168,86.48214285714286,21.18452380952381,0.3333333333333333,0.38900396815286625,0.7308849557522125
446334,2017,192.0,160,83.253125,19.5,0.2875,0.3464913161290322,0.5498288288288288
446334,2018,198.0,150,82.74,16.04,0.23333333333333334,0.2747978125,0.5664827586206896
446334,2019,204.0,121,87.84132231404958,23.702479338842974,0.36363636363636365,0.3986984867256637,0.7948717948717948
446334,2021,144.0,67,87.51044776119404,14.104477611940299,0.3283582089552239,0.39475441818308005,0.6644634146341464
446334,2022,148.0,64,83.2359375,12.625,0.234375,0.22709507925407926,0.4411
446334,2023,228.0,68,85.51470588235294,17.264705882352942,0.3382352941176471,0.3741643590263692,0.8278787878787879
446359,2015,90.0,44,87.11363636363636,13.954545454545455,0.2727272727272727,0.30097084782608696,0.4821515151515152
446359,2016,186.0,144,84.51597222222222,15.04861111111111,0.2361111111111111,0.26478507692307696,0.44897999999999993
446359,2017,192.0,171,82.84327485380118,13.32748538011696,0.23976608187134502,0.30511372857142854,0.43227884615384615
446359,2018,99.0,70,84.56857142857143,23.17142857142857,0.24285714285714285,0.31873724999999997,0.49526
446359,2019,34.0,22,84.19090909090909,28.045454545454547,0.22727272727272727,0.17296475,0.25787499999999997
446372,2019,33.0,0,,,,0.0,
446381,2015,30.0,1,68.4,-16.0,0.0,0.058,0.084
446381,2016,186.0,102,82.5156862745098,15.029411764705882,0.12745098039215685,0.25997085542168674,0.3358787878787879
446381,2017,192.0,82,77.55853658536586,19.195121951219512,0.06097560975609756,0.25169722972972974,0.38687037037037036
446386,2015,174.0,75,87.652,11.2,0.29333333333333333,0.3131155714285714,0.3992380952380953
446386,2016,180.0,52,85.16538461538462,19.53846153846154,0.17307692307692307,0.3891857704918033,0.520975
446386,2017,155.0,53,79.26037735849057,18.50943396226415,0.1320754716981132,0.30503997826086954,0.40974193548387094
446386,2018,160.0,61,80.90983606557377,18.37704918032787,0.21311475409836064,0.3352653333333333,0.5701333333333333
446399,2017,31.0,2,90.65,-18.0,0.0,0.134,0.165
446481,2015,180.0,42,85.30238095238096,5.928571428571429,0.2857142857142857,0.34301434545454546,0.6604166666666667
446481,2016,186.0,62,86.15806451612902,15.483870967741936,0.27419354838709675,0.3529973548387097,0.7795853658536586
446481,2017,64.0,37,79.37027027027027,23.64864864864865,0.1891891891891892,0.2642051764705883,0.45655
446481,2018,132.0,36,85.71111111111111,23.0,0.3055555555555556,0.21519973684210528,0.3493478260869565
446481,2019,204.0,33,82.60909090909091,20.575757575757574,0.30303030303030304,0.3416787368421053,0.6715714285714286
446653,2015,155.0,20,86.65,9.15,0.15,0.2885588076923077,0.4755882352941176
446653,2016,128.0,18,85.02222222222223,16.22222222222222,0.2222222222222222,0.42915755555555557,0.69875
446653,2017,165.0,45,84.8288888888889,14.8,0.3333333333333333,0.300278511627907,0.439258064516129
446653,2018,68.0,9,73.06666666666666,13.222222222222221,0.0,0.16161444444444445,0.12371428571428571
448170,2015,96.0,11,82.4090909090909,23.454545454545453,0.09090909090909091,0.26619185714285715,0.37
448179,2016,36.0,1,53.9,-28.0,0.0,0.0245,0.061
448179,2017,185.0,5,59.68000000000001,10.2,0.0,0.105702375,0.07550000000000001
448179,2018,190.0,10,72.61,5.4,0.1,0.12958333333333333,0.22225
448179,2019,117.0,6,59.449999999999996,6.833333333333333,0.0,0.09055555555555556,0.2395
448179,2021,123.0,7,63.857142857142854,23.428571428571427,0.0,0.047799999999999995,0.1485
448306,2015,204.0,9,88.69999999999999,5.0,0.2222222222222222,0.16681429411764706,0.33499999999999996
448306,2016,70.0,3,90.60000000000001,10.666666666666666,0.6666666666666666,0.219,0.252
448306,2018,74.0,3,72.2,14.0,0.0,0.16525,0.407
448602,2015,192.0,67,84.64925373134328,14.671641791044776,0.23880597014925373,0.28527144660194176,0.6102037037037037
448602,2016,198.0,137,83.40729927007298,16.81021897810219,0.2846715328467153,0.2579749677419355,0.49355844155844153
448602,2017,204.0,125,82.33760000000001,17.608,0.256,0.3398890441176471,0.7128607594936709
448602,2018,175.0,63,84.48730158730159,18.26984126984127,0.2857142857142857,0.2927022222222222,0.5545833333333334
448602,2019,144.0,37,77.92162162162163,20.405405405405407,0.08108108108108109,0.20469944444444443,0.29005000000000003
448605,2015,99.0,20,90.69,14.9,0.45,0.4692115,1.017
448605,2016,34.0,6,79.33333333333333,21.666666666666668,0.16666666666666666,0.13574999999999998,0.25966666666666666
448605,2017,35.0,5,81.97999999999999,22.6,0.2,0.24539880000000003,0.164
448674,2015,35.0,0,,,,0.17171075,
448801,2015,174.0,87,90.51264367816093,15.183908045977011,0.4827586206896552,0.4635589710144927,1.0942702702702702
448801,2016,180.0,114,85.00701754385965,22.42105263157895,0.2807017543859649,0.33284736363636364,0.7342647058823529
448801,2017,155.0,102,83.00196078431374,18.147058823529413,0.23529411764705882,0.3071480165289256,0.7171525423728813
448801,2018,192.0,127,85.15984251968503,19.365079365079364,0.28346456692913385,0.2959158,0.539873417721519
448801,2019,198.0,59,86.14915254237289,16.779661016949152,0.2711864406779661,0.3172983048780488,0.7801052631578947
448802,2015,87.0,5,94.67999999999999,5.2,0.6,0.38310537499999997,0.6186
448802,2016,180.0,18,78.71111111111111,20.055555555555557,0.16666666666666666,0.16223076923076923,0.2865555555555555
448802,2017,93.0,8,76.85,14.0,0.0,0.0732,0.15366666666666665
448855,2016,155.0,8,79.9375,4.375,0.125,0.136,0.2901428571428571
448855,2017,96.0,4,67.125,5.25,0.0,0.0335,0.038
448855,2018,198.0,11,77.61818181818182,26.90909090909091,0.18181818181818182,0.16625,0.37960000000000005
448855,2019,34.0,0,,,,0.0,
449107,2015,204.0,46,86.2195652173913,13.76086956521739,0.391304347826087,0.3052128448275862,0.4217674418604651
449107,2016,175.0,48,79.23333333333333,11.083333333333334,0.1875,0.2345791463414634,0.3092857142857143
449107,2017,72.0,20,78.57,16.1,0.05,0.20345454545454544,0.2580909090909091
449168,2016,30.0,5,82.96000000000001,11.0,0.2,0.12733333333333333,0.2705
449173,2016,31.0,2,60.1,-33.0,0.0,0.103,0.17550000000000002
449181,2015,150.0,35,90.29714285714286,7.3428571428571425,0.45714285714285713,0.3529505609756098,0.60090625
449181,2016,186.0,106,85.1245283018868,11.254716981132075,0.27358490566037735,0.2687901414141414,0.4474305555555555
449181,2017,64.0,40,81.6975,8.975,0.275,0.2977810625,0.44624
449181,2018,33.0,13,92.03076923076924,15.333333333333334,0.46153846153846156,0.25927272727272727,0.3160909090909091
449786,2015,124.0,16,85.4375,23.75,0.3125,0.2554218275862069,0.426
450172,2017,136.0,8,80.425,-7.25,0.125,0.15258333333333332,0.3028571428571429
450203,2015,128.0,5,78.67999999999999,0.2,0.0,0.07848429999999999,0.041
450203,2016,33.0,2,91.65,8.0,0.0,0.07400000000000001,0.1365
450203,2018,35.0,1,92.2,13.0,0.0,0.439,1.092
450203,2021,190.0,8,61.05,2.625,0.0,0.239,0.5136000000000001
450306,2018,140.0,7,72.15714285714286,14.142857142857142,0.0,0.13842857142857143,0.2406
450306,2019,216.0,9,76.66666666666667,13.0,0.1111111111111111,0.11600000000000002,0.20857142857142857
450308,2016,68.0,7,61.871428571428574,-0.7142857142857143,0.0,0.05739999999999999,0.106
450308,2017,70.0,1,82.9,-21.0,0.0,0.03,0.073
450314,2015,170.0,117,87.13076923076925,6.726495726495727,0.2905982905982906,0.3170558220338983,0.4372886597938144
450314,2016,210.0,147,85.68027210884354,13.108843537414966,0.2925170068027211,0.3477989037037037,0.48295
450314,2017,216.0,138,82.43115942028986,8.840579710144928,0.2391304347826087,0.313336802919708,0.42336734693877554
450314,2018,259.0,156,86.41346153846153,13.006410256410257,0.3141025641025641,0.3471945620437956,0.48751960784313725
450314,2019,152.0,32,85.1125,12.5,0.21875,0.31233405405405407,0.3510454545454546
450317,2015,29.0,14,93.48571428571428,22.928571428571427,0.6428571428571429,0.4982307692307692,1.2431111111111113
450665,2018,33.0,0,,,,0.0,
450729,2015,93.0,5,96.16,16.2,0.6,0.22773037499999998,0.5576666666666666
450729,2016,32.0,2,44.35,-46.5,0.0,0.12,0.133
451089,2015,108.0,42,88.73333333333333,9.619047619047619,0.42857142857142855,0.33398598214285713,0.5316923076923077
451089,2017,29.0,5,87.42,17.8,0.2,0.7407226,1.2999999999999998
451109,2015,31.0,9,84.51111111111112,24.555555555555557,0.4444444444444444,0.277,0.3401428571428572
451192,2017,64.0,47,85.32127659574468,10.02127659574468,0.3191489361702128,0.35556736363636365,0.66928
451192,2018,132.0,45,80.73111111111112,18.666666666666668,0.17777777777777778,0.24703030303030307,0.5157142857142857
451192,2019,34.0,2,75.69999999999999,27.5,0.0,0.115,0.14
451532,2015,62.0,4,87.82499999999999,7.25,0.25,0.28779999999999994,0.56375
451594,2015,174.0,134,86.53432835820895,19.02238805970149,0.26865671641791045,0.31332977358490566,0.50125
451594,2016,150.0,122,83.7672131147541,15.80327868852459,0.2540983606557377,0.2919054308943089,0.4684430379746835
451594,2017,186.0,78,84.18974358974359,14.14102564102564,0.2692307692307692,0.3511453902439024,0.606625
451594,2018,160.0,85,83.35764705882353,18.388235294117646,0.2823529411764706,0.3033058024691358,0.45305555555555554
451594,2019,231.0,130,79.54846153846154,14.784615384615385,0.17692307692307693,0.3630154322033898,0.5829594594594594
451594,2021,35.0,19,79.16842105263159,26.263157894736842,0.21052631578947367,0.1937833333333333,0.40570000000000006
451596,2016,30.0,0,,,,0.690612,
451705,2016,87.0,10,76.55999999999999,3.8,0.2,0.21777777777777776,0.2826666666666667
451713,2015,56.0,16,96.4375,15.5,0.6875,0.444397551724138,1.389076923076923
452035,2015,58.0,27,87.4925925925926,15.925925925925926,0.2962962962962963,0.3101723030303031,0.6723809523809523
452095,2015,174.0,47,89.83191489361703,14.872340425531915,0.3829787234042553,0.28742297058823535,0.6202777777777777
452095,2016,150.0,77,82.45714285714286,17.051948051948052,0.2597402597402597,0.34511452173913043,0.616
452095,2017,186.0,100,82.684,17.52,0.23,0.33920915277777774,0.49923404255319154
452095,2018,224.0,66,82.11969696969697,14.893939393939394,0.18181818181818182,0.27704707692307695,0.388125
452095,2019,198.0,78,84.49871794871794,10.743589743589743,0.28205128205128205,0.25874919178082195,0.5065813953488373
452104,2015,186.0,110,83.27454545454546,11.645454545454545,0.2545454545454545,0.2766301653543307,0.438945652173913
452104,2016,192.0,126,83.40317460317459,13.936507936507937,0.20634920634920634,0.305483336,0.5038863636363636
452104,2017,198.0,157,80.16815286624204,16.019108280254777,0.17834394904458598,0.2807803028169014,0.5138409090909092
452104,2018,68.0,19,76.96842105263158,28.842105263157894,0.05263157894736842,0.2043235714285714,0.3465
452220,2015,192.0,79,86.52278481012658,16.734177215189874,0.22784810126582278,0.25139022826086954,0.39018840579710146
452220,2016,165.0,37,83.12162162162163,12.243243243243244,0.21621621621621623,0.3467408,0.6035238095238095
452220,2017,102.0,35,85.45714285714286,25.37142857142857,0.22857142857142856,0.2779994193548387,0.45375
452234,2015,198.0,72,88.82361111111112,7.916666666666667,0.4166666666666667,0.35949755913978493,0.5839354838709677
452234,2016,204.0,92,86.275,8.402173913043478,0.358695652173913,0.3920002815533981,0.7438805970149254
452234,2017,210.0,109,84.98165137614679,19.880733944954127,0.27522935779816515,0.34519753846153844,0.6639393939393939
452239,2015,160.0,54,89.80185185185185,10.796296296296296,0.37037037037037035,0.3379591538461539,0.5578913043478261
452252,2015,192.0,138,89.94782608695651,16.97826086956522,0.37681159420289856,0.41534949664429527,0.6893786407766991
452252,2016,198.0,103,84.6631067961165,13.067961165048544,0.22330097087378642,0.26743193000000004,0.485939393939394
452252,2017,204.0,85,86.35764705882353,16.11764705882353,0.3058823529411765,0.3691482432432432,0.6197592592592592
452254,2015,64.0,35,88.35428571428572,8.485714285714286,0.37142857142857144,0.40063164285714287,0.7547666666666667
452254,2016,132.0,96,88.315625,11.541666666666666,0.3541666666666667,0.30336923364485985,0.5433188405797102
452254,2017,204.0,141,83.66099290780143,8.602836879432624,0.24822695035460993,0.2792769781021898,0.5063894736842105
452254,2018,210.0,64,83.4703125,19.421875,0.234375,0.29416083333333337,0.4648
452254,2019,144.0,85,87.33058823529412,12.588235294117647,0.36470588235294116,0.38223282608695647,0.6398199999999999
452655,2015,93.0,49,82.57755102040817,12.53061224489796,0.20408163265306123,0.34465058,0.48183720930232554
452655,2016,192.0,156,80.73846153846155,7.801282051282051,0.21794871794871795,0.29213022962962965,0.41224770642201836
452655,2017,165.0,136,81.5220588235294,16.183823529411764,0.21323529411764705,0.3286427941176471,0.46802564102564104
452655,2018,238.0,158,83.20822784810126,19.10759493670886,0.2088607594936709,0.3232134848484849,0.45137755102040816
452657,2015,155.0,13,86.83846153846154,7.0,0.15384615384615385,0.108125,0.23088888888888887
452657,2016,96.0,8,81.75,-0.375,0.125,0.2604013333333334,0.3741666666666667
452657,2017,198.0,11,85.26363636363637,0.18181818181818182,0.45454545454545453,0.17264670588235295,0.347375
452657,2018,204.0,15,85.30666666666666,16.866666666666667,0.3333333333333333,0.25694117647058823,0.6056
452657,2019,175.0,14,83.9857142857143,28.714285714285715,0.2857142857142857,0.3188489285714286,0.5105714285714286
452657,2021,185.0,11,71.68181818181819,4.0,0.18181818181818182,0.21536284615384618,0.4203333333333333
452666,2017,34.0,0,,,,0.0,
452672,2015,140.0,39,84.04871794871795,9.64102564102564,0.1282051282051282,0.36190178,0.3438275862068966
452672,2016,216.0,25,82.45200000000001,12.56,0.2,0.20796896,0.2979411764705882
452672,2017,148.0,25,80.336,4.08,0.12,0.26199955555555554,0.451625
452678,2015,180.0,126,86.32460317460317,16.41269841269841,0.35714285714285715,0.33333751908396947,0.6219072164948454
452678,2016,155.0,143,83.5062937062937,19.433566433566433,0.1958041958041958,0.3030466017699115,0.5328192771084338
452678,2017,192.0,156,80.56153846153846,16.442307692307693,0.27564102564102566,0.3150551313868613,0.5383711340206185
452678,2018,198.0,176,85.65056818181819,18.664772727272727,0.29545454545454547,0.3695447887323943,0.67324
452678,2019,238.0,116,83.53620689655173,22.146551724137932,0.23275862068965517,0.320601203539823,0.5154202898550725
452678,2021,216.0,140,82.605,18.728571428571428,0.17142857142857143,0.2995344337527126,0.472375
452718,2015,93.0,8,81.0875,11.75,0.25,0.2563333333333333,0.4605714285714286
453056,2015,160.0,102,85.59705882352941,9.441176470588236,0.24509803921568626,0.2333708053097345,0.331855421686747
453056,2016,198.0,157,83.60127388535031,15.433121019108281,0.24203821656050956,0.3358829387755102,0.46748598130841124
453056,2017,170.0,93,80.17096774193548,17.462365591397848,0.1935483870967742,0.33490614444444444,0.48003225806451616
453064,2015,186.0,110,89.96636363636362,11.554545454545455,0.44545454545454544,0.2835151567164179,0.4717096774193548
453064,2016,160.0,134,86.18731343283582,24.686567164179106,0.31343283582089554,0.3303519435483871,0.5570833333333334
453064,2017,99.0,80,82.045,16.5125,0.2875,0.2746758028169014,0.4742830188679245
453064,2019,35.0,19,79.38421052631578,16.473684210526315,0.10526315789473684,0.2919684615384615,0.5509999999999999
453172,2015,30.0,0,,,,,
453172,2016,31.0,0,,,,0.0,
453178,2015,155.0,8,75.1625,-16.625,0.125,0.0782,0.15583333333333335
453178,2017,33.0,2,83.9,-19.5,0.0,0.08449999999999999,0.092
453203,2015,155.0,28,80.34285714285714,5.071428571428571,0.07142857142857142,0.2174516129032258,0.3480833333333333
453203,2016,160.0,31,84.00645161290322,13.35483870967742,0.22580645161290322,0.24422714814814814,0.2844761904761905
453203,2017,66.0,6,80.28333333333333,33.5,0.16666666666666666,0.37555422222222223,0.5182
453203,2018,68.0,10,81.8,6.2,0.0,0.1061111111111111,0.169
453211,2015,155.0,14,90.09285714285714,17.642857142857142,0.42857142857142855,0.21873616666666668,0.6703636363636364
453211,2016,96.0,16,71.85,20.5625,0.0625,0.24957858823529414,0.29133333333333333
453211,2017,33.0,2,59.5,19.0,0.0,0.0,
453214,2015,31.0,2,66.65,-45.0,0.5,0.204,0.231
453214,2016,32.0,3,66.60000000000001,24.666666666666668,0.0,0.048,0.213
453269,2015,120.0,13,81.54615384615384,17.153846153846153,0.15384615384615385,0.06924999999999999,0.1418888888888889
453281,2017,33.0,1,91.8,12.0,0.0,0.4395,1.085
453281,2021,74.0,4,74.05000000000001,21.75,0.0,0.07875,0.12833333333333333
453286,2015,155.0,7,91.8142857142857,10.0,0.42857142857142855,0.17713164285714283,0.35300000000000004
453286,2016,160.0,8,88.5875,3.625,0.375,0.1730408,0.37316666666666665
453286,2017,198.0,17,78.88235294117646,4.588235294117647,0.11764705882352941,0.16499964705882353,0.19292307692307692
453286,2018,204.0,16,76.95,-0.4375,0.1875,0.18792857142857142,0.27858333333333335
453286,2019,140.0,10,75.74000000000001,-5.0,0.1,0.08625000000000001,0.1985
453286,2021,222.0,18,80.26111111111112,8.944444444444445,0.1111111111111111,0.07466666666666666,0.19088888888888889
453311,2015,93.0,4,78.85,4.75,0.0,0.35914050000000003,0.45275000000000004
453329,2015,31.0,2,90.94999999999999,-1.5,0.0,0.3005,0.346
453329,2016,32.0,1,74.4,17.0,0.0,0.230204,
453329,2017,33.0,0,,,,0.0,
453329,2018,102.0,4,76.825,-27.75,0.0,0.21321857142857142,0.25
453344,2015,31.0,1,97.7,-14.0,1.0,0.137,0.314
453344,2018,34.0,0,,,,0.0,
453385,2015,32.0,2,90.25,-2.0,0.5,0.83,1.074
453385,2016,33.0,4,70.7,-14.25,0.25,0.016,0.053
453385,2017,204.0,15,72.99333333333334,17.2,0.0,0.0275,0.1042
453385,2018,140.0,7,67.78571428571429,17.142857142857142,0.0,0.1575042857142857,0.537
453400,2015,155.0,51,88.05490196078432,12.72549019607843,0.4117647058823529,0.4228767192982456,0.7887380952380951
453400,2016,192.0,68,84.45,7.411764705882353,0.3088235294117647,0.30089822222222223,0.607275
453527,2021,37.0,2,83.6,9.0,0.0,0.064,0.079
453539,2015,204.0,44,88.12727272727273,2.1363636363636362,0.3181818181818182,0.27149396153846156,0.38613953488372094
453562,2015,145.0,5,81.58,26.6,0.2,0.2196151875,0.8096
453562,2016,120.0,6,84.26666666666667,12.166666666666666,0.16666666666666666,0.20666120000000002,0.50775
453562,2017,186.0,11,72.71818181818182,12.545454545454545,0.0,0.06055555555555555,0.21166666666666667
453562,2018,128.0,10,79.84,26.5,0.2,0.2680046153846154,0.6035999999999999
453562,2019,165.0,10,81.83,21.1,0.2,0.30090000000000006,0.483875
453562,2021,175.0,1,23.4,13.0,0.0,0.0,
453568,2015,174.0,132,85.49621212121212,16.893939393939394,0.25,0.26791295205479454,0.3836491228070176
453568,2016,180.0,174,85.05862068965517,16.770114942528735,0.25862068965517243,0.3628434520547945,0.5632612612612612
453568,2017,186.0,191,82.7324607329843,16.51832460732984,0.27225130890052357,0.37698910588235296,0.6793504273504273
453568,2018,224.0,195,83.67846153846155,18.29230769230769,0.26666666666666666,0.3745996764705882,0.6068373983739836
453568,2019,198.0,160,83.34812500000001,15.09375,0.275,0.3499681212121212,0.55627
453568,2021,210.0,200,83.73549999999999,18.7,0.29,0.3835642684124341,0.6285428571428572
453568,2022,216.0,174,80.37241379310345,14.617142857142857,0.1896551724137931,0.29353333910533913,0.47266336633663364
453568,2023,185.0,122,80.6188524590164,23.84426229508197,0.13934426229508196,0.31929008593136665,0.4281449275362319
453568,2024,494.0,305,81.0432786885246,19.01311475409836,0.22295081967213115,0.28741850790211754,0.43413661202185794
453646,2015,32.0,0,,,,0.0,
453646,2016,33.0,0,,,,0.0,
453895,2015,99.0,14,88.72857142857143,20.285714285714285,0.35714285714285715,0.27780649999999996,0.47600000000000003
453895,2016,34.0,0,,,,0.0,
453923,2015,192.0,77,84.92727272727272,17.90909090909091,0.2727272727272727,0.29797432978723404,0.47428358208955224
453923,2016,165.0,73,78.73698630136987,19.958904109589042,0.1232876712328767,0.22214315151515152,0.3282127659574468
453923,2017,170.0,47,81.1872340425532,11.48936170212766,0.23404255319148937,0.3003176363636364,0.411030303030303
453923,2018,175.0,51,84.57058823529412,14.352941176470589,0.21568627450980393,0.27506,0.49417142857142854
453943,2015,174.0,148,89.10405405405405,16.756756756756758,0.3716216216216216,0.3357842974683544,0.6465652173913043
453943,2016,180.0,173,82.17398843930636,20.99421965317919,0.2138728323699422,0.30634432911392406,0.5462673267326733
453943,2017,186.0,146,81.79246575342466,24.883561643835616,0.2191780821917808,0.35600308799999997,0.6016913580246914
453943,2018,192.0,136,84.14338235294117,22.75735294117647,0.2426470588235294,0.3544403738317757,0.6631304347826087
453943,2019,198.0,131,84.0351145038168,19.251908396946565,0.2748091603053435,0.30466282644628095,0.537284090909091
453943,2021,35.0,15,79.78666666666666,0.26666666666666666,0.26666666666666666,0.31904576623376624,0.4237777777777778
454560,2015,204.0,44,87.51363636363637,7.090909090909091,0.2727272727272727,0.3161472448979592,0.4639444444444444
454560,2016,210.0,52,84.275,15.576923076923077,0.23076923076923078,0.25553681355932206,0.3953947368421053
454560,2017,216.0,37,83.38648648648649,25.972972972972972,0.21621621621621623,0.2609996,0.4049090909090909
454560,2018,259.0,64,84.0265625,20.390625,0.28125,0.3109193137254902,0.43229032258064515
454975,2016,32.0,6,92.01666666666667,11.833333333333334,0.5,0.45699999999999996,0.8825
455104,2015,192.0,44,84.31590909090909,19.022727272727273,0.18181818181818182,0.2407730136986301,0.44384210526315787
455104,2016,198.0,92,83.2554347826087,21.402173913043477,0.31521739130434784,0.36240020987654326,0.6700961538461538
455104,2017,204.0,81,78.93950617283951,16.074074074074073,0.14814814814814814,0.2992491315789474,0.5685853658536586
455104,2018,245.0,92,84.78260869565217,15.66304347826087,0.30434782608695654,0.368039,0.6013018867924528
455104,2019,180.0,44,90.46818181818182,13.613636363636363,0.4772727272727273,0.4053202244897959,0.847551724137931
455117,2015,174.0,38,86.64473684210526,17.105263157894736,0.2631578947368421,0.21551057999999998,0.3654117647058823
455117,2016,150.0,38,86.72894736842105,12.157894736842104,0.3157894736842105,0.3065162978723404,0.69428
455117,2017,186.0,110,81.77999999999999,13.163636363636364,0.22727272727272727,0.2835206666666667,0.5506075949367089
455117,2018,224.0,107,83.16635514018691,16.242990654205606,0.17757009345794392,0.2832435,0.4556478873239436
455117,2019,231.0,113,82.91769911504426,16.557522123893804,0.23893805309734514,0.29512182857142855,0.5149999999999999
455117,2021,210.0,127,78.95590551181104,17.181102362204726,0.15748031496062992,0.2280434435889694,0.4053859649122807
455117,2022,216.0,109,82.9605504587156,10.309090909090909,0.3302752293577982,0.2798514494382022,0.48175438596491227
455117,2023,259.0,107,78.63364485981307,21.72897196261682,0.16822429906542055,0.2575812984742269,0.5493399999999999
455117,2024,380.0,110,83.82363636363637,23.563636363636363,0.2727272727272727,0.24400324183568314,0.4197076923076923
455139,2015,155.0,38,82.67105263157895,18.842105263157894,0.23684210526315788,0.25939483333333335,0.29909375
455139,2016,128.0,49,82.32857142857142,24.306122448979593,0.2857142857142857,0.2869867441860465,0.55075
455139,2017,198.0,61,83.35737704918033,25.83606557377049,0.3442622950819672,0.33397748437499997,0.61975
455139,2018,204.0,108,82.38055555555556,24.89814814814815,0.2222222222222222,0.26764330275229353,0.6124259259259259
455139,2019,245.0,85,83.20705882352942,24.764705882352942,0.25882352941176473,0.30078675,0.5528039215686275
455139,2021,111.0,26,78.26923076923077,27.0,0.19230769230769232,0.32469806018518516,0.8712307692307693
455139,2022,228.0,64,79.953125,16.453125,0.1875,0.3119163996265173,0.5029230769230769
455369,2016,31.0,11,84.24545454545455,35.18181818181818,0.36363636363636365,0.37244444444444447,0.6838571428571428
455755,2015,165.0,37,80.52432432432431,11.243243243243244,0.13513513513513514,0.32785276190476187,0.4283030303030303
455755,2016,102.0,37,82.21351351351352,10.91891891891892,0.21621621621621623,0.2884336764705882,0.32051851851851854
455755,2017,140.0,32,76.825,4.28125,0.125,0.18336,0.2741363636363636
455755,2018,36.0,21,81.72857142857143,6.428571428571429,0.09523809523809523,0.27897062499999997,0.3443076923076923
455759,2015,192.0,66,85.89545454545454,19.181818181818183,0.3181818181818182,0.25812902816901406,0.3519
455759,2016,132.0,34,92.2470588235294,15.205882352941176,0.47058823529411764,0.37441751351351354,0.6152857142857143
455759,2017,204.0,65,81.55692307692308,17.630769230769232,0.24615384615384617,0.3923961929824561,0.6485
455759,2018,140.0,23,78.37391304347827,23.217391304347824,0.17391304347826086,0.18688692307692306,0.3505384615384616
455976,2015,192.0,143,88.10209790209791,10.090909090909092,0.32867132867132864,0.30210081097560976,0.4033359375
455976,2016,198.0,162,86.91604938271605,17.77777777777778,0.32098765432098764,0.32093402898550727,0.4987264150943396
455976,2017,204.0,176,82.24659090909091,20.482954545454547,0.20454545454545456,0.32208800689655176,0.48465979381443297
455976,2018,245.0,212,85.69764150943396,17.443396226415093,0.2971698113207547,0.3546717597765363,0.5014666666666666
455976,2019,180.0,101,85.01584158415842,17.683168316831683,0.2871287128712871,0.3380858854166666,0.5231044776119403
456030,2015,128.0,74,87.5945945945946,7.162162162162162,0.20270270270270271,0.27675866666666665,0.3654918032786886
456030,2016,198.0,169,85.59526627218935,12.337278106508876,0.2485207100591716,0.31132027777777777,0.40131967213114755
456030,2017,170.0,108,81.68055555555556,12.75925925925926,0.16666666666666666,0.33337681632653066,0.4546388888888889
456030,2018,35.0,5,78.7,6.25,0.0,0.28733333333333333,0.36800000000000005
456034,2016,93.0,4,88.15,24.0,0.25,0.0,0.0
456034,2021,36.0,2,94.5,-10.0,0.5,0.4325,0.5435
456068,2017,33.0,0,,,,0.692994,
456071,2015,87.0,2,55.25,5.5,0.0,0.037500000000000006,0.089
456078,2015,168.0,56,89.05892857142858,17.607142857142858,0.39285714285714285,0.3608229230769231,0.7845624999999999
456078,2016,174.0,107,84.32056074766355,20.878504672897197,0.2616822429906542,0.2518421176470588,0.4018787878787879
456078,2017,120.0,62,86.3225806451613,20.903225806451612,0.3870967741935484,0.36560986440677967,0.6821904761904762
456078,2018,124.0,39,85.68974358974359,20.923076923076923,0.358974358974359,0.31182207317073174,0.7952608695652174
456078,2019,160.0,46,82.97391304347826,20.41304347826087,0.2391304347826087,0.26873814,0.5278461538461539
456121,2015,140.0,38,86.81842105263158,8.157894736842104,0.3684210526315789,0.3881104634146341,0.6611666666666667
456124,2015,35.0,5,87.38,-6.2,0.2,0.12233333333333334,0.1856
456124,2016,108.0,13,92.63846153846156,20.307692307692307,0.6923076923076923,0.22352941176470587,0.6564444444444444
456124,2018,190.0,47,85.48085106382979,16.170212765957448,0.2765957446808511,0.2616370212765957,0.45076666666666665
456124,2019,117.0,21,82.26190476190476,19.19047619047619,0.14285714285714285,0.18463635,0.16269230769230772
456167,2016,28.0,1,95.6,-13.0,1.0,0.0,
456167,2017,29.0,2,76.55000000000001,15.0,0.0,0.0,
456422,2015,198.0,80,83.01624999999999,7.0,0.1875,0.27703993457943926,0.4267571428571429
456422,2016,136.0,70,80.91571428571429,15.971428571428572,0.1,0.21552641025641028,0.3766666666666667
456488,2015,140.0,21,89.46666666666667,7.571428571428571,0.3333333333333333,0.19718181818181818,0.295764705882353
456488,2016,174.0,163,84.20981595092024,17.515337423312882,0.3128834355828221,0.31161991472868217,0.4820188679245283
456488,2017,150.0,154,83.03896103896103,13.24025974025974,0.24675324675324675,0.2966741395348837,0.41544954128440365
456488,2018,217.0,167,82.9874251497006,13.62874251497006,0.2634730538922156,0.26575370503597123,0.39229565217391305
456488,2019,128.0,55,81.5309090909091,23.21818181818182,0.23636363636363636,0.23249523255813953,0.33784210526315794
456501,2015,87.0,7,78.48571428571428,13.714285714285714,0.0,0.179605375,0.1718
456501,2016,180.0,15,73.48666666666666,-6.4,0.0,0.13013333333333332,0.20536363636363636
456501,2017,124.0,9,78.84444444444443,-7.222222222222222,0.1111111111111111,0.2180994,0.225125
456501,2018,64.0,8,77.25,8.5,0.0,0.054200000000000005,0.09633333333333333
456501,2021,105.0,9,75.26666666666667,0.6666666666666666,0.0,0.21175,0.2815714285714286
456665,2015,160.0,66,87.94848484848485,20.363636363636363,0.2878787878787879,0.2767246,0.4365272727272727
456665,2016,165.0,66,85.45909090909092,19.90909090909091,0.2878787878787879,0.41288806666666666,0.6570909090909091
456665,2017,170.0,108,83.04722222222223,16.685185185185187,0.24074074074074073,0.30678267021276595,0.502090909090909
456665,2018,175.0,56,87.78750000000001,13.0,0.30357142857142855,0.3784053636363636,0.7013157894736842
456665,2019,72.0,17,87.07058823529412,21.88235294117647,0.23529411764705882,0.2034216666666667,0.24333333333333332
456701,2016,30.0,0,,,,,
456701,2017,93.0,10,74.7,0.3,0.1,0.1448,0.21275000000000002
456701,2018,96.0,3,83.23333333333333,17.333333333333332,0.3333333333333333,0.22633333333333336,0.402
456714,2015,174.0,115,87.83217391304349,8.165217391304347,0.3739130434782609,0.32840233088235293,0.5402475247524752
456714,2016,180.0,88,85.95340909090909,7.795454545454546,0.36363636363636365,0.3593426666666667,0.5108833333333334
456715,2015,174.0,115,88.20782608695652,11.373913043478261,0.3565217391304348,0.4221426875,0.7106774193548387
456715,2016,150.0,95,83.19157894736841,14.705263157894738,0.25263157894736843,0.2863283636363636,0.5084181818181819
456715,2017,186.0,183,82.0846994535519,15.371584699453551,0.2185792349726776,0.34507019333333333,0.5079285714285714
456715,2018,192.0,159,82.5433962264151,12.345911949685535,0.2578616352201258,0.31916954545454546,0.45975000000000005
456715,2019,231.0,181,80.9171270718232,11.767955801104973,0.23756906077348067,0.29929541666666665,0.43669444444444444
456715,2021,140.0,85,81.10235294117646,9.51764705882353,0.25882352941176473,0.3584360396825397,0.5089795918367347
456715,2022,108.0,58,81.12413793103448,17.637931034482758,0.22413793103448276,0.2550042405372406,0.43422222222222223
456781,2015,112.0,22,87.45,3.590909090909091,0.3181818181818182,0.32749877272727274,0.4235555555555556
456781,2019,160.0,68,86.80147058823529,13.455882352941176,0.4264705882352941,0.3705017647058823,0.6075250000000001
456781,2021,136.0,130,81.78769230769231,13.138461538461538,0.2,0.33309689543397775,0.554968253968254
456781,2022,105.0,97,82.86494845360825,17.0,0.24742268041237114,0.3464604559023066,0.5325
456781,2023,252.0,130,86.05846153846154,17.96153846153846,0.3,0.41236881902023165,0.7051666666666666
456781,2024,185.0,110,82.65454545454546,17.163636363636364,0.24545454545454545,0.3186679386657787,0.4847777777777778
457449,2015,60.0,2,90.35,39.0,0.5,0.1722,0.5595
457454,2015,150.0,29,92.16206896551724,21.03448275862069,0.41379310344827586,0.3746106949152542,0.9746428571428571
457454,2016,186.0,44,85.52727272727272,22.704545454545453,0.25,0.2533499259259259,0.47192592592592597
457454,2017,32.0,5,84.88,37.0,0.2,0.18039999999999998,0.27875
457454,2018,33.0,1,82.9,-21.0,0.0,0.062,0.044
457477,2015,186.0,68,85.21470588235294,17.985294117647058,0.20588235294117646,0.2620064358974359,0.4443518518518519
457477,2016,192.0,46,83.47173913043478,19.652173913043477,0.2391304347826087,0.30659966071428574,0.5428181818181819
457477,2017,33.0,11,79.18181818181819,18.363636363636363,0.09090909090909091,0.2933636363636363,0.4041
457574,2015,58.0,20,82.39500000000001,19.8,0.3,0.2835624210526316,0.3487142857142857
457574,2016,60.0,12,76.09166666666667,34.583333333333336,0.0,0.2629090909090909,0.3727
457705,2015,174.0,125,88.4984,11.744,0.424,0.43007300641025636,0.7407047619047619
457705,2016,180.0,156,85.7474358974359,17.19871794871795,0.36538461538461536,0.38414963999999996,0.657625
457705,2017,186.0,163,83.2564417177914,19.969325153374232,0.24539877300613497,0.32820206535947716,0.5721333333333333
457705,2018,224.0,175,86.05085714285714,15.82857142857143,0.2914285714285714,0.34433009868421055,0.5831869158878505
457705,2019,99.0,62,84.9,11.85483870967742,0.27419354838709675,0.38083104166666665,0.665813953488372
457705,2021,175.0,133,84.78571428571429,16.045112781954888,0.2556390977443609,0.36222359967260154,0.6627662337662338
457705,2022,180.0,156,83.63461538461539,17.29746835443038,0.2564102564102564,0.37413674766703175,0.7023896103896105
457705,2023,222.0,151,84.50860927152318,18.144736842105264,0.24503311258278146,0.3640676265040114,0.523112676056338
457705,2024,456.0,259,82.37451737451738,15.378378378378379,0.27413127413127414,0.32508807698102365,0.6235806451612903
457706,2015,140.0,82,88.68536585365854,10.329268292682928,0.4146341463414634,0.284272785046729,0.5036857142857142
457706,2016,87.0,76,81.77499999999999,18.19736842105263,0.19736842105263158,0.33184826666666667,0.44134883720930235
457706,2017,120.0,66,83.6530303030303,19.560606060606062,0.25757575757575757,0.3330358181818182,0.5221
457706,2018,217.0,101,81.13465346534653,13.77,0.22772277227722773,0.25364204301075266,0.43089830508474575
457708,2015,168.0,110,87.94363636363637,14.409090909090908,0.33636363636363636,0.32838066233766233,0.5144719101123595
457708,2016,174.0,141,85.39716312056737,19.69503546099291,0.3120567375886525,0.3112775850340136,0.6943522727272726
457708,2017,180.0,141,82.36170212765957,22.127659574468087,0.24113475177304963,0.3657043284671533,0.7156410256410256
457708,2018,217.0,158,84.14873417721519,16.753164556962027,0.3291139240506329,0.3183995253164557,0.5805
457708,2019,96.0,55,81.97272727272727,19.98181818181818,0.3090909090909091,0.2864995098039216,0.6173928571428571
457708,2021,170.0,116,82.60000000000001,20.74137931034483,0.2413793103448276,0.3826471154858011,0.7623529411764707
457708,2022,35.0,6,82.93333333333334,27.166666666666668,0.16666666666666666,0.4168144285714286,0.521
457711,2015,56.0,1,79.8,-8.0,0.0,0.016,0.074
457727,2015,168.0,99,88.62929292929292,-1.121212121212121,0.3434343434343434,0.2974088166666667,0.46193023255813953
457727,2016,116.0,57,82.04385964912281,9.87719298245614,0.17543859649122806,0.25297987878787875,0.375953488372093
457727,2017,150.0,90,83.82555555555555,9.966666666666667,0.3111111111111111,0.31050553000000003,0.5381639344262296
457727,2018,217.0,105,84.15809523809524,13.00952380952381,0.2857142857142857,0.33485669902912624,0.525974025974026
457727,2019,160.0,44,83.87272727272727,18.363636363636363,0.25,0.27499549019607844,0.48324137931034483
457759,2015,155.0,69,87.14927536231885,14.884057971014492,0.3188405797101449,0.33327416279069766,0.5189322033898305
457759,2016,192.0,166,85.68734939759037,24.174698795180724,0.25903614457831325,0.3209282251655629,0.5625631067961165
457759,2017,165.0,147,82.37074829931973,22.482993197278912,0.22448979591836735,0.36809721621621616,0.6409078947368422
457759,2018,170.0,113,84.68672566371681,19.787610619469028,0.24778761061946902,0.40217456521739126,0.6136666666666667
457759,2019,210.0,163,83.15030674846626,23.687116564417177,0.22699386503067484,0.32438431617647057,0.549375
457759,2021,222.0,208,83.39759615384615,20.0,0.23076923076923078,0.3755659084802947,0.6272079207920792
457759,2022,228.0,218,82.87798165137616,21.59633027522936,0.23394495412844038,0.34305630721286323,0.598757281553398
457759,2023,273.0,256,82.80625,21.3828125,0.2265625,0.3475608981931195,0.5306120689655173
457759,2024,520.0,371,82.57088948787062,21.660377358490567,0.2210242587601078,0.3571595184787288,0.541390243902439
457760,2015,31.0,4,82.95,18.5,0.25,0.47525000000000006,0.8206666666666668
457763,2015,168.0,125,89.21839999999999,11.36,0.392,0.38947648,0.5671960784313725
457763,2016,174.0,142,86.5112676056338,12.612676056338028,0.34507042253521125,0.3526376507936508,0.5532783505154639
457763,2017,180.0,165,85.10363636363637,17.01818181818182,0.2787878787878788,0.37336988652482267,0.5521981132075472
457763,2018,155.0,138,85.05942028985508,13.579710144927537,0.2608695652173913,0.36694122727272727,0.5018255813953488
457763,2019,224.0,149,85.24630872483222,15.550335570469798,0.2483221476510067,0.32274436440677967,0.43996808510638297
457763,2021,204.0,135,82.43703703703704,9.548148148148147,0.2814814814814815,0.3917851742556505,0.6890921052631579
457768,2016,29.0,0,,,,0.0,
457775,2015,29.0,20,85.265,20.2,0.05,0.3018272380952381,0.2878
457775,2016,90.0,51,85.8921568627451,17.274509803921568,0.3333333333333333,0.3325329090909091,0.5996451612903225
457787,2015,168.0,72,84.00277777777778,12.916666666666666,0.2916666666666667,0.28761587804878047,0.6313673469387755
457787,2016,174.0,115,85.75652173913043,18.391304347826086,0.2956521739130435,0.2890803409090909,0.586886075949367
457787,2017,180.0,57,81.60526315789474,23.57894736842105,0.19298245614035087,0.26503264705882357,0.6367499999999999
457788,2015,58.0,24,79.45416666666667,8.708333333333334,0.20833333333333334,0.21765517241379312,0.46729411764705886
457789,2016,29.0,14,81.06428571428572,32.785714285714285,0.14285714285714285,0.190258,0.33133333333333337
457803,2015,168.0,121,89.58264462809917,13.669421487603305,0.39669421487603307,0.30870182,0.6462021276595744
457803,2016,174.0,156,83.40448717948718,18.66025641025641,0.20512820512820512,0.31365329007633586,0.618065934065934
457803,2017,180.0,128,85.90234375,17.84375,0.359375,0.38562005982905984,0.738111111111111
457803,2018,155.0,118,82.89237288135594,21.02542372881356,0.22033898305084745,0.33233797872340426,0.5332794117647058
457803,2019,160.0,86,84.71860465116279,22.023255813953487,0.27906976744186046,0.39276479999999997,0.8034
457803,2021,34.0,29,78.49655172413793,11.03448275862069,0.10344827586206896,0.2773834,0.3389285714285714
457915,2019,68.0,1,38.8,-71.0,0.0,,
457918,2015,33.0,2,79.95,47.0,0.0,0.03233333333333333,0.067
457918,2019,37.0,1,99.7,-20.0,1.0,0.141,0.157
457918,2021,78.0,7,71.6,17.714285714285715,0.0,0.0625,0.09175
457926,2015,33.0,3,83.43333333333334,13.666666666666666,0.0,0.037,0.067
457926,2016,68.0,9,80.35555555555555,13.555555555555555,0.1111111111111111,0.250488625,0.24300000000000002
457926,2017,35.0,7,79.94285714285715,4.571428571428571,0.0,0.0695,0.0986
458015,2015,192.0,112,88.21428571428571,8.169642857142858,0.4017857142857143,0.39738965217391303,0.7149354838709678
458015,2016,198.0,148,83.12094594594595,15.45945945945946,0.21621621621621623,0.35266031677018633,0.5206304347826087
458015,2017,204.0,187,82.03101604278075,16.513368983957218,0.24064171122994651,0.4420236913580247,0.6895862068965516
458015,2018,245.0,158,82.44746835443038,16.038216560509554,0.20253164556962025,0.36274410596026485,0.5440638297872341
458015,2019,252.0,196,84.76938775510203,17.887755102040817,0.3010204081632653,0.365533628742515,0.5822820512820512
458015,2021,190.0,140,84.96357142857144,15.414285714285715,0.3142857142857143,0.3581543644091634,0.6244594594594595
458015,2022,156.0,99,84.089898989899,23.90909090909091,0.26262626262626265,0.3084995334830503,0.519433962264151
458015,2023,80.0,52,82.85000000000001,22.48076923076923,0.28846153846153844,0.30931786755870183,0.706857142857143
458085,2015,180.0,118,87.77881355932203,16.364406779661017,0.2711864406779661,0.28773230434782604,0.45404395604395603
458085,2016,155.0,60,82.84333333333333,9.683333333333334,0.15,0.2360165625,0.4073589743589744
458085,2017,64.0,19,76.02105263157895,5.421052631578948,0.15789473684210525,0.2029996,0.30927272727272725
458582,2015,29.0,0,,,,0.0,
458582,2016,30.0,17,79.50588235294117,14.0,0.23529411764705882,0.30025,0.4552727272727273
458668,2015,29.0,0,,,,0.0,
458675,2015,174.0,78,89.34358974358975,21.487179487179485,0.358974358974359,0.3429101359223301,0.7212461538461539
458675,2016,180.0,101,86.1069306930693,19.0,0.3564356435643564,0.3360029913043478,0.5951369863013699
458675,2017,62.0,34,84.73823529411764,23.294117647058822,0.2647058823529412,0.377437125,0.9594999999999999
458675,2018,64.0,15,79.76,14.0,0.2,0.2595120588235294,0.8566666666666666
458676,2017,30.0,1,67.8,21.0,0.0,0.0,
458681,2015,140.0,10,86.82000000000001,24.0,0.3,0.247,0.502375
458681,2017,180.0,18,72.54444444444444,16.055555555555557,0.05555555555555555,0.025625000000000002,0.08283333333333333
458681,2018,62.0,1,92.8,21.0,0.0,0.303,0.478
458681,2021,34.0,4,77.55,-3.75,0.0,0.05266666666666667,0.19
458689,2015,58.0,3,82.53333333333335,37.666666666666664,0.3333333333333333,0.14416666666666667,0.71
458708,2017,33.0,0,,,,0.0,
458708,2021,37.0,0,,,,0.0,
458731,2015,192.0,97,87.5319587628866,6.927835051546392,0.36082474226804123,0.3149907196969697,0.46597727272727274
458731,2016,198.0,170,83.41941176470588,12.041176470588235,0.23529411764705882,0.36963431645569617,0.5460089285714286
458731,2017,204.0,168,81.87619047619049,14.958333333333334,0.2261904761904762,0.3167363212121212,0.5018584905660377
458731,2018,245.0,173,83.28092485549134,18.761627906976745,0.23121387283236994,0.26984104430379746,0.41558715596330276
458731,2019,252.0,121,84.42644628099174,18.123966942148762,0.24793388429752067,0.27494622881355935,0.47768831168831166
458731,2021,228.0,117,82.96324786324787,22.22222222222222,0.20512820512820512,0.31052772952970664,0.4124181818181818
458913,2015,90.0,18,88.37777777777778,-2.7222222222222223,0.5,0.30614157142857146,0.37729411764705884
458913,2017,96.0,26,83.08461538461538,8.038461538461538,0.3076923076923077,0.2966946333333334,0.2807142857142857
458913,2018,99.0,30,80.58666666666666,18.633333333333333,0.13333333333333333,0.20375683333333333,0.34882352941176475
459431,2015,29.0,2,79.55000000000001,-13.5,0.0,0.07400000000000001,0.0765
459431,2016,180.0,146,85.08698630136986,12.616438356164384,0.3219178082191781,0.3155386541353384,0.5920864197530865
459431,2017,124.0,72,80.69722222222222,25.291666666666668,0.20833333333333334,0.3087206229508197,0.507675
459964,2015,155.0,48,85.50208333333335,12.708333333333334,0.3125,0.2623000158730159,0.41397435897435897
459964,2016,192.0,55,83.83636363636364,16.01818181818182,0.2727272727272727,0.3948597142857143,0.8096857142857142
459964,2017,198.0,127,83.40472440944882,18.724409448818896,0.2992125984251969,0.4074178671875,0.7538051948051948
459964,2018,204.0,86,82.88604651162791,18.0,0.18604651162790697,0.2828451898734177,0.4869583333333334
459964,2019,245.0,62,81.64354838709677,20.693548387096776,0.20967741935483872,0.3815755454545454,0.6059166666666667
459964,2021,111.0,22,82.57727272727271,19.5,0.18181818181818182,0.35798296703296706,0.5525454545454546
460003,2015,32.0,8,84.0875,6.0,0.0,0.21725,0.36199999999999993
460026,2015,192.0,77,87.3935064935065,8.688311688311689,0.33766233766233766,0.2769453924050633,0.44361290322580643
460026,2016,198.0,85,84.87176470588236,14.0,0.23529411764705882,0.3007268372093023,0.4509
460026,2017,204.0,77,84.62597402597402,14.376623376623376,0.2987012987012987,0.32807898412698416,0.6192222222222222
460026,2018,245.0,73,86.02054794520548,14.219178082191782,0.3561643835616438,0.4299357692307692,0.7680444444444444
460026,2019,108.0,30,85.05333333333334,16.7,0.26666666666666666,0.27666475,0.39237500000000003
460055,2015,128.0,20,82.025,9.3,0.1,0.21838447826086957,0.4159333333333333
460060,2015,186.0,35,86.13142857142859,12.657142857142857,0.2571428571428571,0.2569866382978723,0.38949999999999996
460060,2016,128.0,49,81.16122448979593,16.73469387755102,0.1836734693877551,0.2854484761904762,0.49774193548387097
460060,2017,198.0,63,81.37619047619047,25.158730158730158,0.1111111111111111,0.23767249999999998,0.3343529411764706
460060,2018,34.0,9,76.38888888888889,15.222222222222221,0.1111111111111111,0.436212,0.479
460075,2015,192.0,105,89.60380952380953,5.552380952380952,0.42857142857142855,0.39251472592592596,0.6599032258064517
460075,2016,198.0,143,88.06363636363635,11.44055944055944,0.35664335664335667,0.35895792028985507,0.6245283018867924
460075,2017,170.0,108,84.77685185185184,13.972222222222221,0.3611111111111111,0.41907129347826083,0.7143731343283583
460075,2018,245.0,138,85.08695652173913,11.442028985507246,0.30434782608695654,0.327506106870229,0.5831521739130434
460075,2019,216.0,139,87.13884892086331,9.517985611510792,0.3237410071942446,0.3242277394957983,0.5825869565217391
460077,2015,160.0,16,81.22500000000001,28.0625,0.1875,0.20558968181818182,0.2948125
460077,2016,165.0,30,80.97,18.9,0.2,0.25548977777777776,0.48605882352941177
460077,2017,170.0,37,82.52432432432433,23.72972972972973,0.21621621621621623,0.16544806896551725,0.28345
460077,2018,245.0,55,82.60181818181819,25.236363636363638,0.18181818181818182,0.19422,0.23674193548387099
460077,2019,72.0,5,70.38,28.6,0.0,0.0124,0.02266666666666667
460077,2021,38.0,4,85.775,25.5,0.25,0.4295,0.7210000000000001
460086,2015,155.0,68,86.40441176470588,19.058823529411764,0.27941176470588236,0.31812080582524277,0.44732758620689655
460086,2016,160.0,89,82.90224719101124,16.93258426966292,0.23595505617977527,0.2772648971962617,0.528
460086,2017,198.0,140,82.895,17.978571428571428,0.25,0.30888916666666666,0.5335061728395062
460086,2018,238.0,147,83.15714285714286,13.421768707482993,0.23809523809523808,0.322447972027972,0.60058
460086,2019,245.0,177,84.13559322033899,13.994350282485875,0.2655367231638418,0.3198643043478261,0.44626126126126126
460099,2015,128.0,33,83.13030303030304,16.484848484848484,0.21212121212121213,0.3072714791666667,0.5128620689655172
460099,2016,198.0,41,78.73414634146343,21.804878048780488,0.14634146341463414,0.30801209523809525,0.4522380952380952
460131,2015,31.0,10,91.67,11.2,0.4,0.45131588888888885,0.6032500000000001
460269,2015,66.0,19,88.2421052631579,14.631578947368421,0.3157894736842105,0.3926442380952381,0.6468
460269,2016,170.0,41,86.08292682926829,17.341463414634145,0.24390243902439024,0.26855475609756096,0.683
460269,2017,210.0,49,81.09387755102041,18.387755102040817,0.22448979591836735,0.35433694117647063,0.47813793103448277
460269,2018,144.0,19,83.30526315789473,10.263157894736842,0.21052631578947367,0.35605464285714283,0.46362499999999995
460576,2015,180.0,110,89.84818181818181,17.59090909090909,0.43636363636363634,0.3221990307692308,0.5860219780219781
460576,2016,186.0,114,80.0219298245614,8.736842105263158,0.23684210526315788,0.25552535537190085,0.4713582089552239
460576,2017,160.0,121,82.04380165289255,21.09917355371901,0.2644628099173554,0.35708753174603175,0.8418153846153845
460576,2018,231.0,114,79.10087719298245,23.99122807017544,0.14035087719298245,0.29342655339805823,0.47308064516129034
460576,2019,34.0,23,79.39565217391305,21.17391304347826,0.13043478260869565,0.2448095238095238,0.46085714285714285
461235,2015,192.0,90,87.96777777777778,18.61111111111111,0.32222222222222224,0.28821499206349205,0.5811805555555556
461235,2016,198.0,106,83.51981132075473,24.037735849056602,0.29245283018867924,0.3302204495412844,0.6598529411764706
461235,2017,204.0,74,83.34054054054054,24.472972972972972,0.22972972972972974,0.2891766075949367,0.5975106382978723
461314,2015,186.0,137,86.36788321167883,11.94890510948905,0.32116788321167883,0.3188643888888889,0.605070796460177
461314,2016,192.0,162,84.37160493827162,15.524691358024691,0.29012345679012347,0.3548931,0.7125840707964602
461314,2017,165.0,135,84.68074074074073,11.414814814814815,0.28888888888888886,0.3517336290322581,0.7020786516853933
461314,2018,238.0,128,84.80078125,14.7109375,0.328125,0.35238376984126984,0.6919186046511627
461314,2019,35.0,12,80.625,9.416666666666666,0.16666666666666666,0.09433333333333332,0.22942857142857145
461416,2015,198.0,80,84.40625,3.275,0.2875,0.31376771717171714,0.4730144927536232
461416,2016,34.0,8,81.3125,7.375,0.0,0.1711666666666667,0.31224999999999997
461815,2015,204.0,74,89.77432432432433,13.27027027027027,0.40540540540540543,0.3508449090909091,0.5095645161290323
461829,2015,120.0,8,78.9125,17.875,0.125,0.10290358333333333,0.108
461829,2016,155.0,6,87.21666666666665,16.0,0.16666666666666666,0.1488888888888889,0.3338
461829,2017,160.0,9,67.28888888888889,9.88888888888889,0.0,0.051444444444444445,0.07914285714285715
461829,2018,231.0,11,77.23636363636363,16.272727272727273,0.0,0.0874375,0.27266666666666667
461829,2019,136.0,2,83.15,20.0,0.0,0.01075,0.11
461858,2015,174.0,107,88.84299065420561,15.037383177570094,0.3364485981308411,0.33984776515151516,0.5378804347826087
461858,2016,150.0,107,82.99532710280374,12.037383177570094,0.2616822429906542,0.2759107865168539,0.5031076923076923
461858,2017,186.0,83,83.98192771084338,16.49397590361446,0.26506024096385544,0.29506134666666667,0.5386981132075471
461865,2015,180.0,46,85.77391304347827,3.0869565217391304,0.21739130434782608,0.22013691666666665,0.296575
461865,2016,186.0,62,80.0241935483871,11.870967741935484,0.11290322580645161,0.3200344583333333,0.39916216216216216
461865,2017,192.0,95,80.30736842105263,13.663157894736843,0.2,0.28686336363636367,0.42652830188679247
461865,2018,165.0,24,79.2375,14.791666666666666,0.125,0.26980565217391306,0.5187142857142858
461865,2021,72.0,30,71.98666666666666,15.1,0.06666666666666667,0.22882335,0.4092307692307692
462101,2015,162.0,129,85.15813953488372,11.372093023255815,0.1937984496124031,0.2420476382978723,0.3053245614035088
462101,2016,168.0,163,84.23006134969326,11.355828220858896,0.27607361963190186,0.32538267346938776,0.4675877192982456
462101,2017,174.0,148,83.75,12.5,0.2635135135135135,0.35317873426573426,0.6380865384615385
462101,2018,150.0,141,83.81205673758865,9.460992907801419,0.24822695035460993,0.32240156521739133,0.4703163265306123
462101,2019,217.0,172,86.86976744186046,13.837209302325581,0.32558139534883723,0.3384195605095542,0.514467741935484
462101,2021,198.0,185,81.9,15.113513513513514,0.21081081081081082,0.3114468072141759,0.47899019607843135
462101,2022,204.0,167,81.31377245508982,16.682634730538922,0.18562874251497005,0.30137445067685936,0.43200000000000005
462101,2023,210.0,116,83.30344827586205,8.39655172413793,0.21551724137931033,0.3064299832251082,0.42534375
462136,2018,35.0,0,,,,0.0,
462382,2016,33.0,0,,,,0.0,
462515,2017,31.0,2,73.15,20.5,0.0,0.188,0.218
462564,2015,210.0,25,86.99600000000001,12.12,0.36,0.2379809696969697,0.31495238095238093
463610,2015,93.0,11,79.10909090909091,-4.090909090909091,0.18181818181818182,0.14765620000000002,0.19255555555555556
463610,2016,160.0,32,84.9875,13.5,0.375,0.3411291714285714,0.6846666666666668
463610,2018,34.0,13,86.19999999999999,12.0,0.3076923076923077,0.4117108333333333,0.567
465041,2015,174.0,81,89.46913580246914,5.37037037037037,0.43209876543209874,0.3639768613861386,0.52656338028169
465041,2016,150.0,76,83.66842105263157,16.986842105263158,0.2236842105263158,0.3615818674698795,0.47646938775510206
465041,2017,155.0,68,81.08529411764707,9.014705882352942,0.25,0.3495008904109589,0.6106222222222223
465041,2018,160.0,104,83.32980769230768,16.326923076923077,0.25961538461538464,0.3167480978260869,0.49516393442622947
465041,2019,132.0,38,81.96315789473684,13.421052631578947,0.18421052631578946,0.32783434285714286,0.41285714285714287
465674,2015,150.0,34,79.98529411764706,11.235294117647058,0.20588235294117646,0.21463700000000002,0.3722222222222222
465753,2015,29.0,0,,,,0.0,
465753,2017,31.0,2,66.55000000000001,11.0,0.0,0.399,0.467
465753,2018,128.0,17,79.04705882352943,25.705882352941178,0.23529411764705882,0.16873333333333335,0.5195
465784,2015,58.0,19,85.26842105263158,1.7894736842105263,0.21052631578947367,0.2524278947368421,0.324625
466320,2015,186.0,126,88.86269841269842,11.873015873015873,0.3253968253968254,0.2701748832116788,0.3423495145631068
466320,2016,192.0,178,83.7123595505618,19.06741573033708,0.20224719101123595,0.30171309352517983,0.38558771929824565
466320,2017,198.0,171,84.46023391812867,15.099415204678362,0.27485380116959063,0.35068946753246755,0.5568695652173914
466320,2018,136.0,86,89.23139534883721,10.104651162790697,0.38372093023255816,0.3343480555555555,0.4631
466320,2019,245.0,107,84.16448598130842,16.411214953271028,0.2803738317757009,0.33998205882352944,0.5405
466948,2015,33.0,0,,,,0.0,
466988,2015,120.0,12,85.53333333333335,3.5833333333333335,0.16666666666666666,0.20676061904761905,0.30883333333333335
466988,2016,31.0,5,79.0,19.2,0.2,0.353102,0.5996666666666667
466988,2017,64.0,7,81.02857142857144,32.0,0.2857142857142857,0.2345,0.4026666666666667
467008,2016,31.0,1,78.0,-30.0,0.0,0.066,0.074
467055,2015,174.0,126,83.95079365079364,9.984126984126984,0.30158730158730157,0.2346654453781513,0.33060439560439564
467055,2016,30.0,7,72.22857142857143,36.857142857142854,0.0,0.167602,0.2225
467055,2017,124.0,83,83.54698795180722,16.698795180722893,0.2289156626506024,0.2422965,0.47088372093023256
467055,2018,160.0,69,83.81159420289855,17.36764705882353,0.2463768115942029,0.31249480392156864,0.5134615384615385
467055,2019,198.0,99,82.4989898989899,22.060606060606062,0.2727272727272727,0.26215299999999997,0.455
467055,2021,140.0,32,79.38125000000001,12.71875,0.25,0.3676341618604651,0.8363076923076923
467070,2015,90.0,63,87.08571428571427,16.714285714285715,0.31746031746031744,0.32234744,0.5536730769230769
467092,2015,168.0,116,87.32155172413792,3.853448275862069,0.3620689655172414,0.32250867213114753,0.538258064516129
467092,2016,174.0,133,86.3015037593985,11.954887218045112,0.3157894736842105,0.33526545454545453,0.5795930232558141
467092,2017,90.0,47,76.94255319148937,14.297872340425531,0.23404255319148937,0.3097891578947369,0.5435862068965518
467092,2018,186.0,108,87.61203703703704,12.824074074074074,0.39814814814814814,0.3500383,0.5706086956521739
467092,2019,224.0,152,86.8842105263158,6.901315789473684,0.34868421052631576,0.3333254210526316,0.49526363636363635
467092,2021,102.0,38,86.22368421052632,11.710526315789474,0.39473684210526316,0.3784100118139924,0.8676190476190475
467100,2016,58.0,4,86.125,-9.5,0.5,0.10924999999999999,0.5375
467100,2017,120.0,9,76.23333333333333,-0.3333333333333333,0.1111111111111111,0.04711111111111112,0.10379999999999998
467100,2018,124.0,5,74.7,4.6,0.0,0.028285714285714282,0.07333333333333333
467100,2019,64.0,2,59.15,25.0,0.0,0.19899999999999998,0.709
467143,2015,108.0,15,94.64666666666668,17.933333333333334,0.6,0.25595,0.5061428571428571
467793,2015,174.0,120,88.1125,13.191666666666666,0.375,0.37768384666666666,0.5332795698924732
467793,2016,180.0,151,89.25562913907285,13.635761589403973,0.40397350993377484,0.39222604819277107,0.6894811320754718
467793,2017,186.0,147,84.96054421768709,16.142857142857142,0.30612244897959184,0.3797936,0.59281
467793,2018,224.0,166,85.75180722891567,19.433734939759034,0.3072289156626506,0.3582196078431373,0.5510747663551402
467793,2019,231.0,161,86.89006211180124,9.385093167701863,0.37888198757763975,0.3820749319727891,0.6493584905660377
467793,2021,210.0,204,84.14166666666668,21.019607843137255,0.27941176470588236,0.33919832131254063,0.4914732142857143
467793,2022,216.0,138,85.17826086956522,17.58695652173913,0.30434782608695654,0.3959445496427542,0.651723076923077
467793,2023,259.0,208,82.78557692307693,15.368421052631579,0.22115384615384615,0.31076012183585244,0.49705607476635516
467793,2024,494.0,314,83.7328025477707,17.066666666666666,0.2611464968152866,0.3101688646594043,0.4682
467798,2015,27.0,2,95.25,15.0,0.5,0.19299999999999998,0.502
467827,2015,168.0,123,87.2569105691057,11.178861788617887,0.3170731707317073,0.30085347727272727,0.4976078431372549
467827,2016,145.0,110,84.76181818181819,6.4,0.23636363636363636,0.288881375,0.4893461538461539
467827,2017,180.0,122,81.17704918032786,7.377049180327869,0.21311475409836064,0.3316657889908257,0.5055000000000001
467827,2018,217.0,129,81.66899224806201,14.294573643410853,0.18604651162790697,0.31824311320754717,0.4441358024691358
467827,2019,224.0,100,82.935,10.33,0.17,0.26359775824175824,0.4358985507246377
467827,2021,102.0,29,75.14482758620689,6.793103448275862,0.10344827586206896,0.16966383333333335,0.39025
468406,2015,186.0,23,82.35217391304347,24.130434782608695,0.2608695652173913,0.2034782608695652,0.31927777777777777
468504,2016,56.0,3,70.6,21.333333333333332,0.0,0.5519999999999999,0.6453333333333333
468504,2017,174.0,13,68.97692307692309,5.461538461538462,0.15384615384615385,0.11075,0.27685714285714286
468504,2018,150.0,15,86.76,11.666666666666666,0.26666666666666666,0.253470625,0.3240769230769231
